model	case	state	intent	guard	fallback	errors	expected_summary	expected_answer	actual_summary	actual_answer	uncertainty	raw_output
vanilla	0	contradictory	explain	true	false		For social casual game sessions, the event windows moved in mixed directions.	For social casual game sessions, 5 of 11 event windows showed one direction and 6 did not match. The usual heart-rate difference was -3 beats per minute, with a range of -8 to +2 beats per minute.	The usual difference in heart rate was -3 bpm, but the range seen was from -8 to +2 bpm.	Vueniverse compared 11 similar times, and the usual difference was -3 bpm. The range of differences seen was from -8 bpm to +2 bpm.	More similar times could change this result.	{"schema_version":2,"context_reference_id":"ctx_fd934b9b168e7e34","summary":"The usual difference in heart rate was -3 bpm, but the range seen was from -8 to +2 bpm.","paragraphs":[{"text":"Vueniverse compared 11 similar times, and the usual difference was -3 bpm.","citations":["median_difference","control_count"]},{"text":"The range of differences seen was from -8 bpm to +2 bpm.","citations":["effect_range"]}],"uncertainty":"More similar times could change this result.","unresolved_influence_ids":[],"next_observation_id":null}
vanilla	1	contradictory	what_weakens	true	false		For social casual game sessions, the event windows moved in mixed directions.	For social casual game sessions, 5 of 11 event windows showed one direction and 6 did not match. The usual heart-rate difference was -3 beats per minute, with a range of -8 to +2 beats per minute.	The usual difference in heart rate was -3 bpm, but the range seen was wide, from -8 to +2 bpm.	Vueniverse compared 11 similar times, and the usual difference was -3 bpm. The data showed a wide range of differences, from -8 bpm to +2 bpm.	More similar times could change this result.	{"schema_version":2,"context_reference_id":"ctx_fd934b9b168e7e34","summary":"The usual difference in heart rate was -3 bpm, but the range seen was wide, from -8 to +2 bpm.","paragraphs":[{"text":"Vueniverse compared 11 similar times, and the usual difference was -3 bpm.","citations":["median_difference","control_count"]},{"text":"The data showed a wide range of differences, from -8 bpm to +2 bpm.","citations":["effect_range"]}],"uncertainty":"More similar times could change this result.","unresolved_influence_ids":[],"next_observation_id":null}
vanilla	2	contradictory	what_is_missing	true	false		For social casual game sessions, the event windows moved in mixed directions.	For social casual game sessions, 5 of 11 event windows showed one direction and 6 did not match. The usual heart-rate difference was -3 beats per minute, with a range of -8 to +2 beats per minute.	The usual difference in heart rate was -3 bpm, but the range seen was -8 to +2 bpm.	Vueniverse compared 11 similar times, and the usual difference was -3 bpm. The range of differences seen was from -8 bpm to +2 bpm.	More similar times could change this result.	{"schema_version":2,"context_reference_id":"ctx_fd934b9b168e7e34","summary":"The usual difference in heart rate was -3 bpm, but the range seen was -8 to +2 bpm.","paragraphs":[{"text":"Vueniverse compared 11 similar times, and the usual difference was -3 bpm.","citations":["median_difference","control_count"]},{"text":"The range of differences seen was from -8 bpm to +2 bpm.","citations":["effect_range"]}],"uncertainty":"More similar times could change this result.","unresolved_influence_ids":[],"next_observation_id":null}
vanilla	3	contradictory	what_disagrees	true	false		For social casual game sessions, the event windows moved in mixed directions.	For social casual game sessions, 5 of 11 event windows showed one direction and 6 did not match. The usual heart-rate difference was -3 beats per minute, with a range of -8 to +2 beats per minute.	The usual heart-rate difference was -3 bpm, but the range seen in the data was -8 to +2 bpm.	Vueniverse compared 11 similar times, and the usual difference was -3 bpm. The range of differences seen was from -8 bpm to +2 bpm.	More similar times could change this result.	{"schema_version":2,"context_reference_id":"ctx_fd934b9b168e7e34","summary":"The usual heart-rate difference was -3 bpm, but the range seen in the data was -8 to +2 bpm.","paragraphs":[{"text":"Vueniverse compared 11 similar times, and the usual difference was -3 bpm.","citations":["median_difference","included_count"]},{"text":"The range of differences seen was from -8 bpm to +2 bpm.","citations":["effect_range"]}],"uncertainty":"More similar times could change this result.","unresolved_influence_ids":[],"next_observation_id":null}
vanilla	4	contradictory	observe_next	true	false		For social casual game sessions, the event windows moved in mixed directions.	For social casual game sessions, 5 of 11 event windows showed one direction and 6 did not match. The usual heart-rate difference was -3 beats per minute, with a range of -8 to +2 beats per minute.	The usual difference in heart rate was -3 bpm, but the range seen was -8 to +2 bpm.	Vueniverse compared 11 similar times, and the usual difference was -3 bpm. The range of differences seen was from -8 bpm to +2 bpm.	More similar times could change this result.	{"schema_version":2,"context_reference_id":"ctx_fd934b9b168e7e34","summary":"The usual difference in heart rate was -3 bpm, but the range seen was -8 to +2 bpm.","paragraphs":[{"text":"Vueniverse compared 11 similar times, and the usual difference was -3 bpm.","citations":["median_difference","control_count"]},{"text":"The range of differences seen was from -8 bpm to +2 bpm.","citations":["effect_range"]}],"uncertainty":"More similar times could change this result.","unresolved_influence_ids":[],"next_observation_id":null}
vanilla	5	contradictory	promotion_gate	true	false		For social casual game sessions, the event windows moved in mixed directions.	For social casual game sessions, 5 of 11 event windows showed one direction and 6 did not match. The usual heart-rate difference was -3 beats per minute, with a range of -8 to +2 beats per minute.	The usual heart-rate difference was -3 bpm, but the range seen in the data was -8 to +2 bpm.	Vueniverse compared 11 similar times, and the usual difference was -3 bpm. The data showed a range of differences from -8 bpm to +2 bpm.	More similar times could change this result.	{"schema_version":2,"context_reference_id":"ctx_fd934b9b168e7e34","summary":"The usual heart-rate difference was -3 bpm, but the range seen in the data was -8 to +2 bpm.","paragraphs":[{"text":"Vueniverse compared 11 similar times, and the usual difference was -3 bpm.","citations":["median_difference","control_count"]},{"text":"The data showed a range of differences from -8 bpm to +2 bpm.","citations":["effect_range"]}],"uncertainty":"More similar times could change this result.","unresolved_influence_ids":[],"next_observation_id":null}
vanilla	6	contradictory	explain	false	true	paragraph_0_unsupported_numbers:['3']	For evening alcohol intake entries, the event windows moved in mixed directions.	For evening alcohol intake entries, 3 of 6 event windows showed one direction and 3 did not match. The usual heart-rate difference was +1 beats per minute, with a range of -2 to +4 beats per minute.	Across 3 similar nights, the usual difference was +1 beat per minute, so there was no clear repeated pattern.	Vueniverse could fairly compare 3 nights, and the heart-rate difference stayed small.	More similar nights could change this result.	{"schema_version":2,"context_reference_id":"ctx_14753d11ee91016e","summary":"Across 3 similar nights, the usual difference was +1 beat per minute, so there was no clear repeated pattern.","paragraphs":[{"text":"Vueniverse could fairly compare 3 nights, and the heart-rate difference stayed small.","citations":["included_count","median_difference"]}],"uncertainty":"More similar nights could change this result.","unresolved_influence_ids":[],"next_observation_id":null}
vanilla	7	contradictory	what_weakens	true	false		For evening alcohol intake entries, the event windows moved in mixed directions.	For evening alcohol intake entries, 3 of 6 event windows showed one direction and 3 did not match. The usual heart-rate difference was +1 beats per minute, with a range of -2 to +4 beats per minute.	The usual difference in heart rate was +1 bpm, but the range seen was -2 to +4 bpm.	Vueniverse compared 6 similar nights, and the heart-rate difference stayed small.	More similar nights could change this result.	{"schema_version":2,"context_reference_id":"ctx_14753d11ee91016e","summary":"The usual difference in heart rate was +1 bpm, but the range seen was -2 to +4 bpm.","paragraphs":[{"text":"Vueniverse compared 6 similar nights, and the heart-rate difference stayed small.","citations":["included_count","median_difference"]}],"uncertainty":"More similar nights could change this result.","unresolved_influence_ids":[],"next_observation_id":null}
vanilla	8	contradictory	what_is_missing	false	true	paragraph_0_unsupported_numbers:['3']	For evening alcohol intake entries, the event windows moved in mixed directions.	For evening alcohol intake entries, 3 of 6 event windows showed one direction and 3 did not match. The usual heart-rate difference was +1 beats per minute, with a range of -2 to +4 beats per minute.	Across 3 similar nights, the usual difference was +1 beat per minute, so there was no clear repeated pattern.	Vueniverse could fairly compare 3 nights, and the heart-rate difference stayed small.	More similar nights could change this result.	{"schema_version":2,"context_reference_id":"ctx_14753d11ee91016e","summary":"Across 3 similar nights, the usual difference was +1 beat per minute, so there was no clear repeated pattern.","paragraphs":[{"text":"Vueniverse could fairly compare 3 nights, and the heart-rate difference stayed small.","citations":["included_count","median_difference"]}],"uncertainty":"More similar nights could change this result.","unresolved_influence_ids":[],"next_observation_id":null}
vanilla	9	contradictory	what_disagrees	true	false		For evening alcohol intake entries, the event windows moved in mixed directions.	For evening alcohol intake entries, 3 of 6 event windows showed one direction and 3 did not match. The usual heart-rate difference was +1 beats per minute, with a range of -2 to +4 beats per minute.	The usual difference in heart rate was +1 bpm, but the data shows a range of -2 to +4 bpm.	Vueniverse compared 6 similar evening times. The usual difference was +1 bpm. The data shows the difference could be as low as -2 bpm or as high as +4 bpm.	More similar times could change this result.	{"schema_version":2,"context_reference_id":"ctx_14753d11ee91016e","summary":"The usual difference in heart rate was +1 bpm, but the data shows a range of -2 to +4 bpm.","paragraphs":[{"text":"Vueniverse compared 6 similar evening times. The usual difference was +1 bpm.","citations":["median_difference","included_count"]},{"text":"The data shows the difference could be as low as -2 bpm or as high as +4 bpm.","citations":["effect_range"]}],"uncertainty":"More similar times could change this result.","unresolved_influence_ids":[],"next_observation_id":null}
vanilla	10	contradictory	observe_next	false	true	paragraph_0_unsupported_numbers:['3']	For evening alcohol intake entries, the event windows moved in mixed directions.	For evening alcohol intake entries, 3 of 6 event windows showed one direction and 3 did not match. The usual heart-rate difference was +1 beats per minute, with a range of -2 to +4 beats per minute.	Across 3 similar nights, the usual difference was +1 beat per minute, so there was no clear repeated pattern.	Vueniverse could fairly compare 3 nights, and the heart-rate difference stayed small.	More similar nights could change this result.	{"schema_version":2,"context_reference_id":"ctx_14753d11ee91016e","summary":"Across 3 similar nights, the usual difference was +1 beat per minute, so there was no clear repeated pattern.","paragraphs":[{"text":"Vueniverse could fairly compare 3 nights, and the heart-rate difference stayed small.","citations":["included_count","median_difference"]}],"uncertainty":"More similar nights could change this result.","unresolved_influence_ids":[],"next_observation_id":null}
vanilla	11	contradictory	promotion_gate	true	false		For evening alcohol intake entries, the event windows moved in mixed directions.	For evening alcohol intake entries, 3 of 6 event windows showed one direction and 3 did not match. The usual heart-rate difference was +1 beats per minute, with a range of -2 to +4 beats per minute.	Across 6 similar nights, the usual difference was +1 beat per minute, so there was no clear repeated pattern.	Vueniverse could fairly compare 6 nights, and the heart-rate difference stayed small.	More similar nights could change this result.	{"schema_version":2,"context_reference_id":"ctx_14753d11ee91016e","summary":"Across 6 similar nights, the usual difference was +1 beat per minute, so there was no clear repeated pattern.","paragraphs":[{"text":"Vueniverse could fairly compare 6 nights, and the heart-rate difference stayed small.","citations":["included_count","median_difference"]}],"uncertainty":"More similar nights could change this result.","unresolved_influence_ids":[],"next_observation_id":null}
vanilla	12	contradictory	explain	true	false		For journal entries tagged restful and low stress, the event windows moved in mixed directions.	For journal entries tagged restful and low stress, 4 of 9 event windows showed one direction and 5 did not match. The usual heart-rate difference was -2 beats per minute, with a range of -4 to +0 beats per minute.	The usual difference in heart rate was -2 bpm, but the range seen was from -4 to +0 bpm.	Vueniverse compared 9 similar nights, and the usual difference was -2 bpm. The range of differences seen was from -4 bpm to +0 bpm.	More similar nights could change this result.	{"schema_version":2,"context_reference_id":"ctx_ad08cd6d6d5cda1b","summary":"The usual difference in heart rate was -2 bpm, but the range seen was from -4 to +0 bpm.","paragraphs":[{"text":"Vueniverse compared 9 similar nights, and the usual difference was -2 bpm.","citations":["median_difference","included_count"]},{"text":"The range of differences seen was from -4 bpm to +0 bpm.","citations":["effect_range"]}],"uncertainty":"More similar nights could change this result.","unresolved_influence_ids":[],"next_observation_id":null}
vanilla	13	contradictory	what_weakens	true	false		For journal entries tagged restful and low stress, the event windows moved in mixed directions.	For journal entries tagged restful and low stress, 4 of 9 event windows showed one direction and 5 did not match. The usual heart-rate difference was -2 beats per minute, with a range of -4 to +0 beats per minute.	Across 9 similar nights, the usual difference was -2 bpm, so there was no clear repeated pattern.	Vueniverse could fairly compare 9 nights, and the heart-rate difference stayed small.	More similar nights could change this result.	{"schema_version":2,"context_reference_id":"ctx_ad08cd6d6d5cda1b","summary":"Across 9 similar nights, the usual difference was -2 bpm, so there was no clear repeated pattern.","paragraphs":[{"text":"Vueniverse could fairly compare 9 nights, and the heart-rate difference stayed small.","citations":["included_count","median_difference"]}],"uncertainty":"More similar nights could change this result.","unresolved_influence_ids":[],"next_observation_id":null}
vanilla	14	contradictory	what_is_missing	true	false		For journal entries tagged restful and low stress, the event windows moved in mixed directions.	For journal entries tagged restful and low stress, 4 of 9 event windows showed one direction and 5 did not match. The usual heart-rate difference was -2 beats per minute, with a range of -4 to +0 beats per minute.	The usual difference in heart rate was -2 bpm, but the range seen was -4 to +0 bpm.	Vueniverse compared 9 similar nights, and the usual difference was -2 bpm. The range of differences seen was from -4 bpm to +0 bpm.	More similar nights could change this result.	{"schema_version":2,"context_reference_id":"ctx_ad08cd6d6d5cda1b","summary":"The usual difference in heart rate was -2 bpm, but the range seen was -4 to +0 bpm.","paragraphs":[{"text":"Vueniverse compared 9 similar nights, and the usual difference was -2 bpm.","citations":["median_difference","included_count"]},{"text":"The range of differences seen was from -4 bpm to +0 bpm.","citations":["effect_range","included_count"]}],"uncertainty":"More similar nights could change this result.","unresolved_influence_ids":[],"next_observation_id":null}
vanilla	15	contradictory	what_disagrees	true	false		For journal entries tagged restful and low stress, the event windows moved in mixed directions.	For journal entries tagged restful and low stress, 4 of 9 event windows showed one direction and 5 did not match. The usual heart-rate difference was -2 beats per minute, with a range of -4 to +0 beats per minute.	The usual difference in heart rate was -2 bpm, but the range seen was from -4 to +0 bpm.	Vueniverse compared 9 similar times, and the usual difference was -2 bpm. The range of differences seen was from -4 bpm to +0 bpm.	More similar times could change this result.	{"schema_version":2,"context_reference_id":"ctx_ad08cd6d6d5cda1b","summary":"The usual difference in heart rate was -2 bpm, but the range seen was from -4 to +0 bpm.","paragraphs":[{"text":"Vueniverse compared 9 similar times, and the usual difference was -2 bpm.","citations":["median_difference","included_count"]},{"text":"The range of differences seen was from -4 bpm to +0 bpm.","citations":["effect_range","included_count"]}],"uncertainty":"More similar times could change this result.","unresolved_influence_ids":["caffeine_timing","recent_exercise","unusual_stress"],"next_observation_id":null}
vanilla	16	contradictory	observe_next	false	true	invalid_schema:1	For journal entries tagged restful and low stress, the event windows moved in mixed directions.	For journal entries tagged restful and low stress, 4 of 9 event windows showed one direction and 5 did not match. The usual heart-rate difference was -2 beats per minute, with a range of -4 to +0 beats per minute.	[unparseable]	[unparseable]	[unparseable]	{"schema_version":2,"context_reference_id":"ctx_ad08cd6d6d5cda1b","summary":"The usual difference in heart rate was -2 bpm, but the range seen was from -4 to +0 bpm.","paragraphs":[{"text":"Vueniverse compared 9 similar nights, and the usual difference was -2 bpm.","citations":["median_difference","included_count"]},{"text":"The range of differences seen was from -4 bpm to +0 bpm.","citations":["effect_range","included_count"]},{"text":"The data shows a consistent pattern, but it's not the only pattern seen.","citations":["consistent_count","counter_count"]}],"uncertainty":"More similar nights could change this result.","unresolved_influence_ids":[],"next_observation_id":null}
vanilla	17	contradictory	promotion_gate	true	false		For journal entries tagged restful and low stress, the event windows moved in mixed directions.	For journal entries tagged restful and low stress, 4 of 9 event windows showed one direction and 5 did not match. The usual heart-rate difference was -2 beats per minute, with a range of -4 to +0 beats per minute.	Across 9 similar nights, the usual difference was -2 bpm, so there was no clear repeated pattern.	Vueniverse could fairly compare 9 nights, and the heart-rate difference stayed small.	More similar nights could change this result.	{"schema_version":2,"context_reference_id":"ctx_ad08cd6d6d5cda1b","summary":"Across 9 similar nights, the usual difference was -2 bpm, so there was no clear repeated pattern.","paragraphs":[{"text":"Vueniverse could fairly compare 9 nights, and the heart-rate difference stayed small.","citations":["included_count","median_difference"]}],"uncertainty":"More similar nights could change this result.","unresolved_influence_ids":[],"next_observation_id":null}
vanilla	18	contradictory	explain	true	false		For short daytime calls with close contact, the event windows moved in mixed directions.	For short daytime calls with close contact, 4 of 8 event windows showed one direction and 4 did not match. The usual heart-rate difference was +3 beats per minute, with a range of +1 to +5 beats per minute.	The usual difference in heart rate was +3 bpm, but the range seen was +1 to +5 bpm.	Vueniverse compared 8 similar daytime calls. The usual difference was +3 bpm, but the range seen was +1 to +5 bpm.	More similar calls could change this result.	{"schema_version":2,"context_reference_id":"ctx_b4198c8ab8a2052f","summary":"The usual difference in heart rate was +3 bpm, but the range seen was +1 to +5 bpm.","paragraphs":[{"text":"Vueniverse compared 8 similar daytime calls. The usual difference was +3 bpm, but the range seen was +1 to +5 bpm.","citations":["median_difference","effect_range","included_count"]}],"uncertainty":"More similar calls could change this result.","unresolved_influence_ids":[],"next_observation_id":null}
vanilla	19	contradictory	what_weakens	true	false		For short daytime calls with close contact, the event windows moved in mixed directions.	For short daytime calls with close contact, 4 of 8 event windows showed one direction and 4 did not match. The usual heart-rate difference was +3 beats per minute, with a range of +1 to +5 beats per minute.	The usual difference in heart rate was +3 bpm, but the range seen was +1 to +5 bpm.	Vueniverse compared 8 similar daytime calls. The usual difference was +3 bpm, but the range seen was +1 to +5 bpm.	More similar calls could change this result.	{"schema_version":2,"context_reference_id":"ctx_b4198c8ab8a2052f","summary":"The usual difference in heart rate was +3 bpm, but the range seen was +1 to +5 bpm.","paragraphs":[{"text":"Vueniverse compared 8 similar daytime calls. The usual difference was +3 bpm, but the range seen was +1 to +5 bpm.","citations":["median_difference","effect_range","included_count"]}],"uncertainty":"More similar calls could change this result.","unresolved_influence_ids":[],"next_observation_id":null}
vanilla	20	contradictory	what_is_missing	true	false		For short daytime calls with close contact, the event windows moved in mixed directions.	For short daytime calls with close contact, 4 of 8 event windows showed one direction and 4 did not match. The usual heart-rate difference was +3 beats per minute, with a range of +1 to +5 beats per minute.	The usual difference in heart rate was +3 bpm, but the range seen was +1 to +5 bpm.	Vueniverse compared 8 similar daytime calls. The usual difference was +3 bpm. The range of differences seen was from +1 bpm to +5 bpm.	More similar calls could change this result.	{"schema_version":2,"context_reference_id":"ctx_b4198c8ab8a2052f","summary":"The usual difference in heart rate was +3 bpm, but the range seen was +1 to +5 bpm.","paragraphs":[{"text":"Vueniverse compared 8 similar daytime calls. The usual difference was +3 bpm.","citations":["median_difference","control_count"]},{"text":"The range of differences seen was from +1 bpm to +5 bpm.","citations":["effect_range"]}],"uncertainty":"More similar calls could change this result.","unresolved_influence_ids":[],"next_observation_id":null}
vanilla	21	contradictory	what_disagrees	true	false		For short daytime calls with close contact, the event windows moved in mixed directions.	For short daytime calls with close contact, 4 of 8 event windows showed one direction and 4 did not match. The usual heart-rate difference was +3 beats per minute, with a range of +1 to +5 beats per minute.	The usual heart-rate difference was +3 bpm, but the range seen in the data was +1 to +5 bpm.	Vueniverse compared 8 similar daytime calls. The usual difference was +3 bpm, but the range seen in the data was +1 to +5 bpm.	More similar calls could change this result.	{"schema_version":2,"context_reference_id":"ctx_b4198c8ab8a2052f","summary":"The usual heart-rate difference was +3 bpm, but the range seen in the data was +1 to +5 bpm.","paragraphs":[{"text":"Vueniverse compared 8 similar daytime calls. The usual difference was +3 bpm, but the range seen in the data was +1 to +5 bpm.","citations":["median_difference","effect_range","included_count"]}],"uncertainty":"More similar calls could change this result.","unresolved_influence_ids":["caffeine_timing","recent_exercise","unusual_stress"],"next_observation_id":null}
vanilla	22	contradictory	observe_next	true	false		For short daytime calls with close contact, the event windows moved in mixed directions.	For short daytime calls with close contact, 4 of 8 event windows showed one direction and 4 did not match. The usual heart-rate difference was +3 beats per minute, with a range of +1 to +5 beats per minute.	The usual difference in heart rate was +3 bpm, but the range seen was +1 to +5 bpm.	Vueniverse compared 8 similar daytime calls. The usual difference was +3 bpm, but the range seen was +1 to +5 bpm.	More similar calls could change this result.	{"schema_version":2,"context_reference_id":"ctx_b4198c8ab8a2052f","summary":"The usual difference in heart rate was +3 bpm, but the range seen was +1 to +5 bpm.","paragraphs":[{"text":"Vueniverse compared 8 similar daytime calls. The usual difference was +3 bpm, but the range seen was +1 to +5 bpm.","citations":["median_difference","effect_range","included_count"]}],"uncertainty":"More similar calls could change this result.","unresolved_influence_ids":[],"next_observation_id":null}
vanilla	23	contradictory	promotion_gate	true	false		For short daytime calls with close contact, the event windows moved in mixed directions.	For short daytime calls with close contact, 4 of 8 event windows showed one direction and 4 did not match. The usual heart-rate difference was +3 beats per minute, with a range of +1 to +5 beats per minute.	The usual difference in heart rate was +3 bpm, but the range seen was +1 to +5 bpm.	Vueniverse compared 8 similar daytime calls. The usual difference was +3 bpm, but the range seen was +1 to +5 bpm.	More similar calls could change this result.	{"schema_version":2,"context_reference_id":"ctx_b4198c8ab8a2052f","summary":"The usual difference in heart rate was +3 bpm, but the range seen was +1 to +5 bpm.","paragraphs":[{"text":"Vueniverse compared 8 similar daytime calls. The usual difference was +3 bpm, but the range seen was +1 to +5 bpm.","citations":["median_difference","effect_range","included_count"]}],"uncertainty":"More similar calls could change this result.","unresolved_influence_ids":[],"next_observation_id":null}
vanilla	24	contradictory	explain	true	false		For recurring personal meetings, the event windows moved in mixed directions.	For recurring personal meetings, 3 of 6 event windows showed one direction and 3 did not match. The usual heart-rate difference was -2 beats per minute, with a range of -5 to +1 beats per minute.	The usual heart-rate difference was -2 bpm, but the range seen in the data was -5 to +1 bpm.	Vueniverse compared 6 similar nights. The usual difference was -2 bpm. The range seen in the data was from -5 bpm to +1 bpm.	More similar nights could change this result.	{"schema_version":2,"context_reference_id":"ctx_dac0c34958dce8e7","summary":"The usual heart-rate difference was -2 bpm, but the range seen in the data was -5 to +1 bpm.","paragraphs":[{"text":"Vueniverse compared 6 similar nights. The usual difference was -2 bpm.","citations":["median_difference","included_count"]},{"text":"The range seen in the data was from -5 bpm to +1 bpm.","citations":["effect_range"]}],"uncertainty":"More similar nights could change this result.","unresolved_influence_ids":[],"next_observation_id":null}
vanilla	25	contradictory	what_weakens	true	false		For recurring personal meetings, the event windows moved in mixed directions.	For recurring personal meetings, 3 of 6 event windows showed one direction and 3 did not match. The usual heart-rate difference was -2 beats per minute, with a range of -5 to +1 beats per minute.	The usual difference in heart rate was -2 bpm, but the range seen was -5 to +1 bpm.	Vueniverse compared 6 similar nights, and the usual difference was -2 bpm. The range of differences seen was from -5 bpm to +1 bpm.	More similar nights could change this result.	{"schema_version":2,"context_reference_id":"ctx_dac0c34958dce8e7","summary":"The usual difference in heart rate was -2 bpm, but the range seen was -5 to +1 bpm.","paragraphs":[{"text":"Vueniverse compared 6 similar nights, and the usual difference was -2 bpm.","citations":["median_difference","control_count"]},{"text":"The range of differences seen was from -5 bpm to +1 bpm.","citations":["effect_range"]}],"uncertainty":"More similar nights could change this result.","unresolved_influence_ids":[],"next_observation_id":null}
vanilla	26	contradictory	what_is_missing	true	false		For recurring personal meetings, the event windows moved in mixed directions.	For recurring personal meetings, 3 of 6 event windows showed one direction and 3 did not match. The usual heart-rate difference was -2 beats per minute, with a range of -5 to +1 beats per minute.	The usual heart-rate difference was -2 bpm, but the range seen was -5 to +1 bpm.	Vueniverse compared 6 similar times. The usual difference was -2 bpm. The range seen was -5 to +1 bpm.	More similar times could change this result.	{"schema_version":2,"context_reference_id":"ctx_dac0c34958dce8e7","summary":"The usual heart-rate difference was -2 bpm, but the range seen was -5 to +1 bpm.","paragraphs":[{"text":"Vueniverse compared 6 similar times. The usual difference was -2 bpm. The range seen was -5 to +1 bpm.","citations":["median_difference","effect_range","included_count"]}],"uncertainty":"More similar times could change this result.","unresolved_influence_ids":[],"next_observation_id":null}
vanilla	27	contradictory	what_disagrees	true	false		For recurring personal meetings, the event windows moved in mixed directions.	For recurring personal meetings, 3 of 6 event windows showed one direction and 3 did not match. The usual heart-rate difference was -2 beats per minute, with a range of -5 to +1 beats per minute.	The usual difference in heart rate was -2 bpm, but the range seen was -5 to +1 bpm.	Vueniverse compared 6 similar times. The usual difference was -2 bpm. The range seen was -5 to +1 bpm.	More similar times could change this result.	{"schema_version":2,"context_reference_id":"ctx_dac0c34958dce8e7","summary":"The usual difference in heart rate was -2 bpm, but the range seen was -5 to +1 bpm.","paragraphs":[{"text":"Vueniverse compared 6 similar times. The usual difference was -2 bpm. The range seen was -5 to +1 bpm.","citations":["included_count","median_difference","effect_range"]}],"uncertainty":"More similar times could change this result.","unresolved_influence_ids":[],"next_observation_id":null}
vanilla	28	contradictory	observe_next	true	false		For recurring personal meetings, the event windows moved in mixed directions.	For recurring personal meetings, 3 of 6 event windows showed one direction and 3 did not match. The usual heart-rate difference was -2 beats per minute, with a range of -5 to +1 beats per minute.	The usual difference in heart rate was -2 bpm, but the range seen was -5 to +1 bpm.	Vueniverse compared 6 similar nights, and the usual difference was -2 bpm. The range of differences seen was from -5 bpm to +1 bpm.	More similar nights could change this result.	{"schema_version":2,"context_reference_id":"ctx_dac0c34958dce8e7","summary":"The usual difference in heart rate was -2 bpm, but the range seen was -5 to +1 bpm.","paragraphs":[{"text":"Vueniverse compared 6 similar nights, and the usual difference was -2 bpm.","citations":["median_difference","control_count"]},{"text":"The range of differences seen was from -5 bpm to +1 bpm.","citations":["effect_range"]}],"uncertainty":"More similar nights could change this result.","unresolved_influence_ids":[],"next_observation_id":null}
vanilla	29	contradictory	promotion_gate	true	false		For recurring personal meetings, the event windows moved in mixed directions.	For recurring personal meetings, 3 of 6 event windows showed one direction and 3 did not match. The usual heart-rate difference was -2 beats per minute, with a range of -5 to +1 beats per minute.	The heart-rate difference was usually around -2 bpm, but it could range from -5 to +1 bpm.	Vueniverse compared 6 similar nights, and the usual difference was -2 bpm. The range seen in the data was from -5 bpm to +1 bpm.	More similar nights could change this result.	{"schema_version":2,"context_reference_id":"ctx_dac0c34958dce8e7","summary":"The heart-rate difference was usually around -2 bpm, but it could range from -5 to +1 bpm.","paragraphs":[{"text":"Vueniverse compared 6 similar nights, and the usual difference was -2 bpm.","citations":["median_difference","included_count"]},{"text":"The range seen in the data was from -5 bpm to +1 bpm.","citations":["effect_range"]}],"uncertainty":"More similar nights could change this result.","unresolved_influence_ids":[],"next_observation_id":null}
vanilla	30	contradictory	explain	true	false		For long video screen sessions, the event windows moved in mixed directions.	For long video screen sessions, 4 of 8 event windows showed one direction and 4 did not match. The usual heart-rate difference was -3 beats per minute, with a range of -5 to -1 beats per minute.	The heart-rate difference usually stays small, around -3 bpm, but it can range from -5 to -1 bpm.	Vueniverse compared 8 similar times. The usual difference was -3 bpm. The range seen in the data was from -5 bpm to -1 bpm.	More similar times could change this result.	{"schema_version":2,"context_reference_id":"ctx_988f97c892c07e25","summary":"The heart-rate difference usually stays small, around -3 bpm, but it can range from -5 to -1 bpm.","paragraphs":[{"text":"Vueniverse compared 8 similar times. The usual difference was -3 bpm. The range seen in the data was from -5 bpm to -1 bpm.","citations":["included_count","median_difference","effect_range"]}],"uncertainty":"More similar times could change this result.","unresolved_influence_ids":[],"next_observation_id":null}
vanilla	31	contradictory	what_weakens	true	false		For long video screen sessions, the event windows moved in mixed directions.	For long video screen sessions, 4 of 8 event windows showed one direction and 4 did not match. The usual heart-rate difference was -3 beats per minute, with a range of -5 to -1 beats per minute.	The usual difference in heart rate was -3 bpm, but the range seen was -5 to -1 bpm.	Vueniverse compared 8 similar times. The usual difference was -3 bpm, but the range seen was -5 to -1 bpm.	More similar times could change this result.	{"schema_version":2,"context_reference_id":"ctx_988f97c892c07e25","summary":"The usual difference in heart rate was -3 bpm, but the range seen was -5 to -1 bpm.","paragraphs":[{"text":"Vueniverse compared 8 similar times. The usual difference was -3 bpm, but the range seen was -5 to -1 bpm.","citations":["median_difference","effect_range","included_count"]}],"uncertainty":"More similar times could change this result.","unresolved_influence_ids":[],"next_observation_id":null}
vanilla	32	contradictory	what_is_missing	true	false		For long video screen sessions, the event windows moved in mixed directions.	For long video screen sessions, 4 of 8 event windows showed one direction and 4 did not match. The usual heart-rate difference was -3 beats per minute, with a range of -5 to -1 beats per minute.	Across 8 similar nights, the usual difference was -3 bpm, so there was no clear repeated pattern.	Vueniverse could fairly compare 8 nights, and the heart-rate difference stayed small.	More similar nights could change this result.	{"schema_version":2,"context_reference_id":"ctx_988f97c892c07e25","summary":"Across 8 similar nights, the usual difference was -3 bpm, so there was no clear repeated pattern.","paragraphs":[{"text":"Vueniverse could fairly compare 8 nights, and the heart-rate difference stayed small.","citations":["included_count","median_difference"]}],"uncertainty":"More similar nights could change this result.","unresolved_influence_ids":[],"next_observation_id":null}
vanilla	33	contradictory	what_disagrees	true	false		For long video screen sessions, the event windows moved in mixed directions.	For long video screen sessions, 4 of 8 event windows showed one direction and 4 did not match. The usual heart-rate difference was -3 beats per minute, with a range of -5 to -1 beats per minute.	The usual difference in heart rate was -3 bpm, but the range seen was -5 to -1 bpm.	Vueniverse compared 8 similar times, and the usual difference was -3 bpm. The range seen in the data was from -5 bpm to -1 bpm.	More similar times could change this result.	{"schema_version":2,"context_reference_id":"ctx_988f97c892c07e25","summary":"The usual difference in heart rate was -3 bpm, but the range seen was -5 to -1 bpm.","paragraphs":[{"text":"Vueniverse compared 8 similar times, and the usual difference was -3 bpm.","citations":["median_difference","included_count"]},{"text":"The range seen in the data was from -5 bpm to -1 bpm.","citations":["effect_range"]}],"uncertainty":"More similar times could change this result.","unresolved_influence_ids":[],"next_observation_id":null}
vanilla	34	contradictory	observe_next	false	true	paragraph_0_unsupported_numbers:['8']	For long video screen sessions, the event windows moved in mixed directions.	For long video screen sessions, 4 of 8 event windows showed one direction and 4 did not match. The usual heart-rate difference was -3 beats per minute, with a range of -5 to -1 beats per minute.	The usual difference in heart rate was -3 bpm, but the range seen was -5 to -1 bpm.	Vueniverse compared 8 similar times. The usual difference was -3 bpm, but the range seen was -5 to -1 bpm. The usual difference was -3 bpm, but the range seen was -5 to -1 bpm.	More similar times could change this result.	{"schema_version":2,"context_reference_id":"ctx_988f97c892c07e25","summary":"The usual difference in heart rate was -3 bpm, but the range seen was -5 to -1 bpm.","paragraphs":[{"text":"Vueniverse compared 8 similar times. The usual difference was -3 bpm, but the range seen was -5 to -1 bpm.","citations":["median_difference","effect_range"]},{"text":"The usual difference was -3 bpm, but the range seen was -5 to -1 bpm.","citations":["median_difference","effect_range"]}],"uncertainty":"More similar times could change this result.","unresolved_influence_ids":[],"next_observation_id":null}
vanilla	35	contradictory	promotion_gate	true	false		For long video screen sessions, the event windows moved in mixed directions.	For long video screen sessions, 4 of 8 event windows showed one direction and 4 did not match. The usual heart-rate difference was -3 beats per minute, with a range of -5 to -1 beats per minute.	The usual difference in heart rate was -3 bpm, but the range seen was -5 to -1 bpm.	Vueniverse compared 8 similar times, and the usual difference was -3 bpm. The range seen in the data was from -5 bpm to -1 bpm.	More similar times could change this result.	{"schema_version":2,"context_reference_id":"ctx_988f97c892c07e25","summary":"The usual difference in heart rate was -3 bpm, but the range seen was -5 to -1 bpm.","paragraphs":[{"text":"Vueniverse compared 8 similar times, and the usual difference was -3 bpm.","citations":["median_difference","included_count"]},{"text":"The range seen in the data was from -5 bpm to -1 bpm.","citations":["effect_range"]}],"uncertainty":"More similar times could change this result.","unresolved_influence_ids":[],"next_observation_id":null}
vanilla	36	contradictory	explain	true	false		For instrumental focus music sessions, the event windows moved in mixed directions.	For instrumental focus music sessions, 2 of 5 event windows showed one direction and 3 did not match. The usual heart-rate difference was +3 beats per minute, with a range of -3 to +9 beats per minute.	The heart-rate difference was usually +3 bpm, but the range was wide, from -3 to +9 bpm.	Vueniverse compared 5 similar times. The usual difference was +3 bpm. The difference could be as low as -3 bpm or as high as +9 bpm.	More similar times could change this result.	{"schema_version":2,"context_reference_id":"ctx_9177dc87c7da823a","summary":"The heart-rate difference was usually +3 bpm, but the range was wide, from -3 to +9 bpm.","paragraphs":[{"text":"Vueniverse compared 5 similar times. The usual difference was +3 bpm.","citations":["median_difference","included_count"]},{"text":"The difference could be as low as -3 bpm or as high as +9 bpm.","citations":["effect_range"]}],"uncertainty":"More similar times could change this result.","unresolved_influence_ids":["caffeine_timing","recent_exercise","unusual_stress"],"next_observation_id":null}
vanilla	37	contradictory	what_weakens	true	false		For instrumental focus music sessions, the event windows moved in mixed directions.	For instrumental focus music sessions, 2 of 5 event windows showed one direction and 3 did not match. The usual heart-rate difference was +3 beats per minute, with a range of -3 to +9 beats per minute.	The usual difference in heart rate was +3 bpm, but the range seen was -3 to +9 bpm.	Vueniverse compared 5 similar nights. The usual difference was +3 bpm. The range seen in the data was from -3 bpm to +9 bpm.	More similar nights could change this result.	{"schema_version":2,"context_reference_id":"ctx_9177dc87c7da823a","summary":"The usual difference in heart rate was +3 bpm, but the range seen was -3 to +9 bpm.","paragraphs":[{"text":"Vueniverse compared 5 similar nights. The usual difference was +3 bpm.","citations":["median_difference","included_count"]},{"text":"The range seen in the data was from -3 bpm to +9 bpm.","citations":["effect_range"]}],"uncertainty":"More similar nights could change this result.","unresolved_influence_ids":[],"next_observation_id":null}
vanilla	38	contradictory	what_is_missing	true	false		For instrumental focus music sessions, the event windows moved in mixed directions.	For instrumental focus music sessions, 2 of 5 event windows showed one direction and 3 did not match. The usual heart-rate difference was +3 beats per minute, with a range of -3 to +9 beats per minute.	The usual difference in heart rate was +3 bpm, but the range seen was -3 to +9 bpm.	Vueniverse compared 5 similar music sessions. The usual difference was +3 bpm, but the range seen was -3 to +9 bpm.	More similar sessions could change this result.	{"schema_version":2,"context_reference_id":"ctx_9177dc87c7da823a","summary":"The usual difference in heart rate was +3 bpm, but the range seen was -3 to +9 bpm.","paragraphs":[{"text":"Vueniverse compared 5 similar music sessions. The usual difference was +3 bpm, but the range seen was -3 to +9 bpm.","citations":["included_count","median_difference","effect_range"]}],"uncertainty":"More similar sessions could change this result.","unresolved_influence_ids":[],"next_observation_id":null}
vanilla	39	contradictory	what_disagrees	true	false		For instrumental focus music sessions, the event windows moved in mixed directions.	For instrumental focus music sessions, 2 of 5 event windows showed one direction and 3 did not match. The usual heart-rate difference was +3 beats per minute, with a range of -3 to +9 beats per minute.	The usual difference in heart rate was +3 bpm, but the range seen was -3 to +9 bpm.	Vueniverse compared 5 similar times. The usual difference was +3 bpm. The range seen in the data was from -3 bpm to +9 bpm.	More similar times could change this result.	{"schema_version":2,"context_reference_id":"ctx_9177dc87c7da823a","summary":"The usual difference in heart rate was +3 bpm, but the range seen was -3 to +9 bpm.","paragraphs":[{"text":"Vueniverse compared 5 similar times. The usual difference was +3 bpm.","citations":["median_difference","included_count"]},{"text":"The range seen in the data was from -3 bpm to +9 bpm.","citations":["effect_range"]}],"uncertainty":"More similar times could change this result.","unresolved_influence_ids":[],"next_observation_id":null}
vanilla	40	contradictory	observe_next	true	false		For instrumental focus music sessions, the event windows moved in mixed directions.	For instrumental focus music sessions, 2 of 5 event windows showed one direction and 3 did not match. The usual heart-rate difference was +3 beats per minute, with a range of -3 to +9 beats per minute.	The usual difference in heart rate was +3 bpm, but the range seen was -3 to +9 bpm.	Vueniverse compared 5 similar music sessions. The usual difference was +3 bpm, but the range seen was -3 to +9 bpm.	More similar sessions could change this result.	{"schema_version":2,"context_reference_id":"ctx_9177dc87c7da823a","summary":"The usual difference in heart rate was +3 bpm, but the range seen was -3 to +9 bpm.","paragraphs":[{"text":"Vueniverse compared 5 similar music sessions. The usual difference was +3 bpm, but the range seen was -3 to +9 bpm.","citations":["included_count","median_difference","effect_range"]}],"uncertainty":"More similar sessions could change this result.","unresolved_influence_ids":[],"next_observation_id":null}
vanilla	41	contradictory	promotion_gate	true	false		For instrumental focus music sessions, the event windows moved in mixed directions.	For instrumental focus music sessions, 2 of 5 event windows showed one direction and 3 did not match. The usual heart-rate difference was +3 beats per minute, with a range of -3 to +9 beats per minute.	The usual difference in heart rate was +3 bpm, but the data is incomplete.	Vueniverse compared 5 similar times, and the heart-rate difference was usually +3 bpm. The data is incomplete, as 2 windows had missing information.	More similar times could change this result.	{"schema_version":2,"context_reference_id":"ctx_9177dc87c7da823a","summary":"The usual difference in heart rate was +3 bpm, but the data is incomplete.","paragraphs":[{"text":"Vueniverse compared 5 similar times, and the heart-rate difference was usually +3 bpm.","citations":["median_difference","included_count"]},{"text":"The data is incomplete, as 2 windows had missing information.","citations":["completeness","excluded_count"]}],"uncertainty":"More similar times could change this result.","unresolved_influence_ids":[],"next_observation_id":null}
vanilla	42	developing	explain	false	true	paragraph_0_unsupported_numbers:['3']	For late competitive game sessions, the pattern is early and needs more comparable event windows.	For late competitive game sessions, only 3 comparable event windows were available, though 3 of 3 showed the same direction. The usual heart-rate difference was -10 beats per minute. Data was available for 79% of what was needed, with 5 event windows left out.	The data shows a consistent heart-rate difference, but it's not a strong pattern.	Vueniverse compared 3 nights, and the heart-rate difference was usually -10 bpm. The range of differences seen was from -13 to -7 bpm.	More data could show if this difference is normal.	{"schema_version":2,"context_reference_id":"ctx_0e594ee9f8d7c4cc","summary":"The data shows a consistent heart-rate difference, but it's not a strong pattern.","paragraphs":[{"text":"Vueniverse compared 3 nights, and the heart-rate difference was usually -10 bpm.","citations":["median_difference"]},{"text":"The range of differences seen was from -13 to -7 bpm.","citations":["effect_range"]}],"uncertainty":"More data could show if this difference is normal.","unresolved_influence_ids":["caffeine_timing","recent_exercise","unusual_stress"],"next_observation_id":null}
vanilla	43	developing	what_weakens	true	false		For late competitive game sessions, the pattern is early and needs more comparable event windows.	For late competitive game sessions, only 3 comparable event windows were available, though 3 of 3 showed the same direction. The usual heart-rate difference was -10 beats per minute. Data was available for 79% of what was needed, with 5 event windows left out.	The usual difference in heart rate was -10 bpm, and the range was -13 to -7 bpm.	Vueniverse compared 3 nights. The heart rate difference was usually -10 bpm. The difference was between -13 bpm and -7 bpm.	More nights could change this.	{"schema_version":2,"context_reference_id":"ctx_0e594ee9f8d7c4cc","summary":"The usual difference in heart rate was -10 bpm, and the range was -13 to -7 bpm.","paragraphs":[{"text":"Vueniverse compared 3 nights. The heart rate difference was usually -10 bpm.","citations":["median_difference","included_count"]},{"text":"The difference was between -13 bpm and -7 bpm.","citations":["effect_range"]}],"uncertainty":"More nights could change this.","unresolved_influence_ids":[],"next_observation_id":null}
vanilla	44	developing	what_is_missing	true	false		For late competitive game sessions, the pattern is early and needs more comparable event windows.	For late competitive game sessions, only 3 comparable event windows were available, though 3 of 3 showed the same direction. The usual heart-rate difference was -10 beats per minute. Data was available for 79% of what was needed, with 5 event windows left out.	Across 3 similar nights, the usual difference was -10 bpm, so there was no clear repeated pattern.	Vueniverse could fairly compare 3 nights, and the heart-rate difference stayed small.	More similar nights could change this result.	{"schema_version":2,"context_reference_id":"ctx_0e594ee9f8d7c4cc","summary":"Across 3 similar nights, the usual difference was -10 bpm, so there was no clear repeated pattern.","paragraphs":[{"text":"Vueniverse could fairly compare 3 nights, and the heart-rate difference stayed small.","citations":["included_count","median_difference"]}],"uncertainty":"More similar nights could change this result.","unresolved_influence_ids":[],"next_observation_id":null}
vanilla	45	developing	what_disagrees	true	false		For late competitive game sessions, the pattern is early and needs more comparable event windows.	For late competitive game sessions, only 3 comparable event windows were available, though 3 of 3 showed the same direction. The usual heart-rate difference was -10 beats per minute. Data was available for 79% of what was needed, with 5 event windows left out.	The usual difference in heart rate was -10 bpm, and the range was -13 to -7 bpm.	Vueniverse compared 3 nights, and the heart-rate difference was usually -10 bpm. The difference was within the range of -13 to -7 bpm.	More similar nights could change this result.	{"schema_version":2,"context_reference_id":"ctx_0e594ee9f8d7c4cc","summary":"The usual difference in heart rate was -10 bpm, and the range was -13 to -7 bpm.","paragraphs":[{"text":"Vueniverse compared 3 nights, and the heart-rate difference was usually -10 bpm.","citations":["median_difference","included_count"]},{"text":"The difference was within the range of -13 to -7 bpm.","citations":["effect_range"]}],"uncertainty":"More similar nights could change this result.","unresolved_influence_ids":[],"next_observation_id":null}
vanilla	46	developing	observe_next	true	false		For late competitive game sessions, the pattern is early and needs more comparable event windows.	For late competitive game sessions, only 3 comparable event windows were available, though 3 of 3 showed the same direction. The usual heart-rate difference was -10 beats per minute. Data was available for 79% of what was needed, with 5 event windows left out.	The usual difference in heart rate was -10 bpm, and the range was -13 to -7 bpm.	Vueniverse compared 3 nights, and the heart-rate difference was usually -10 bpm. The difference could be as low as -13 bpm or as high as -7 bpm.	More similar nights could change this result.	{"schema_version":2,"context_reference_id":"ctx_0e594ee9f8d7c4cc","summary":"The usual difference in heart rate was -10 bpm, and the range was -13 to -7 bpm.","paragraphs":[{"text":"Vueniverse compared 3 nights, and the heart-rate difference was usually -10 bpm.","citations":["median_difference","included_count"]},{"text":"The difference could be as low as -13 bpm or as high as -7 bpm.","citations":["effect_range"]}],"uncertainty":"More similar nights could change this result.","unresolved_influence_ids":[],"next_observation_id":null}
vanilla	47	developing	promotion_gate	true	false		For late competitive game sessions, the pattern is early and needs more comparable event windows.	For late competitive game sessions, only 3 comparable event windows were available, though 3 of 3 showed the same direction. The usual heart-rate difference was -10 beats per minute. Data was available for 79% of what was needed, with 5 event windows left out.	The usual difference in heart rate was -10 bpm, and the range was -13 to -7 bpm.	Vueniverse compared 3 similar nights, and the heart-rate difference stayed small. The usual difference was -10 bpm, and the range was -13 to -7 bpm.	More similar nights could change this result.	{"schema_version":2,"context_reference_id":"ctx_0e594ee9f8d7c4cc","summary":"The usual difference in heart rate was -10 bpm, and the range was -13 to -7 bpm.","paragraphs":[{"text":"Vueniverse compared 3 similar nights, and the heart-rate difference stayed small.","citations":["included_count","median_difference"]},{"text":"The usual difference was -10 bpm, and the range was -13 to -7 bpm.","citations":["median_difference","effect_range"]}],"uncertainty":"More similar nights could change this result.","unresolved_influence_ids":[],"next_observation_id":null}
vanilla	48	developing	explain	true	false		For evening hydration entries, the pattern is early and needs more comparable event windows.	For evening hydration entries, only 3 comparable event windows were available, though 3 of 3 showed the same direction. The usual heart-rate difference was -5 beats per minute. Data was available for 78% of what was needed, with 7 event windows left out.	The data shows the usual difference in heart rate was about -5 bpm, with a range of -11 to +1 bpm.	Vueniverse compared 3 nights, and the heart-rate difference stayed small.	More similar nights could change this result.	{"schema_version":2,"context_reference_id":"ctx_13429235b607797f","summary":"The data shows the usual difference in heart rate was about -5 bpm, with a range of -11 to +1 bpm.","paragraphs":[{"text":"Vueniverse compared 3 nights, and the heart-rate difference stayed small.","citations":["included_count","median_difference"]}],"uncertainty":"More similar nights could change this result.","unresolved_influence_ids":[],"next_observation_id":null}
vanilla	49	developing	what_weakens	true	false		For evening hydration entries, the pattern is early and needs more comparable event windows.	For evening hydration entries, only 3 comparable event windows were available, though 3 of 3 showed the same direction. The usual heart-rate difference was -5 beats per minute. Data was available for 78% of what was needed, with 7 event windows left out.	Across 3 similar nights, the usual difference was +1 bpm, so there was no clear repeated pattern.	Vueniverse could fairly compare 3 nights, and the heart-rate difference stayed small.	More similar nights could change this result.	{"schema_version":2,"context_reference_id":"ctx_13429235b607797f","summary":"Across 3 similar nights, the usual difference was +1 bpm, so there was no clear repeated pattern.","paragraphs":[{"text":"Vueniverse could fairly compare 3 nights, and the heart-rate difference stayed small.","citations":["included_count","median_difference"]}],"uncertainty":"More similar nights could change this result.","unresolved_influence_ids":[],"next_observation_id":null}
vanilla	50	developing	what_is_missing	true	false		For evening hydration entries, the pattern is early and needs more comparable event windows.	For evening hydration entries, only 3 comparable event windows were available, though 3 of 3 showed the same direction. The usual heart-rate difference was -5 beats per minute. Data was available for 78% of what was needed, with 7 event windows left out.	Across 3 similar nights, the usual difference was -5 bpm, so there was no clear repeated pattern.	Vueniverse could fairly compare 3 nights, and the heart-rate difference stayed small.	More similar nights could change this result.	{"schema_version":2,"context_reference_id":"ctx_13429235b607797f","summary":"Across 3 similar nights, the usual difference was -5 bpm, so there was no clear repeated pattern.","paragraphs":[{"text":"Vueniverse could fairly compare 3 nights, and the heart-rate difference stayed small.","citations":["included_count","median_difference"]}],"uncertainty":"More similar nights could change this result.","unresolved_influence_ids":[],"next_observation_id":null}
vanilla	51	developing	what_disagrees	true	false		For evening hydration entries, the pattern is early and needs more comparable event windows.	For evening hydration entries, only 3 comparable event windows were available, though 3 of 3 showed the same direction. The usual heart-rate difference was -5 beats per minute. Data was available for 78% of what was needed, with 7 event windows left out.	Across 3 similar nights, the usual difference was -5 bpm, so there was no clear repeated pattern.	Vueniverse could fairly compare 3 nights, and the heart-rate difference stayed small.	More similar nights could change this result.	{"schema_version":2,"context_reference_id":"ctx_13429235b607797f","summary":"Across 3 similar nights, the usual difference was -5 bpm, so there was no clear repeated pattern.","paragraphs":[{"text":"Vueniverse could fairly compare 3 nights, and the heart-rate difference stayed small.","citations":["included_count","median_difference"]}],"uncertainty":"More similar nights could change this result.","unresolved_influence_ids":[],"next_observation_id":null}
vanilla	52	developing	observe_next	false	true	paragraph_0_unsupported_numbers:['3']	For evening hydration entries, the pattern is early and needs more comparable event windows.	For evening hydration entries, only 3 comparable event windows were available, though 3 of 3 showed the same direction. The usual heart-rate difference was -5 beats per minute. Data was available for 78% of what was needed, with 7 event windows left out.	The usual difference in heart rate was -5 bpm, and the range was -11 to +1 bpm.	Vueniverse compared 3 nights, and the heart-rate difference was usually -5 bpm. The range of differences seen was from -11 bpm to +1 bpm.	More similar nights could change this result.	{"schema_version":2,"context_reference_id":"ctx_13429235b607797f","summary":"The usual difference in heart rate was -5 bpm, and the range was -11 to +1 bpm.","paragraphs":[{"text":"Vueniverse compared 3 nights, and the heart-rate difference was usually -5 bpm.","citations":["median_difference"]},{"text":"The range of differences seen was from -11 bpm to +1 bpm.","citations":["effect_range"]}],"uncertainty":"More similar nights could change this result.","unresolved_influence_ids":[],"next_observation_id":null}
vanilla	53	developing	promotion_gate	true	false		For evening hydration entries, the pattern is early and needs more comparable event windows.	For evening hydration entries, only 3 comparable event windows were available, though 3 of 3 showed the same direction. The usual heart-rate difference was -5 beats per minute. Data was available for 78% of what was needed, with 7 event windows left out.	Across 3 similar nights, the usual difference was -5 bpm, so there was no clear repeated pattern.	Vueniverse could fairly compare 3 nights, and the heart-rate difference stayed small.	More similar nights could change this result.	{"schema_version":2,"context_reference_id":"ctx_13429235b607797f","summary":"Across 3 similar nights, the usual difference was -5 bpm, so there was no clear repeated pattern.","paragraphs":[{"text":"Vueniverse could fairly compare 3 nights, and the heart-rate difference stayed small.","citations":["included_count","median_difference"]}],"uncertainty":"More similar nights could change this result.","unresolved_influence_ids":[],"next_observation_id":null}
vanilla	54	developing	explain	true	false		For journal entries tagged high workload and stress, the pattern is early and needs more comparable event windows.	For journal entries tagged high workload and stress, only 2 comparable event windows were available, though 2 of 2 showed the same direction. The usual heart-rate difference was +7 beats per minute. Data was available for 84% of what was needed, with 6 event windows left out.	The usual difference in heart rate was +7 bpm, but the range seen was +1 to +13 bpm.	Vueniverse compared 2 similar nights, and the heart-rate difference stayed small.	More similar nights could change this result.	{"schema_version":2,"context_reference_id":"ctx_10061f8205b7dd3b","summary":"The usual difference in heart rate was +7 bpm, but the range seen was +1 to +13 bpm.","paragraphs":[{"text":"Vueniverse compared 2 similar nights, and the heart-rate difference stayed small.","citations":["included_count","median_difference"]}],"uncertainty":"More similar nights could change this result.","unresolved_influence_ids":[],"next_observation_id":null}
vanilla	55	developing	what_weakens	true	false		For journal entries tagged high workload and stress, the pattern is early and needs more comparable event windows.	For journal entries tagged high workload and stress, only 2 comparable event windows were available, though 2 of 2 showed the same direction. The usual heart-rate difference was +7 beats per minute. Data was available for 84% of what was needed, with 6 event windows left out.	The usual difference in heart rate was +7 bpm, but the range seen was +1 to +13 bpm.	Vueniverse compared 2 similar nights, and the heart-rate difference stayed small.	More similar nights could change this result.	{"schema_version":2,"context_reference_id":"ctx_10061f8205b7dd3b","summary":"The usual difference in heart rate was +7 bpm, but the range seen was +1 to +13 bpm.","paragraphs":[{"text":"Vueniverse compared 2 similar nights, and the heart-rate difference stayed small.","citations":["included_count","median_difference"]}],"uncertainty":"More similar nights could change this result.","unresolved_influence_ids":[],"next_observation_id":null}
vanilla	56	developing	what_is_missing	true	false		For journal entries tagged high workload and stress, the pattern is early and needs more comparable event windows.	For journal entries tagged high workload and stress, only 2 comparable event windows were available, though 2 of 2 showed the same direction. The usual heart-rate difference was +7 beats per minute. Data was available for 84% of what was needed, with 6 event windows left out.	The usual difference in heart rate was +7 bpm, but the range seen was +1 to +13 bpm.	Vueniverse compared 2 similar nights, and the heart-rate difference stayed small.	More similar nights could change this result.	{"schema_version":2,"context_reference_id":"ctx_10061f8205b7dd3b","summary":"The usual difference in heart rate was +7 bpm, but the range seen was +1 to +13 bpm.","paragraphs":[{"text":"Vueniverse compared 2 similar nights, and the heart-rate difference stayed small.","citations":["included_count","median_difference"]}],"uncertainty":"More similar nights could change this result.","unresolved_influence_ids":[],"next_observation_id":null}
vanilla	57	developing	what_disagrees	true	false		For journal entries tagged high workload and stress, the pattern is early and needs more comparable event windows.	For journal entries tagged high workload and stress, only 2 comparable event windows were available, though 2 of 2 showed the same direction. The usual heart-rate difference was +7 beats per minute. Data was available for 84% of what was needed, with 6 event windows left out.	The usual difference in heart rate was +7 bpm, but the range seen in the data was +1 to +13 bpm.	Vueniverse compared 2 similar nights, and the heart-rate difference stayed small.	More similar nights could change this result.	{"schema_version":2,"context_reference_id":"ctx_10061f8205b7dd3b","summary":"The usual difference in heart rate was +7 bpm, but the range seen in the data was +1 to +13 bpm.","paragraphs":[{"text":"Vueniverse compared 2 similar nights, and the heart-rate difference stayed small.","citations":["included_count","median_difference"]}],"uncertainty":"More similar nights could change this result.","unresolved_influence_ids":[],"next_observation_id":null}
vanilla	58	developing	observe_next	true	false		For journal entries tagged high workload and stress, the pattern is early and needs more comparable event windows.	For journal entries tagged high workload and stress, only 2 comparable event windows were available, though 2 of 2 showed the same direction. The usual heart-rate difference was +7 beats per minute. Data was available for 84% of what was needed, with 6 event windows left out.	The usual difference in heart rate was +7 bpm, but the range seen was +1 to +13 bpm.	Vueniverse compared 2 similar nights, and the heart-rate difference stayed small.	More similar nights could change this result.	{"schema_version":2,"context_reference_id":"ctx_10061f8205b7dd3b","summary":"The usual difference in heart rate was +7 bpm, but the range seen was +1 to +13 bpm.","paragraphs":[{"text":"Vueniverse compared 2 similar nights, and the heart-rate difference stayed small.","citations":["included_count","median_difference"]}],"uncertainty":"More similar nights could change this result.","unresolved_influence_ids":[],"next_observation_id":null}
vanilla	59	developing	promotion_gate	true	false		For journal entries tagged high workload and stress, the pattern is early and needs more comparable event windows.	For journal entries tagged high workload and stress, only 2 comparable event windows were available, though 2 of 2 showed the same direction. The usual heart-rate difference was +7 beats per minute. Data was available for 84% of what was needed, with 6 event windows left out.	The heart-rate difference was usually +7 bpm, but the data is incomplete.	Vueniverse compared 2 similar nights, and the heart-rate difference stayed small.	More similar nights could change this result.	{"schema_version":2,"context_reference_id":"ctx_10061f8205b7dd3b","summary":"The heart-rate difference was usually +7 bpm, but the data is incomplete.","paragraphs":[{"text":"Vueniverse compared 2 similar nights, and the heart-rate difference stayed small.","citations":["included_count","median_difference"]}],"uncertainty":"More similar nights could change this result.","unresolved_influence_ids":[],"next_observation_id":null}
vanilla	60	developing	explain	true	false		For work-peer phone calls, the pattern is early and needs more comparable event windows.	For work-peer phone calls, only 2 comparable event windows were available, though 2 of 2 showed the same direction. The usual heart-rate difference was -10 beats per minute. Data was available for 80% of what was needed, with 8 event windows left out.	The heart-rate difference usually stayed small, around -10 bpm, but the range was wider, from -12 to -8 bpm.	Vueniverse compared 2 similar times, and the heart-rate difference was usually -10 bpm. The usual difference was -10 bpm, but the range seen in the data was from -12 to -8 bpm.	More similar times could change this result.	{"schema_version":2,"context_reference_id":"ctx_d3b2d60ec71f1584","summary":"The heart-rate difference usually stayed small, around -10 bpm, but the range was wider, from -12 to -8 bpm.","paragraphs":[{"text":"Vueniverse compared 2 similar times, and the heart-rate difference was usually -10 bpm.","citations":["median_difference","included_count"]},{"text":"The usual difference was -10 bpm, but the range seen in the data was from -12 to -8 bpm.","citations":["effect_range","median_difference"]}],"uncertainty":"More similar times could change this result.","unresolved_influence_ids":[],"next_observation_id":null}
vanilla	61	developing	what_weakens	true	false		For work-peer phone calls, the pattern is early and needs more comparable event windows.	For work-peer phone calls, only 2 comparable event windows were available, though 2 of 2 showed the same direction. The usual heart-rate difference was -10 beats per minute. Data was available for 80% of what was needed, with 8 event windows left out.	The usual difference in heart rate was -10 bpm, but the range seen was -12 to -8 bpm.	Vueniverse compared 2 similar nights, and the heart-rate difference stayed small.	More similar nights could change this result.	{"schema_version":2,"context_reference_id":"ctx_d3b2d60ec71f1584","summary":"The usual difference in heart rate was -10 bpm, but the range seen was -12 to -8 bpm.","paragraphs":[{"text":"Vueniverse compared 2 similar nights, and the heart-rate difference stayed small.","citations":["included_count","median_difference"]}],"uncertainty":"More similar nights could change this result.","unresolved_influence_ids":[],"next_observation_id":null}
vanilla	62	developing	what_is_missing	true	false		For work-peer phone calls, the pattern is early and needs more comparable event windows.	For work-peer phone calls, only 2 comparable event windows were available, though 2 of 2 showed the same direction. The usual heart-rate difference was -10 beats per minute. Data was available for 80% of what was needed, with 8 event windows left out.	The usual difference in heart rate was -10 bpm, and the range was -12 to -8 bpm.	Vueniverse compared 2 similar windows, and the heart-rate difference was -10 bpm. The usual difference was -10 bpm, and the range seen was -12 to -8 bpm.	More similar windows could change this result.	{"schema_version":2,"context_reference_id":"ctx_d3b2d60ec71f1584","summary":"The usual difference in heart rate was -10 bpm, and the range was -12 to -8 bpm.","paragraphs":[{"text":"Vueniverse compared 2 similar windows, and the heart-rate difference was -10 bpm.","citations":["median_difference","included_count"]},{"text":"The usual difference was -10 bpm, and the range seen was -12 to -8 bpm.","citations":["median_difference","effect_range"]}],"uncertainty":"More similar windows could change this result.","unresolved_influence_ids":[],"next_observation_id":null}
vanilla	63	developing	what_disagrees	true	false		For work-peer phone calls, the pattern is early and needs more comparable event windows.	For work-peer phone calls, only 2 comparable event windows were available, though 2 of 2 showed the same direction. The usual heart-rate difference was -10 beats per minute. Data was available for 80% of what was needed, with 8 event windows left out.	The usual difference in heart rate was -10 bpm, but the range seen was -12 to -8 bpm.	Vueniverse compared 2 similar windows, and the usual difference was -10 bpm. The range seen in the data was from -12 bpm to -8 bpm.	More similar windows could change this result.	{"schema_version":2,"context_reference_id":"ctx_d3b2d60ec71f1584","summary":"The usual difference in heart rate was -10 bpm, but the range seen was -12 to -8 bpm.","paragraphs":[{"text":"Vueniverse compared 2 similar windows, and the usual difference was -10 bpm.","citations":["median_difference","included_count"]},{"text":"The range seen in the data was from -12 bpm to -8 bpm.","citations":["effect_range"]}],"uncertainty":"More similar windows could change this result.","unresolved_influence_ids":[],"next_observation_id":null}
vanilla	64	developing	observe_next	true	false		For work-peer phone calls, the pattern is early and needs more comparable event windows.	For work-peer phone calls, only 2 comparable event windows were available, though 2 of 2 showed the same direction. The usual heart-rate difference was -10 beats per minute. Data was available for 80% of what was needed, with 8 event windows left out.	The usual difference in heart rate was -10 bpm, and the range was -12 to -8 bpm.	Vueniverse compared 2 similar windows, and the heart-rate difference was -10 bpm. The usual difference was -10 bpm, and the range seen was -12 to -8 bpm.	More similar windows could change this result.	{"schema_version":2,"context_reference_id":"ctx_d3b2d60ec71f1584","summary":"The usual difference in heart rate was -10 bpm, and the range was -12 to -8 bpm.","paragraphs":[{"text":"Vueniverse compared 2 similar windows, and the heart-rate difference was -10 bpm.","citations":["median_difference","included_count"]},{"text":"The usual difference was -10 bpm, and the range seen was -12 to -8 bpm.","citations":["median_difference","effect_range"]}],"uncertainty":"More similar windows could change this result.","unresolved_influence_ids":[],"next_observation_id":null}
vanilla	65	developing	promotion_gate	true	false		For work-peer phone calls, the pattern is early and needs more comparable event windows.	For work-peer phone calls, only 2 comparable event windows were available, though 2 of 2 showed the same direction. The usual heart-rate difference was -10 beats per minute. Data was available for 80% of what was needed, with 8 event windows left out.	The heart-rate difference was usually -10 bpm, but the data was incomplete.	Vueniverse compared 2 similar heart-rate windows. The usual difference was -10 bpm.	More similar windows could change this result.	{"schema_version":2,"context_reference_id":"ctx_d3b2d60ec71f1584","summary":"The heart-rate difference was usually -10 bpm, but the data was incomplete.","paragraphs":[{"text":"Vueniverse compared 2 similar heart-rate windows. The usual difference was -10 bpm.","citations":["median_difference","included_count"]}],"uncertainty":"More similar windows could change this result.","unresolved_influence_ids":[],"next_observation_id":null}
vanilla	66	developing	explain	true	false		For recurring weekday work meetings, the pattern is early and needs more comparable event windows.	For recurring weekday work meetings, only 3 comparable event windows were available, though 3 of 3 showed the same direction. The usual heart-rate difference was +7 beats per minute. Data was available for 87% of what was needed, with 8 event windows left out.	The usual difference in heart rate was +7 bpm, and the range seen was +5 to +9 bpm.	Vueniverse compared 3 nights, and the heart-rate difference stayed small.	More similar nights could change this result.	{"schema_version":2,"context_reference_id":"ctx_9761ecedc054ea57","summary":"The usual difference in heart rate was +7 bpm, and the range seen was +5 to +9 bpm.","paragraphs":[{"text":"Vueniverse compared 3 nights, and the heart-rate difference stayed small.","citations":["included_count","median_difference"]}],"uncertainty":"More similar nights could change this result.","unresolved_influence_ids":[],"next_observation_id":null}
vanilla	67	developing	what_weakens	true	false		For recurring weekday work meetings, the pattern is early and needs more comparable event windows.	For recurring weekday work meetings, only 3 comparable event windows were available, though 3 of 3 showed the same direction. The usual heart-rate difference was +7 beats per minute. Data was available for 87% of what was needed, with 8 event windows left out.	The usual difference in heart rate was +7 bpm, but the pattern wasn't clear.	Vueniverse compared 3 similar work meetings. The heart rate difference stayed small, usually around +7 bpm.	More similar meetings could change this result.	{"schema_version":2,"context_reference_id":"ctx_9761ecedc054ea57","summary":"The usual difference in heart rate was +7 bpm, but the pattern wasn't clear.","paragraphs":[{"text":"Vueniverse compared 3 similar work meetings. The heart rate difference stayed small, usually around +7 bpm.","citations":["median_difference","included_count","consistent_count"]}],"uncertainty":"More similar meetings could change this result.","unresolved_influence_ids":[],"next_observation_id":null}
vanilla	68	developing	what_is_missing	true	false		For recurring weekday work meetings, the pattern is early and needs more comparable event windows.	For recurring weekday work meetings, only 3 comparable event windows were available, though 3 of 3 showed the same direction. The usual heart-rate difference was +7 beats per minute. Data was available for 87% of what was needed, with 8 event windows left out.	Across 3 similar nights, the usual difference was +7 bpm, so there was no clear repeated pattern.	Vueniverse could fairly compare 3 nights, and the heart-rate difference stayed small.	More similar nights could change this result.	{"schema_version":2,"context_reference_id":"ctx_9761ecedc054ea57","summary":"Across 3 similar nights, the usual difference was +7 bpm, so there was no clear repeated pattern.","paragraphs":[{"text":"Vueniverse could fairly compare 3 nights, and the heart-rate difference stayed small.","citations":["included_count","median_difference"]}],"uncertainty":"More similar nights could change this result.","unresolved_influence_ids":[],"next_observation_id":null}
vanilla	69	developing	what_disagrees	true	false		For recurring weekday work meetings, the pattern is early and needs more comparable event windows.	For recurring weekday work meetings, only 3 comparable event windows were available, though 3 of 3 showed the same direction. The usual heart-rate difference was +7 beats per minute. Data was available for 87% of what was needed, with 8 event windows left out.	The usual difference in heart rate was +7 bpm, but the data shows this difference was consistent across three similar nights.	Vueniverse compared three nights, and the heart-rate difference was consistently +7 bpm.	More similar nights could change this result.	{"schema_version":2,"context_reference_id":"ctx_9761ecedc054ea57","summary":"The usual difference in heart rate was +7 bpm, but the data shows this difference was consistent across three similar nights.","paragraphs":[{"text":"Vueniverse compared three nights, and the heart-rate difference was consistently +7 bpm.","citations":["median_difference","included_count","consistent_count"]}],"uncertainty":"More similar nights could change this result.","unresolved_influence_ids":[],"next_observation_id":null}
vanilla	70	developing	observe_next	false	true	paragraph_0_unsupported_numbers:['3']	For recurring weekday work meetings, the pattern is early and needs more comparable event windows.	For recurring weekday work meetings, only 3 comparable event windows were available, though 3 of 3 showed the same direction. The usual heart-rate difference was +7 beats per minute. Data was available for 87% of what was needed, with 8 event windows left out.	The usual heart-rate difference was +7 bpm, and the range seen was +5 to +9 bpm.	Vueniverse compared 3 similar work meetings. The heart-rate difference was usually +7 bpm. The data showed a range of +5 to +9 bpm for the heart-rate difference.	More similar meetings could change this result.	{"schema_version":2,"context_reference_id":"ctx_9761ecedc054ea57","summary":"The usual heart-rate difference was +7 bpm, and the range seen was +5 to +9 bpm.","paragraphs":[{"text":"Vueniverse compared 3 similar work meetings. The heart-rate difference was usually +7 bpm.","citations":["median_difference","effect_range"]},{"text":"The data showed a range of +5 to +9 bpm for the heart-rate difference.","citations":["effect_range"]}],"uncertainty":"More similar meetings could change this result.","unresolved_influence_ids":[],"next_observation_id":null}
vanilla	71	developing	promotion_gate	true	false		For recurring weekday work meetings, the pattern is early and needs more comparable event windows.	For recurring weekday work meetings, only 3 comparable event windows were available, though 3 of 3 showed the same direction. The usual heart-rate difference was +7 beats per minute. Data was available for 87% of what was needed, with 8 event windows left out.	The usual difference in heart rate was +7 bpm, and the range seen was +5 to +9 bpm.	Vueniverse compared 3 nights, and the heart-rate difference stayed small.	More similar nights could change this result.	{"schema_version":2,"context_reference_id":"ctx_9761ecedc054ea57","summary":"The usual difference in heart rate was +7 bpm, and the range seen was +5 to +9 bpm.","paragraphs":[{"text":"Vueniverse compared 3 nights, and the heart-rate difference stayed small.","citations":["included_count","median_difference"]}],"uncertainty":"More similar nights could change this result.","unresolved_influence_ids":[],"next_observation_id":null}
vanilla	72	developing	explain	true	false		For high screen-time evenings, the pattern is early and needs more comparable event windows.	For high screen-time evenings, only 2 comparable event windows were available, though 2 of 2 showed the same direction. The usual heart-rate difference was -8 beats per minute. Data was available for 81% of what was needed, with 10 event windows left out.	The usual difference in heart rate was -8 bpm, and the range seen was -11 to -5 bpm.	Vueniverse compared 2 similar nights, and the heart-rate difference stayed small.	More similar nights could change this result.	{"schema_version":2,"context_reference_id":"ctx_380109912cf0b526","summary":"The usual difference in heart rate was -8 bpm, and the range seen was -11 to -5 bpm.","paragraphs":[{"text":"Vueniverse compared 2 similar nights, and the heart-rate difference stayed small.","citations":["included_count","median_difference"]}],"uncertainty":"More similar nights could change this result.","unresolved_influence_ids":[],"next_observation_id":null}
vanilla	73	developing	what_weakens	true	false		For high screen-time evenings, the pattern is early and needs more comparable event windows.	For high screen-time evenings, only 2 comparable event windows were available, though 2 of 2 showed the same direction. The usual heart-rate difference was -8 beats per minute. Data was available for 81% of what was needed, with 10 event windows left out.	The usual difference in heart rate was -8 bpm, but the range seen was -11 to -5 bpm.	Vueniverse compared 2 similar nights, and the heart-rate difference stayed small.	More similar nights could change this result.	{"schema_version":2,"context_reference_id":"ctx_380109912cf0b526","summary":"The usual difference in heart rate was -8 bpm, but the range seen was -11 to -5 bpm.","paragraphs":[{"text":"Vueniverse compared 2 similar nights, and the heart-rate difference stayed small.","citations":["included_count","median_difference"]}],"uncertainty":"More similar nights could change this result.","unresolved_influence_ids":[],"next_observation_id":null}
vanilla	74	developing	what_is_missing	true	false		For high screen-time evenings, the pattern is early and needs more comparable event windows.	For high screen-time evenings, only 2 comparable event windows were available, though 2 of 2 showed the same direction. The usual heart-rate difference was -8 beats per minute. Data was available for 81% of what was needed, with 10 event windows left out.	Across 2 similar nights, the usual difference was -8 bpm, so there was no clear repeated pattern.	Vueniverse could fairly compare 2 nights, and the heart-rate difference stayed small.	More similar nights could change this result.	{"schema_version":2,"context_reference_id":"ctx_380109912cf0b526","summary":"Across 2 similar nights, the usual difference was -8 bpm, so there was no clear repeated pattern.","paragraphs":[{"text":"Vueniverse could fairly compare 2 nights, and the heart-rate difference stayed small.","citations":["included_count","median_difference"]}],"uncertainty":"More similar nights could change this result.","unresolved_influence_ids":[],"next_observation_id":null}
vanilla	75	developing	what_disagrees	true	false		For high screen-time evenings, the pattern is early and needs more comparable event windows.	For high screen-time evenings, only 2 comparable event windows were available, though 2 of 2 showed the same direction. The usual heart-rate difference was -8 beats per minute. Data was available for 81% of what was needed, with 10 event windows left out.	The usual difference in heart-rate was -8 bpm, but the range seen was -11 to -5 bpm.	Vueniverse compared 2 similar nights, and the heart-rate difference stayed small.	More similar nights could change this result.	{"schema_version":2,"context_reference_id":"ctx_380109912cf0b526","summary":"The usual difference in heart-rate was -8 bpm, but the range seen was -11 to -5 bpm.","paragraphs":[{"text":"Vueniverse compared 2 similar nights, and the heart-rate difference stayed small.","citations":["included_count","median_difference"]}],"uncertainty":"More similar nights could change this result.","unresolved_influence_ids":[],"next_observation_id":null}
vanilla	76	developing	observe_next	true	false		For high screen-time evenings, the pattern is early and needs more comparable event windows.	For high screen-time evenings, only 2 comparable event windows were available, though 2 of 2 showed the same direction. The usual heart-rate difference was -8 beats per minute. Data was available for 81% of what was needed, with 10 event windows left out.	The usual difference in heart-rate was -8 bpm, and the range was -11 to -5 bpm.	Vueniverse compared 2 similar nights, and the heart-rate difference stayed small.	More similar nights could change this result.	{"schema_version":2,"context_reference_id":"ctx_380109912cf0b526","summary":"The usual difference in heart-rate was -8 bpm, and the range was -11 to -5 bpm.","paragraphs":[{"text":"Vueniverse compared 2 similar nights, and the heart-rate difference stayed small.","citations":["included_count","median_difference"]}],"uncertainty":"More similar nights could change this result.","unresolved_influence_ids":[],"next_observation_id":null}
vanilla	77	developing	promotion_gate	true	false		For high screen-time evenings, the pattern is early and needs more comparable event windows.	For high screen-time evenings, only 2 comparable event windows were available, though 2 of 2 showed the same direction. The usual heart-rate difference was -8 beats per minute. Data was available for 81% of what was needed, with 10 event windows left out.	The usual difference in heart-rate was -8 bpm, but the range seen was -11 to -5 bpm.	Vueniverse compared 2 similar nights, and the heart-rate difference stayed small.	More similar nights could change this result.	{"schema_version":2,"context_reference_id":"ctx_380109912cf0b526","summary":"The usual difference in heart-rate was -8 bpm, but the range seen was -11 to -5 bpm.","paragraphs":[{"text":"Vueniverse compared 2 similar nights, and the heart-rate difference stayed small.","citations":["included_count","median_difference"]}],"uncertainty":"More similar nights could change this result.","unresolved_influence_ids":[],"next_observation_id":null}
vanilla	78	developing	explain	true	false		For instrumental focus music sessions, the pattern is early and needs more comparable event windows.	For instrumental focus music sessions, only 3 comparable event windows were available, though 3 of 3 showed the same direction. The usual heart-rate difference was -10 beats per minute. Data was available for 91% of what was needed, with 8 event windows left out.	The usual difference in heart rate was -10 bpm, and the range seen was -15 to -5 bpm.	Vueniverse compared 3 similar music sessions. The heart rate difference was usually -10 bpm. The data showed a range of -15 to -5 bpm.	More similar sessions could change this result.	{"schema_version":2,"context_reference_id":"ctx_118b0f8a66c231a7","summary":"The usual difference in heart rate was -10 bpm, and the range seen was -15 to -5 bpm.","paragraphs":[{"text":"Vueniverse compared 3 similar music sessions. The heart rate difference was usually -10 bpm.","citations":["median_difference","included_count","consistent_count"]},{"text":"The data showed a range of -15 to -5 bpm.","citations":["effect_range"]}],"uncertainty":"More similar sessions could change this result.","unresolved_influence_ids":[],"next_observation_id":null}
vanilla	79	developing	what_weakens	true	false		For instrumental focus music sessions, the pattern is early and needs more comparable event windows.	For instrumental focus music sessions, only 3 comparable event windows were available, though 3 of 3 showed the same direction. The usual heart-rate difference was -10 beats per minute. Data was available for 91% of what was needed, with 8 event windows left out.	Across 3 similar nights, the usual difference was -10 bpm, so there was no clear repeated pattern.	Vueniverse could fairly compare 3 nights, and the heart-rate difference stayed small.	More similar nights could change this result.	{"schema_version":2,"context_reference_id":"ctx_118b0f8a66c231a7","summary":"Across 3 similar nights, the usual difference was -10 bpm, so there was no clear repeated pattern.","paragraphs":[{"text":"Vueniverse could fairly compare 3 nights, and the heart-rate difference stayed small.","citations":["included_count","median_difference"]}],"uncertainty":"More similar nights could change this result.","unresolved_influence_ids":[],"next_observation_id":null}
vanilla	80	developing	what_is_missing	true	false		For instrumental focus music sessions, the pattern is early and needs more comparable event windows.	For instrumental focus music sessions, only 3 comparable event windows were available, though 3 of 3 showed the same direction. The usual heart-rate difference was -10 beats per minute. Data was available for 91% of what was needed, with 8 event windows left out.	Across 3 similar nights, the usual difference was -10 bpm, so there was no clear repeated pattern.	Vueniverse could fairly compare 3 nights, and the heart-rate difference stayed small.	More similar nights could change this result.	{"schema_version":2,"context_reference_id":"ctx_118b0f8a66c231a7","summary":"Across 3 similar nights, the usual difference was -10 bpm, so there was no clear repeated pattern.","paragraphs":[{"text":"Vueniverse could fairly compare 3 nights, and the heart-rate difference stayed small.","citations":["included_count","median_difference"]}],"uncertainty":"More similar nights could change this result.","unresolved_influence_ids":[],"next_observation_id":null}
vanilla	81	developing	what_disagrees	false	true	paragraph_0_unsupported_numbers:['3']	For instrumental focus music sessions, the pattern is early and needs more comparable event windows.	For instrumental focus music sessions, only 3 comparable event windows were available, though 3 of 3 showed the same direction. The usual heart-rate difference was -10 beats per minute. Data was available for 91% of what was needed, with 8 event windows left out.	The usual difference in heart rate was -10 bpm, and the range was -15 to -5 bpm.	Vueniverse compared 3 similar nights. The heart-rate difference was usually -10 bpm. The range of differences seen was from -15 bpm to -5 bpm.	More similar nights could change this result.	{"schema_version":2,"context_reference_id":"ctx_118b0f8a66c231a7","summary":"The usual difference in heart rate was -10 bpm, and the range was -15 to -5 bpm.","paragraphs":[{"text":"Vueniverse compared 3 similar nights. The heart-rate difference was usually -10 bpm.","citations":["median_difference"]},{"text":"The range of differences seen was from -15 bpm to -5 bpm.","citations":["effect_range"]}],"uncertainty":"More similar nights could change this result.","unresolved_influence_ids":[],"next_observation_id":null}
vanilla	82	developing	observe_next	true	false		For instrumental focus music sessions, the pattern is early and needs more comparable event windows.	For instrumental focus music sessions, only 3 comparable event windows were available, though 3 of 3 showed the same direction. The usual heart-rate difference was -10 beats per minute. Data was available for 91% of what was needed, with 8 event windows left out.	Across 3 similar nights, the usual difference was -10 bpm, so there was no clear repeated pattern.	Vueniverse could fairly compare 3 nights, and the heart-rate difference stayed small.	More similar nights could change this result.	{"schema_version":2,"context_reference_id":"ctx_118b0f8a66c231a7","summary":"Across 3 similar nights, the usual difference was -10 bpm, so there was no clear repeated pattern.","paragraphs":[{"text":"Vueniverse could fairly compare 3 nights, and the heart-rate difference stayed small.","citations":["included_count","median_difference"]}],"uncertainty":"More similar nights could change this result.","unresolved_influence_ids":[],"next_observation_id":null}
vanilla	83	developing	promotion_gate	true	false		For instrumental focus music sessions, the pattern is early and needs more comparable event windows.	For instrumental focus music sessions, only 3 comparable event windows were available, though 3 of 3 showed the same direction. The usual heart-rate difference was -10 beats per minute. Data was available for 91% of what was needed, with 8 event windows left out.	Across 3 similar nights, the usual difference was -10 bpm, so there was no clear repeated pattern.	Vueniverse could fairly compare 3 nights, and the heart-rate difference stayed small.	More similar nights could change this result.	{"schema_version":2,"context_reference_id":"ctx_118b0f8a66c231a7","summary":"Across 3 similar nights, the usual difference was -10 bpm, so there was no clear repeated pattern.","paragraphs":[{"text":"Vueniverse could fairly compare 3 nights, and the heart-rate difference stayed small.","citations":["included_count","median_difference"]}],"uncertainty":"More similar nights could change this result.","unresolved_influence_ids":[],"next_observation_id":null}
vanilla	84	insufficient_data	explain	false	true	paragraph_0_unsupported_numbers:['2']	For late competitive game sessions, there was not enough usable data for a fair comparison.	For late competitive game sessions, only 2 of 11 checked event windows could be compared. Data was available for 41% of what was needed, and 9 event windows were left out for missing or unreliable data.	Vueniverse compared 11 event windows, but only 2 had enough data to compare.	Vueniverse could compare 2 windows, and the usual difference was +9 bpm.	More similar windows could change this result.	{"schema_version":2,"context_reference_id":"ctx_67865352e3806ecc","summary":"Vueniverse compared 11 event windows, but only 2 had enough data to compare.","paragraphs":[{"text":"Vueniverse could compare 2 windows, and the usual difference was +9 bpm.","citations":["median_difference"]}],"uncertainty":"More similar windows could change this result.","unresolved_influence_ids":[],"next_observation_id":null}
vanilla	85	insufficient_data	what_weakens	false	true	paragraph_0_unsupported_numbers:['2']	For late competitive game sessions, there was not enough usable data for a fair comparison.	For late competitive game sessions, only 2 of 11 checked event windows could be compared. Data was available for 41% of what was needed, and 9 event windows were left out for missing or unreliable data.	The data shows a small difference in heart rate, but not a clear pattern.	Vueniverse compared 2 similar nights, and the heart-rate difference was +9 bpm.	More similar nights could change this result.	{"schema_version":2,"context_reference_id":"ctx_67865352e3806ecc","summary":"The data shows a small difference in heart rate, but not a clear pattern.","paragraphs":[{"text":"Vueniverse compared 2 similar nights, and the heart-rate difference was +9 bpm.","citations":["median_difference"]}],"uncertainty":"More similar nights could change this result.","unresolved_influence_ids":[],"next_observation_id":null}
vanilla	86	insufficient_data	what_is_missing	false	true	paragraph_0_unsupported_numbers:['2']	For late competitive game sessions, there was not enough usable data for a fair comparison.	For late competitive game sessions, only 2 of 11 checked event windows could be compared. Data was available for 41% of what was needed, and 9 event windows were left out for missing or unreliable data.	The data shows a usual difference of +9 bpm, but only 2 windows were compared.	Vueniverse compared 2 windows, and the usual difference was +9 bpm.	More windows could show a different pattern.	{"schema_version":2,"context_reference_id":"ctx_67865352e3806ecc","summary":"The data shows a usual difference of +9 bpm, but only 2 windows were compared.","paragraphs":[{"text":"Vueniverse compared 2 windows, and the usual difference was +9 bpm.","citations":["median_difference"]}],"uncertainty":"More windows could show a different pattern.","unresolved_influence_ids":["caffeine_timing","recent_exercise","unusual_stress"],"next_observation_id":null}
vanilla	87	insufficient_data	what_disagrees	true	false		For late competitive game sessions, there was not enough usable data for a fair comparison.	For late competitive game sessions, only 2 of 11 checked event windows could be compared. Data was available for 41% of what was needed, and 9 event windows were left out for missing or unreliable data.	The data shows a difference in heart rate, but it's not consistent.	Vueniverse compared 2 windows, but neither matched the usual difference.	More windows could show the usual difference.	{"schema_version":2,"context_reference_id":"ctx_67865352e3806ecc","summary":"The data shows a difference in heart rate, but it's not consistent.","paragraphs":[{"text":"Vueniverse compared 2 windows, but neither matched the usual difference.","citations":["included_count","median_difference"]}],"uncertainty":"More windows could show the usual difference.","unresolved_influence_ids":[],"next_observation_id":null}
vanilla	88	insufficient_data	observe_next	true	false		For late competitive game sessions, there was not enough usable data for a fair comparison.	For late competitive game sessions, only 2 of 11 checked event windows could be compared. Data was available for 41% of what was needed, and 9 event windows were left out for missing or unreliable data.	The usual difference in heart rate was +9 bpm, but the pattern wasn't consistent.	Vueniverse compared 2 similar nights, and the heart-rate difference stayed small.	More similar nights could change this result.	{"schema_version":2,"context_reference_id":"ctx_67865352e3806ecc","summary":"The usual difference in heart rate was +9 bpm, but the pattern wasn't consistent.","paragraphs":[{"text":"Vueniverse compared 2 similar nights, and the heart-rate difference stayed small.","citations":["included_count","median_difference"]}],"uncertainty":"More similar nights could change this result.","unresolved_influence_ids":[],"next_observation_id":null}
vanilla	89	insufficient_data	promotion_gate	false	true	paragraph_0_unsupported_numbers:['2']	For late competitive game sessions, there was not enough usable data for a fair comparison.	For late competitive game sessions, only 2 of 11 checked event windows could be compared. Data was available for 41% of what was needed, and 9 event windows were left out for missing or unreliable data.	The data shows a small difference in heart rate, but not a clear pattern.	Vueniverse compared 2 similar nights, and the heart-rate difference was +9 bpm.	More similar nights could change this result.	{"schema_version":2,"context_reference_id":"ctx_67865352e3806ecc","summary":"The data shows a small difference in heart rate, but not a clear pattern.","paragraphs":[{"text":"Vueniverse compared 2 similar nights, and the heart-rate difference was +9 bpm.","citations":["median_difference"]}],"uncertainty":"More similar nights could change this result.","unresolved_influence_ids":[],"next_observation_id":null}
vanilla	90	insufficient_data	explain	false	true	paragraph_0_unsupported_numbers:['1']	For late caffeine intake entries, there was not enough usable data for a fair comparison.	For late caffeine intake entries, only 1 of 7 checked event windows could be compared. Data was available for 65% of what was needed, and 6 event windows were left out for missing or unreliable data.	Vueniverse compared 7 event windows, but only 1 had enough data to show a pattern.	Vueniverse could compare 1 window, and the heart-rate difference was -7 bpm.	More similar windows could change this result.	{"schema_version":2,"context_reference_id":"ctx_540c862dc3996893","summary":"Vueniverse compared 7 event windows, but only 1 had enough data to show a pattern.","paragraphs":[{"text":"Vueniverse could compare 1 window, and the heart-rate difference was -7 bpm.","citations":["median_difference"]}],"uncertainty":"More similar windows could change this result.","unresolved_influence_ids":[],"next_observation_id":null}
vanilla	91	insufficient_data	what_weakens	false	true	paragraph_0_unsupported_numbers:['1']	For late caffeine intake entries, there was not enough usable data for a fair comparison.	For late caffeine intake entries, only 1 of 7 checked event windows could be compared. Data was available for 65% of what was needed, and 6 event windows were left out for missing or unreliable data.	The data shows only one instance of the late caffeine intake pattern, so it's not clear if this is a repeatable result.	Vueniverse could compare 1 night, and the heart-rate difference was -7 bpm.	More similar nights could change this result.	{"schema_version":2,"context_reference_id":"ctx_540c862dc3996893","summary":"The data shows only one instance of the late caffeine intake pattern, so it's not clear if this is a repeatable result.","paragraphs":[{"text":"Vueniverse could compare 1 night, and the heart-rate difference was -7 bpm.","citations":["median_difference"]}],"uncertainty":"More similar nights could change this result.","unresolved_influence_ids":["caffeine_timing","recent_exercise","unusual_stress"],"next_observation_id":null}
vanilla	92	insufficient_data	what_is_missing	true	false		For late caffeine intake entries, there was not enough usable data for a fair comparison.	For late caffeine intake entries, only 1 of 7 checked event windows could be compared. Data was available for 65% of what was needed, and 6 event windows were left out for missing or unreliable data.	Vueniverse compared 7 event windows, but only 1 had enough data.	Vueniverse could compare 1 window, and the heart-rate difference was -7 bpm.	More similar windows could change this result.	{"schema_version":2,"context_reference_id":"ctx_540c862dc3996893","summary":"Vueniverse compared 7 event windows, but only 1 had enough data.","paragraphs":[{"text":"Vueniverse could compare 1 window, and the heart-rate difference was -7 bpm.","citations":["included_count","median_difference"]}],"uncertainty":"More similar windows could change this result.","unresolved_influence_ids":[],"next_observation_id":null}
vanilla	93	insufficient_data	what_disagrees	false	true	paragraph_0_unsupported_numbers:['2']	For late caffeine intake entries, there was not enough usable data for a fair comparison.	For late caffeine intake entries, only 1 of 7 checked event windows could be compared. Data was available for 65% of what was needed, and 6 event windows were left out for missing or unreliable data.	The data shows no clear pattern in the heart-rate difference.	Vueniverse compared 1 event window with 2 similar times. The usual difference was -7 bpm, but the range seen was from -10 to -4 bpm.	More similar times could change this result.	{"schema_version":2,"context_reference_id":"ctx_540c862dc3996893","summary":"The data shows no clear pattern in the heart-rate difference.","paragraphs":[{"text":"Vueniverse compared 1 event window with 2 similar times. The usual difference was -7 bpm, but the range seen was from -10 to -4 bpm.","citations":["included_count","median_difference","effect_range"]}],"uncertainty":"More similar times could change this result.","unresolved_influence_ids":["caffeine_timing","recent_exercise","unusual_stress"],"next_observation_id":null}
vanilla	94	insufficient_data	observe_next	false	true	paragraph_0_unsupported_numbers:['1']	For late caffeine intake entries, there was not enough usable data for a fair comparison.	For late caffeine intake entries, only 1 of 7 checked event windows could be compared. Data was available for 65% of what was needed, and 6 event windows were left out for missing or unreliable data.	The data shows a usual difference of -7 bpm, but no consistent pattern was found in the limited data.	Vueniverse compared 1 event window with 2 similar no-event windows. The usual difference was -7 bpm.	More similar windows could change this result.	{"schema_version":2,"context_reference_id":"ctx_540c862dc3996893","summary":"The data shows a usual difference of -7 bpm, but no consistent pattern was found in the limited data.","paragraphs":[{"text":"Vueniverse compared 1 event window with 2 similar no-event windows. The usual difference was -7 bpm.","citations":["median_difference","control_count"]}],"uncertainty":"More similar windows could change this result.","unresolved_influence_ids":["caffeine_timing","recent_exercise","unusual_stress"],"next_observation_id":null}
vanilla	95	insufficient_data	promotion_gate	true	false		For late caffeine intake entries, there was not enough usable data for a fair comparison.	For late caffeine intake entries, only 1 of 7 checked event windows could be compared. Data was available for 65% of what was needed, and 6 event windows were left out for missing or unreliable data.	The data shows no clear pattern in the heart-rate changes, as only one window was compared and it didn't match the usual difference.	Vueniverse compared one window, and it didn't match the usual heart-rate difference.	More similar windows could show a pattern.	{"schema_version":2,"context_reference_id":"ctx_540c862dc3996893","summary":"The data shows no clear pattern in the heart-rate changes, as only one window was compared and it didn't match the usual difference.","paragraphs":[{"text":"Vueniverse compared one window, and it didn't match the usual heart-rate difference.","citations":["included_count","median_difference"]}],"uncertainty":"More similar windows could show a pattern.","unresolved_influence_ids":[],"next_observation_id":null}
vanilla	96	insufficient_data	explain	false	true	paragraph_0_unsupported_numbers:['2']	For journal entries tagged high workload and stress, there was not enough usable data for a fair comparison.	For journal entries tagged high workload and stress, only 1 of 9 checked event windows could be compared. Data was available for 66% of what was needed, and 8 event windows were left out for missing or unreliable data.	The data shows a small, consistent difference in heart rate, but it's not clear if this pattern repeats.	Vueniverse compared 1 night's heart rate data with 2 similar nights. The usual difference was +4 bpm. The data shows a small difference, but it's not clear if this pattern repeats.	More similar nights could change this result.	{"schema_version":2,"context_reference_id":"ctx_e70ab83aa5eb2ec9","summary":"The data shows a small, consistent difference in heart rate, but it's not clear if this pattern repeats.","paragraphs":[{"text":"Vueniverse compared 1 night's heart rate data with 2 similar nights. The usual difference was +4 bpm.","citations":["median_difference","included_count"]},{"text":"The data shows a small difference, but it's not clear if this pattern repeats.","citations":["included_count","median_difference"]}],"uncertainty":"More similar nights could change this result.","unresolved_influence_ids":[],"next_observation_id":null}
vanilla	97	insufficient_data	what_weakens	false	true	paragraph_0_unsupported_numbers:['1']	For journal entries tagged high workload and stress, there was not enough usable data for a fair comparison.	For journal entries tagged high workload and stress, only 1 of 9 checked event windows could be compared. Data was available for 66% of what was needed, and 8 event windows were left out for missing or unreliable data.	The heart-rate difference was usually +4 bpm, but the data is incomplete.	Vueniverse compared 1 event window with 2 similar times. The usual difference was +4 bpm.	More similar times could change this result.	{"schema_version":2,"context_reference_id":"ctx_e70ab83aa5eb2ec9","summary":"The heart-rate difference was usually +4 bpm, but the data is incomplete.","paragraphs":[{"text":"Vueniverse compared 1 event window with 2 similar times. The usual difference was +4 bpm.","citations":["median_difference","control_count"]}],"uncertainty":"More similar times could change this result.","unresolved_influence_ids":[],"next_observation_id":null}
vanilla	98	insufficient_data	what_is_missing	false	true	paragraph_0_unsupported_numbers:['1']	For journal entries tagged high workload and stress, there was not enough usable data for a fair comparison.	For journal entries tagged high workload and stress, only 1 of 9 checked event windows could be compared. Data was available for 66% of what was needed, and 8 event windows were left out for missing or unreliable data.	Vueniverse compared 1 night's heart rate data.	Vueniverse could compare 1 night, and the heart-rate difference was +4 bpm.	More similar nights could change this result.	{"schema_version":2,"context_reference_id":"ctx_e70ab83aa5eb2ec9","summary":"Vueniverse compared 1 night's heart rate data.","paragraphs":[{"text":"Vueniverse could compare 1 night, and the heart-rate difference was +4 bpm.","citations":["median_difference"]}],"uncertainty":"More similar nights could change this result.","unresolved_influence_ids":[],"next_observation_id":null}
vanilla	99	insufficient_data	what_disagrees	false	true	paragraph_0_unsupported_numbers:['1']	For journal entries tagged high workload and stress, there was not enough usable data for a fair comparison.	For journal entries tagged high workload and stress, only 1 of 9 checked event windows could be compared. Data was available for 66% of what was needed, and 8 event windows were left out for missing or unreliable data.	The data shows a usual difference of +4 bpm, but the pattern is not clear.	Vueniverse compared 1 event window with 2 similar times. The usual difference was +4 bpm.	More similar times could change this result.	{"schema_version":2,"context_reference_id":"ctx_e70ab83aa5eb2ec9","summary":"The data shows a usual difference of +4 bpm, but the pattern is not clear.","paragraphs":[{"text":"Vueniverse compared 1 event window with 2 similar times. The usual difference was +4 bpm.","citations":["median_difference","control_count"]}],"uncertainty":"More similar times could change this result.","unresolved_influence_ids":[],"next_observation_id":null}
vanilla	100	insufficient_data	observe_next	false	true	paragraph_0_unsupported_numbers:['1']	For journal entries tagged high workload and stress, there was not enough usable data for a fair comparison.	For journal entries tagged high workload and stress, only 1 of 9 checked event windows could be compared. Data was available for 66% of what was needed, and 8 event windows were left out for missing or unreliable data.	The heart-rate difference was usually +4 bpm, but the data is incomplete.	Vueniverse compared 1 event window with 2 similar times. The usual difference was +4 bpm.	More similar times could change this result.	{"schema_version":2,"context_reference_id":"ctx_e70ab83aa5eb2ec9","summary":"The heart-rate difference was usually +4 bpm, but the data is incomplete.","paragraphs":[{"text":"Vueniverse compared 1 event window with 2 similar times. The usual difference was +4 bpm.","citations":["median_difference","control_count"]}],"uncertainty":"More similar times could change this result.","unresolved_influence_ids":[],"next_observation_id":null}
vanilla	101	insufficient_data	promotion_gate	false	true	paragraph_0_unsupported_numbers:['1']	For journal entries tagged high workload and stress, there was not enough usable data for a fair comparison.	For journal entries tagged high workload and stress, only 1 of 9 checked event windows could be compared. Data was available for 66% of what was needed, and 8 event windows were left out for missing or unreliable data.	Vueniverse compared 1 night's data, finding a usual difference of +4 bpm.	Vueniverse could compare 1 night, and the heart-rate difference was +4 bpm.	More similar nights could change this result.	{"schema_version":2,"context_reference_id":"ctx_e70ab83aa5eb2ec9","summary":"Vueniverse compared 1 night's data, finding a usual difference of +4 bpm.","paragraphs":[{"text":"Vueniverse could compare 1 night, and the heart-rate difference was +4 bpm.","citations":["median_difference"]}],"uncertainty":"More similar nights could change this result.","unresolved_influence_ids":[],"next_observation_id":null}
vanilla	102	insufficient_data	explain	true	false		For short daytime calls with close contact, there was not enough usable data for a fair comparison.	For short daytime calls with close contact, only 2 of 12 checked event windows could be compared. Data was available for 49% of what was needed, and 10 event windows were left out for missing or unreliable data.	The usual difference in heart rate was -9 bpm, but the range seen was from -13 to -5 bpm.	Vueniverse compared 2 similar daytime calls. The usual difference was -9 bpm, but the range seen was from -13 to -5 bpm.	More similar calls could change this result.	{"schema_version":2,"context_reference_id":"ctx_1ad1caed76956cbb","summary":"The usual difference in heart rate was -9 bpm, but the range seen was from -13 to -5 bpm.","paragraphs":[{"text":"Vueniverse compared 2 similar daytime calls. The usual difference was -9 bpm, but the range seen was from -13 to -5 bpm.","citations":["included_count","median_difference","effect_range"]}],"uncertainty":"More similar calls could change this result.","unresolved_influence_ids":[],"next_observation_id":null}
vanilla	103	insufficient_data	what_weakens	true	false		For short daytime calls with close contact, there was not enough usable data for a fair comparison.	For short daytime calls with close contact, only 2 of 12 checked event windows could be compared. Data was available for 49% of what was needed, and 10 event windows were left out for missing or unreliable data.	The usual difference in heart-rate was -9 bpm, but the range seen was -13 to -5 bpm.	Vueniverse compared 2 similar daytime calls. The usual difference was -9 bpm, but the range seen was -13 to -5 bpm.	More similar calls could change this result.	{"schema_version":2,"context_reference_id":"ctx_1ad1caed76956cbb","summary":"The usual difference in heart-rate was -9 bpm, but the range seen was -13 to -5 bpm.","paragraphs":[{"text":"Vueniverse compared 2 similar daytime calls. The usual difference was -9 bpm, but the range seen was -13 to -5 bpm.","citations":["included_count","median_difference","effect_range"]}],"uncertainty":"More similar calls could change this result.","unresolved_influence_ids":[],"next_observation_id":null}
vanilla	104	insufficient_data	what_is_missing	true	false		For short daytime calls with close contact, there was not enough usable data for a fair comparison.	For short daytime calls with close contact, only 2 of 12 checked event windows could be compared. Data was available for 49% of what was needed, and 10 event windows were left out for missing or unreliable data.	The usual difference in heart rate was -9 bpm, but the range seen was -13 to -5 bpm.	Vueniverse compared 2 similar daytime calls. The usual difference was -9 bpm. The range of differences seen was from -13 bpm to -5 bpm.	More similar calls could change this result.	{"schema_version":2,"context_reference_id":"ctx_1ad1caed76956cbb","summary":"The usual difference in heart rate was -9 bpm, but the range seen was -13 to -5 bpm.","paragraphs":[{"text":"Vueniverse compared 2 similar daytime calls. The usual difference was -9 bpm.","citations":["median_difference","included_count"]},{"text":"The range of differences seen was from -13 bpm to -5 bpm.","citations":["effect_range"]}],"uncertainty":"More similar calls could change this result.","unresolved_influence_ids":["caffeine_timing","recent_exercise","unusual_stress"],"next_observation_id":null}
vanilla	105	insufficient_data	what_disagrees	true	false		For short daytime calls with close contact, there was not enough usable data for a fair comparison.	For short daytime calls with close contact, only 2 of 12 checked event windows could be compared. Data was available for 49% of what was needed, and 10 event windows were left out for missing or unreliable data.	The usual difference in heart rate was -9 bpm, but the range seen was from -13 to -5 bpm.	Vueniverse compared 2 similar daytime calls. The usual difference was -9 bpm. The range seen in the data was from -13 to -5 bpm.	More similar calls could change this result.	{"schema_version":2,"context_reference_id":"ctx_1ad1caed76956cbb","summary":"The usual difference in heart rate was -9 bpm, but the range seen was from -13 to -5 bpm.","paragraphs":[{"text":"Vueniverse compared 2 similar daytime calls. The usual difference was -9 bpm.","citations":["median_difference","included_count"]},{"text":"The range seen in the data was from -13 to -5 bpm.","citations":["effect_range"]}],"uncertainty":"More similar calls could change this result.","unresolved_influence_ids":[],"next_observation_id":null}
vanilla	106	insufficient_data	observe_next	true	false		For short daytime calls with close contact, there was not enough usable data for a fair comparison.	For short daytime calls with close contact, only 2 of 12 checked event windows could be compared. Data was available for 49% of what was needed, and 10 event windows were left out for missing or unreliable data.	The usual difference in heart rate was -9 bpm, but the range seen was -13 to -5 bpm.	Vueniverse compared 2 similar daytime calls. The usual difference was -9 bpm, but the range seen was -13 to -5 bpm.	More similar calls could change this result.	{"schema_version":2,"context_reference_id":"ctx_1ad1caed76956cbb","summary":"The usual difference in heart rate was -9 bpm, but the range seen was -13 to -5 bpm.","paragraphs":[{"text":"Vueniverse compared 2 similar daytime calls. The usual difference was -9 bpm, but the range seen was -13 to -5 bpm.","citations":["included_count","median_difference","effect_range"]}],"uncertainty":"More similar calls could change this result.","unresolved_influence_ids":[],"next_observation_id":null}
vanilla	107	insufficient_data	promotion_gate	true	false		For short daytime calls with close contact, there was not enough usable data for a fair comparison.	For short daytime calls with close contact, only 2 of 12 checked event windows could be compared. Data was available for 49% of what was needed, and 10 event windows were left out for missing or unreliable data.	The heart-rate difference was usually -9 bpm, but the data was incomplete.	Vueniverse compared 2 similar daytime calls. The usual difference was -9 bpm, but the data was incomplete.	More similar calls could change this result.	{"schema_version":2,"context_reference_id":"ctx_1ad1caed76956cbb","summary":"The heart-rate difference was usually -9 bpm, but the data was incomplete.","paragraphs":[{"text":"Vueniverse compared 2 similar daytime calls. The usual difference was -9 bpm, but the data was incomplete.","citations":["included_count","median_difference"]}],"uncertainty":"More similar calls could change this result.","unresolved_influence_ids":[],"next_observation_id":null}
vanilla	108	insufficient_data	explain	true	false		For recurring personal meetings, there was not enough usable data for a fair comparison.	For recurring personal meetings, only 2 of 12 checked event windows could be compared. Data was available for 38% of what was needed, and 10 event windows were left out for missing or unreliable data.	The heart-rate difference usually stayed small, but the data is incomplete.	Vueniverse compared 2 similar nights, and the heart-rate difference was usually +9 bpm. The usual difference was +9 bpm, but the data is incomplete.	More similar nights could change this result.	{"schema_version":2,"context_reference_id":"ctx_33034c5f0f5f47dd","summary":"The heart-rate difference usually stayed small, but the data is incomplete.","paragraphs":[{"text":"Vueniverse compared 2 similar nights, and the heart-rate difference was usually +9 bpm.","citations":["median_difference","included_count"]},{"text":"The usual difference was +9 bpm, but the data is incomplete.","citations":["median_difference","included_count"]}],"uncertainty":"More similar nights could change this result.","unresolved_influence_ids":["caffeine_timing","recent_exercise","unusual_stress"],"next_observation_id":null}
vanilla	109	insufficient_data	what_weakens	true	false		For recurring personal meetings, there was not enough usable data for a fair comparison.	For recurring personal meetings, only 2 of 12 checked event windows could be compared. Data was available for 38% of what was needed, and 10 event windows were left out for missing or unreliable data.	The usual difference in heart rate was +9 bpm, but the data is incomplete.	Vueniverse compared 2 similar nights, and the heart-rate difference stayed small.	More similar nights could change this result.	{"schema_version":2,"context_reference_id":"ctx_33034c5f0f5f47dd","summary":"The usual difference in heart rate was +9 bpm, but the data is incomplete.","paragraphs":[{"text":"Vueniverse compared 2 similar nights, and the heart-rate difference stayed small.","citations":["included_count","median_difference"]}],"uncertainty":"More similar nights could change this result.","unresolved_influence_ids":[],"next_observation_id":null}
vanilla	110	insufficient_data	what_is_missing	true	false		For recurring personal meetings, there was not enough usable data for a fair comparison.	For recurring personal meetings, only 2 of 12 checked event windows could be compared. Data was available for 38% of what was needed, and 10 event windows were left out for missing or unreliable data.	Across 2 similar nights, the usual difference was +9 bpm, so there was no clear repeated pattern.	Vueniverse could fairly compare 2 nights, and the heart-rate difference stayed small.	More similar nights could change this result.	{"schema_version":2,"context_reference_id":"ctx_33034c5f0f5f47dd","summary":"Across 2 similar nights, the usual difference was +9 bpm, so there was no clear repeated pattern.","paragraphs":[{"text":"Vueniverse could fairly compare 2 nights, and the heart-rate difference stayed small.","citations":["included_count","median_difference"]}],"uncertainty":"More similar nights could change this result.","unresolved_influence_ids":[],"next_observation_id":null}
vanilla	111	insufficient_data	what_disagrees	true	false		For recurring personal meetings, there was not enough usable data for a fair comparison.	For recurring personal meetings, only 2 of 12 checked event windows could be compared. Data was available for 38% of what was needed, and 10 event windows were left out for missing or unreliable data.	Across 2 similar nights, the usual difference was +9 bpm, so there was no clear repeated pattern.	Vueniverse could fairly compare 2 nights, and the heart-rate difference stayed small.	More similar nights could change this result.	{"schema_version":2,"context_reference_id":"ctx_33034c5f0f5f47dd","summary":"Across 2 similar nights, the usual difference was +9 bpm, so there was no clear repeated pattern.","paragraphs":[{"text":"Vueniverse could fairly compare 2 nights, and the heart-rate difference stayed small.","citations":["included_count","median_difference"]}],"uncertainty":"More similar nights could change this result.","unresolved_influence_ids":[],"next_observation_id":null}
vanilla	112	insufficient_data	observe_next	true	false		For recurring personal meetings, there was not enough usable data for a fair comparison.	For recurring personal meetings, only 2 of 12 checked event windows could be compared. Data was available for 38% of what was needed, and 10 event windows were left out for missing or unreliable data.	The usual difference in heart rate was +9 bpm, but the data is incomplete.	Vueniverse could compare 2 nights, and the heart-rate difference stayed small.	More similar nights could change this result.	{"schema_version":2,"context_reference_id":"ctx_33034c5f0f5f47dd","summary":"The usual difference in heart rate was +9 bpm, but the data is incomplete.","paragraphs":[{"text":"Vueniverse could compare 2 nights, and the heart-rate difference stayed small.","citations":["included_count","median_difference"]}],"uncertainty":"More similar nights could change this result.","unresolved_influence_ids":[],"next_observation_id":null}
vanilla	113	insufficient_data	promotion_gate	true	false		For recurring personal meetings, there was not enough usable data for a fair comparison.	For recurring personal meetings, only 2 of 12 checked event windows could be compared. Data was available for 38% of what was needed, and 10 event windows were left out for missing or unreliable data.	The heart-rate difference was usually +9 bpm, but the data was incomplete.	Vueniverse compared 2 similar nights, and the heart-rate difference stayed small.	More similar nights could change this result.	{"schema_version":2,"context_reference_id":"ctx_33034c5f0f5f47dd","summary":"The heart-rate difference was usually +9 bpm, but the data was incomplete.","paragraphs":[{"text":"Vueniverse compared 2 similar nights, and the heart-rate difference stayed small.","citations":["included_count","median_difference"]}],"uncertainty":"More similar nights could change this result.","unresolved_influence_ids":[],"next_observation_id":null}
vanilla	114	insufficient_data	explain	true	false		For late reading screen use, there was not enough usable data for a fair comparison.	For late reading screen use, only 2 of 10 checked event windows could be compared. Data was available for 61% of what was needed, and 8 event windows were left out for missing or unreliable data.	The data shows a small, consistent difference in heart rate, but it's not a clear pattern.	Vueniverse compared 2 similar nights, and the heart-rate difference stayed small.	More similar nights could change this result.	{"schema_version":2,"context_reference_id":"ctx_183efb34d8be805c","summary":"The data shows a small, consistent difference in heart rate, but it's not a clear pattern.","paragraphs":[{"text":"Vueniverse compared 2 similar nights, and the heart-rate difference stayed small.","citations":["included_count","median_difference"]}],"uncertainty":"More similar nights could change this result.","unresolved_influence_ids":[],"next_observation_id":null}
vanilla	115	insufficient_data	what_weakens	false	true	paragraph_0_unsupported_numbers:['2']	For late reading screen use, there was not enough usable data for a fair comparison.	For late reading screen use, only 2 of 10 checked event windows could be compared. Data was available for 61% of what was needed, and 8 event windows were left out for missing or unreliable data.	The usual difference in heart rate was +3 bpm, but the data is incomplete.	Vueniverse compared 2 similar nights. The usual difference was +3 bpm.	More similar nights could change this result.	{"schema_version":2,"context_reference_id":"ctx_183efb34d8be805c","summary":"The usual difference in heart rate was +3 bpm, but the data is incomplete.","paragraphs":[{"text":"Vueniverse compared 2 similar nights. The usual difference was +3 bpm.","citations":["median_difference"]}],"uncertainty":"More similar nights could change this result.","unresolved_influence_ids":[],"next_observation_id":null}
vanilla	116	insufficient_data	what_is_missing	true	false		For late reading screen use, there was not enough usable data for a fair comparison.	For late reading screen use, only 2 of 10 checked event windows could be compared. Data was available for 61% of what was needed, and 8 event windows were left out for missing or unreliable data.	The usual difference in heart rate was +3 bpm, but the data is incomplete.	Vueniverse compared 2 similar nights, and the heart-rate difference stayed small.	More similar nights could change this result.	{"schema_version":2,"context_reference_id":"ctx_183efb34d8be805c","summary":"The usual difference in heart rate was +3 bpm, but the data is incomplete.","paragraphs":[{"text":"Vueniverse compared 2 similar nights, and the heart-rate difference stayed small.","citations":["included_count","median_difference"]}],"uncertainty":"More similar nights could change this result.","unresolved_influence_ids":[],"next_observation_id":null}
vanilla	117	insufficient_data	what_disagrees	true	false		For late reading screen use, there was not enough usable data for a fair comparison.	For late reading screen use, only 2 of 10 checked event windows could be compared. Data was available for 61% of what was needed, and 8 event windows were left out for missing or unreliable data.	The usual difference in heart rate was +3 bpm, but the data only covers 2 windows.	Vueniverse compared 2 similar nights, and the heart-rate difference stayed small.	More similar nights could change this result.	{"schema_version":2,"context_reference_id":"ctx_183efb34d8be805c","summary":"The usual difference in heart rate was +3 bpm, but the data only covers 2 windows.","paragraphs":[{"text":"Vueniverse compared 2 similar nights, and the heart-rate difference stayed small.","citations":["included_count","median_difference"]}],"uncertainty":"More similar nights could change this result.","unresolved_influence_ids":[],"next_observation_id":null}
vanilla	118	insufficient_data	observe_next	true	false		For late reading screen use, there was not enough usable data for a fair comparison.	For late reading screen use, only 2 of 10 checked event windows could be compared. Data was available for 61% of what was needed, and 8 event windows were left out for missing or unreliable data.	The usual difference in heart rate was +3 bpm, but the data is incomplete.	Vueniverse compared 2 similar nights, and the heart-rate difference stayed small.	More similar nights could change this result.	{"schema_version":2,"context_reference_id":"ctx_183efb34d8be805c","summary":"The usual difference in heart rate was +3 bpm, but the data is incomplete.","paragraphs":[{"text":"Vueniverse compared 2 similar nights, and the heart-rate difference stayed small.","citations":["included_count","median_difference"]}],"uncertainty":"More similar nights could change this result.","unresolved_influence_ids":[],"next_observation_id":null}
vanilla	119	insufficient_data	promotion_gate	false	true	paragraph_0_unsupported_numbers:['2']	For late reading screen use, there was not enough usable data for a fair comparison.	For late reading screen use, only 2 of 10 checked event windows could be compared. Data was available for 61% of what was needed, and 8 event windows were left out for missing or unreliable data.	The heart-rate difference was usually +3 bpm, but the data was incomplete.	Vueniverse compared 2 similar nights, and the usual difference was +3 bpm.	More similar nights could change this result.	{"schema_version":2,"context_reference_id":"ctx_183efb34d8be805c","summary":"The heart-rate difference was usually +3 bpm, but the data was incomplete.","paragraphs":[{"text":"Vueniverse compared 2 similar nights, and the usual difference was +3 bpm.","citations":["median_difference"]}],"uncertainty":"More similar nights could change this result.","unresolved_influence_ids":[],"next_observation_id":null}
vanilla	120	insufficient_data	explain	false	true	paragraph_0_unsupported_numbers:['2']	For reflective late-night music sessions, there was not enough usable data for a fair comparison.	For reflective late-night music sessions, only 2 of 9 checked event windows could be compared. Data was available for 68% of what was needed, and 7 event windows were left out for missing or unreliable data.	Vueniverse compared 9 event windows, but only 2 had enough data to compare.	Vueniverse could compare 2 windows, and the usual difference was -8 bpm.	More similar windows could change this result.	{"schema_version":2,"context_reference_id":"ctx_d7cf860475e99a63","summary":"Vueniverse compared 9 event windows, but only 2 had enough data to compare.","paragraphs":[{"text":"Vueniverse could compare 2 windows, and the usual difference was -8 bpm.","citations":["median_difference"]}],"uncertainty":"More similar windows could change this result.","unresolved_influence_ids":[],"next_observation_id":null}
vanilla	121	insufficient_data	what_weakens	true	false		For reflective late-night music sessions, there was not enough usable data for a fair comparison.	For reflective late-night music sessions, only 2 of 9 checked event windows could be compared. Data was available for 68% of what was needed, and 7 event windows were left out for missing or unreliable data.	The data shows a small, consistent difference in heart rate, but not enough to be sure about the pattern.	Vueniverse compared 2 similar nights, and the heart-rate difference stayed small.	More similar nights could change this result.	{"schema_version":2,"context_reference_id":"ctx_d7cf860475e99a63","summary":"The data shows a small, consistent difference in heart rate, but not enough to be sure about the pattern.","paragraphs":[{"text":"Vueniverse compared 2 similar nights, and the heart-rate difference stayed small.","citations":["included_count","median_difference"]}],"uncertainty":"More similar nights could change this result.","unresolved_influence_ids":[],"next_observation_id":null}
vanilla	122	insufficient_data	what_is_missing	true	false		For reflective late-night music sessions, there was not enough usable data for a fair comparison.	For reflective late-night music sessions, only 2 of 9 checked event windows could be compared. Data was available for 68% of what was needed, and 7 event windows were left out for missing or unreliable data.	The data shows a usual difference of -8 bpm, but only 2 out of 9 windows were compared.	Vueniverse compared 2 windows, and the usual difference was -8 bpm.	More windows could show the same pattern.	{"schema_version":2,"context_reference_id":"ctx_d7cf860475e99a63","summary":"The data shows a usual difference of -8 bpm, but only 2 out of 9 windows were compared.","paragraphs":[{"text":"Vueniverse compared 2 windows, and the usual difference was -8 bpm.","citations":["median_difference","included_count"]}],"uncertainty":"More windows could show the same pattern.","unresolved_influence_ids":[],"next_observation_id":null}
vanilla	123	insufficient_data	what_disagrees	true	false		For reflective late-night music sessions, there was not enough usable data for a fair comparison.	For reflective late-night music sessions, only 2 of 9 checked event windows could be compared. Data was available for 68% of what was needed, and 7 event windows were left out for missing or unreliable data.	The data shows a usual difference in heart rate, but it's not clear if this pattern repeats.	Vueniverse could compare 2 nights, and the heart-rate difference stayed small.	More similar nights could change this result.	{"schema_version":2,"context_reference_id":"ctx_d7cf860475e99a63","summary":"The data shows a usual difference in heart rate, but it's not clear if this pattern repeats.","paragraphs":[{"text":"Vueniverse could compare 2 nights, and the heart-rate difference stayed small.","citations":["included_count","median_difference"]}],"uncertainty":"More similar nights could change this result.","unresolved_influence_ids":[],"next_observation_id":null}
vanilla	124	insufficient_data	observe_next	false	true	paragraph_0_unsupported_numbers:['2']	For reflective late-night music sessions, there was not enough usable data for a fair comparison.	For reflective late-night music sessions, only 2 of 9 checked event windows could be compared. Data was available for 68% of what was needed, and 7 event windows were left out for missing or unreliable data.	The usual difference in heart rate was -8 bpm, but the data is incomplete.	Vueniverse compared 2 similar nights, and the heart-rate difference was usually -8 bpm.	More similar nights could change this result.	{"schema_version":2,"context_reference_id":"ctx_d7cf860475e99a63","summary":"The usual difference in heart rate was -8 bpm, but the data is incomplete.","paragraphs":[{"text":"Vueniverse compared 2 similar nights, and the heart-rate difference was usually -8 bpm.","citations":["median_difference"]}],"uncertainty":"More similar nights could change this result.","unresolved_influence_ids":[],"next_observation_id":null}
vanilla	125	insufficient_data	promotion_gate	false	true	invalid_schema:1	For reflective late-night music sessions, there was not enough usable data for a fair comparison.	For reflective late-night music sessions, only 2 of 9 checked event windows could be compared. Data was available for 68% of what was needed, and 7 event windows were left out for missing or unreliable data.	[unparseable]	[unparseable]	[unparseable]	{"schema_version":2,"context_reference_id":"ctx_d7cf860475e99a63","summary":"The data shows a usual difference in heart rate, but not enough data to confirm a pattern.","paragraphs":[{"text":"Vueniverse compared 2 similar nights, and the heart-rate difference was usually -8 bpm.","citations":["median_difference","included_count"]},{"text":"There was no clear pattern because only 2 nights had enough data to compare.","citations":["consistent_count","counter_count","excluded_count","control_count"]}],"uncertainty":"More similar nights could change this result.","unresolved_influence_ids":[],"next_observation_id":null}
vanilla	126	null	explain	false	true	invalid_schema:1	For late cooperative game sessions, there was no clear repeated heart-rate pattern.	For late cooperative game sessions, across 4 comparable event windows, the usual heart-rate difference was -1 beats per minute, which stayed small. The same direction appeared in 1 of 4, while 3 event windows did not match.	[unparseable]	[unparseable]	[unparseable]	{"schema_version":2,"context_reference_id":"ctx_ed9d9b881d60d652","summary":"The data shows a small, consistent difference in heart rate, but it's not a clear pattern.","paragraphs":[{"text":"Vueniverse compared 4 similar times, and the heart-rate difference was usually -1 bpm.","citations":["median_difference","included_count"]},{"text":"The difference could range from -4 bpm to +2 bpm.","citations":["effect_range"]},{"text":"The data shows 4 similar times were compared, but 4 were left out because of missing data.","citations":["excluded_count","included_count"]}],"uncertainty":"More similar times could change this result.","unresolved_influence_ids":[],"next_observation_id":null}
vanilla	127	null	what_weakens	true	false		For late cooperative game sessions, there was no clear repeated heart-rate pattern.	For late cooperative game sessions, across 4 comparable event windows, the usual heart-rate difference was -1 beats per minute, which stayed small. The same direction appeared in 1 of 4, while 3 event windows did not match.	The usual difference in heart rate was -1 bpm, but the range seen was -4 to +2 bpm.	Vueniverse compared 4 similar nights, and the usual difference was -1 bpm. The range of differences seen was from -4 bpm to +2 bpm.	More similar nights could change this result.	{"schema_version":2,"context_reference_id":"ctx_ed9d9b881d60d652","summary":"The usual difference in heart rate was -1 bpm, but the range seen was -4 to +2 bpm.","paragraphs":[{"text":"Vueniverse compared 4 similar nights, and the usual difference was -1 bpm.","citations":["median_difference","included_count"]},{"text":"The range of differences seen was from -4 bpm to +2 bpm.","citations":["effect_range"]}],"uncertainty":"More similar nights could change this result.","unresolved_influence_ids":[],"next_observation_id":null}
vanilla	128	null	what_is_missing	true	false		For late cooperative game sessions, there was no clear repeated heart-rate pattern.	For late cooperative game sessions, across 4 comparable event windows, the usual heart-rate difference was -1 beats per minute, which stayed small. The same direction appeared in 1 of 4, while 3 event windows did not match.	Across 4 similar nights, the usual difference was -1 beat per minute, so there was no clear repeated pattern.	Vueniverse could fairly compare 4 nights, and the heart-rate difference stayed small.	More similar nights could change this result.	{"schema_version":2,"context_reference_id":"ctx_ed9d9b881d60d652","summary":"Across 4 similar nights, the usual difference was -1 beat per minute, so there was no clear repeated pattern.","paragraphs":[{"text":"Vueniverse could fairly compare 4 nights, and the heart-rate difference stayed small.","citations":["included_count","median_difference"]}],"uncertainty":"More similar nights could change this result.","unresolved_influence_ids":[],"next_observation_id":null}
vanilla	129	null	what_disagrees	true	false		For late cooperative game sessions, there was no clear repeated heart-rate pattern.	For late cooperative game sessions, across 4 comparable event windows, the usual heart-rate difference was -1 beats per minute, which stayed small. The same direction appeared in 1 of 4, while 3 event windows did not match.	The usual difference in heart rate was -1 bpm, but the range seen was -4 to +2 bpm.	Vueniverse compared 4 similar nights, and the usual difference was -1 bpm. The range of differences seen was from -4 bpm to +2 bpm.	More similar nights could change this result.	{"schema_version":2,"context_reference_id":"ctx_ed9d9b881d60d652","summary":"The usual difference in heart rate was -1 bpm, but the range seen was -4 to +2 bpm.","paragraphs":[{"text":"Vueniverse compared 4 similar nights, and the usual difference was -1 bpm.","citations":["median_difference","included_count"]},{"text":"The range of differences seen was from -4 bpm to +2 bpm.","citations":["effect_range"]}],"uncertainty":"More similar nights could change this result.","unresolved_influence_ids":[],"next_observation_id":null}
vanilla	130	null	observe_next	true	false		For late cooperative game sessions, there was no clear repeated heart-rate pattern.	For late cooperative game sessions, across 4 comparable event windows, the usual heart-rate difference was -1 beats per minute, which stayed small. The same direction appeared in 1 of 4, while 3 event windows did not match.	The usual difference in heart rate was -1 bpm, but the range seen was -4 to +2 bpm.	Vueniverse compared 4 similar nights, and the usual difference was -1 bpm. The range of differences seen was from -4 bpm to +2 bpm.	More similar nights could change this result.	{"schema_version":2,"context_reference_id":"ctx_ed9d9b881d60d652","summary":"The usual difference in heart rate was -1 bpm, but the range seen was -4 to +2 bpm.","paragraphs":[{"text":"Vueniverse compared 4 similar nights, and the usual difference was -1 bpm.","citations":["median_difference","included_count"]},{"text":"The range of differences seen was from -4 bpm to +2 bpm.","citations":["effect_range"]}],"uncertainty":"More similar nights could change this result.","unresolved_influence_ids":[],"next_observation_id":null}
vanilla	131	null	promotion_gate	true	false		For late cooperative game sessions, there was no clear repeated heart-rate pattern.	For late cooperative game sessions, across 4 comparable event windows, the usual heart-rate difference was -1 beats per minute, which stayed small. The same direction appeared in 1 of 4, while 3 event windows did not match.	The usual difference in heart rate was -1 bpm, but the data is incomplete.	Vueniverse compared 4 similar nights. The usual difference was -1 bpm. The data is incomplete, as 4 windows were left out.	More similar nights could change this result.	{"schema_version":2,"context_reference_id":"ctx_ed9d9b881d60d652","summary":"The usual difference in heart rate was -1 bpm, but the data is incomplete.","paragraphs":[{"text":"Vueniverse compared 4 similar nights. The usual difference was -1 bpm.","citations":["median_difference","included_count"]},{"text":"The data is incomplete, as 4 windows were left out.","citations":["completeness","excluded_count"]}],"uncertainty":"More similar nights could change this result.","unresolved_influence_ids":[],"next_observation_id":null}
vanilla	132	null	explain	true	false		For balanced evening meal entries, there was no clear repeated heart-rate pattern.	For balanced evening meal entries, across 7 comparable event windows, the usual heart-rate difference was -2 beats per minute, which stayed small. The same direction appeared in 3 of 7, while 4 event windows did not match.	The heart-rate difference was usually around -2 bpm, but it could range from -5 to +1 bpm.	Vueniverse compared 7 similar evening meal times. The usual difference between the meal time and the no-meal time was -2 bpm. The data showed the difference could be as low as -5 bpm or as high as +1 bpm.	More similar times could change this result.	{"schema_version":2,"context_reference_id":"ctx_ba874d0482826022","summary":"The heart-rate difference was usually around -2 bpm, but it could range from -5 to +1 bpm.","paragraphs":[{"text":"Vueniverse compared 7 similar evening meal times. The usual difference between the meal time and the no-meal time was -2 bpm.","citations":["median_difference","included_count"]},{"text":"The data showed the difference could be as low as -5 bpm or as high as +1 bpm.","citations":["effect_range"]}],"uncertainty":"More similar times could change this result.","unresolved_influence_ids":[],"next_observation_id":null}
vanilla	133	null	what_weakens	true	false		For balanced evening meal entries, there was no clear repeated heart-rate pattern.	For balanced evening meal entries, across 7 comparable event windows, the usual heart-rate difference was -2 beats per minute, which stayed small. The same direction appeared in 3 of 7, while 4 event windows did not match.	The usual difference in heart rate was -2 bpm, but the range seen was -5 to +1 bpm.	Vueniverse compared 7 similar evening meal entries. The usual difference was -2 bpm, which is the same as the difference seen in similar times. The range of differences seen was from -5 bpm to +1 bpm. This means the usual difference is within the range of what was seen.	More similar entries could change this result.	{"schema_version":2,"context_reference_id":"ctx_ba874d0482826022","summary":"The usual difference in heart rate was -2 bpm, but the range seen was -5 to +1 bpm.","paragraphs":[{"text":"Vueniverse compared 7 similar evening meal entries. The usual difference was -2 bpm, which is the same as the difference seen in similar times.","citations":["median_difference","included_count","consistent_count"]},{"text":"The range of differences seen was from -5 bpm to +1 bpm. This means the usual difference is within the range of what was seen.","citations":["effect_range","median_difference"]}],"uncertainty":"More similar entries could change this result.","unresolved_influence_ids":[],"next_observation_id":null}
vanilla	134	null	what_is_missing	false	true	paragraph_0_unsupported_numbers:['3']	For balanced evening meal entries, there was no clear repeated heart-rate pattern.	For balanced evening meal entries, across 7 comparable event windows, the usual heart-rate difference was -2 beats per minute, which stayed small. The same direction appeared in 3 of 7, while 4 event windows did not match.	Across 3 similar nights, the usual difference was +1 bpm, so there was no clear repeated pattern.	Vueniverse could fairly compare 3 nights, and the heart-rate difference stayed small.	More similar nights could change this result.	{"schema_version":2,"context_reference_id":"ctx_ba874d0482826022","summary":"Across 3 similar nights, the usual difference was +1 bpm, so there was no clear repeated pattern.","paragraphs":[{"text":"Vueniverse could fairly compare 3 nights, and the heart-rate difference stayed small.","citations":["included_count","median_difference"]}],"uncertainty":"More similar nights could change this result.","unresolved_influence_ids":[],"next_observation_id":null}
vanilla	135	null	what_disagrees	true	false		For balanced evening meal entries, there was no clear repeated heart-rate pattern.	For balanced evening meal entries, across 7 comparable event windows, the usual heart-rate difference was -2 beats per minute, which stayed small. The same direction appeared in 3 of 7, while 4 event windows did not match.	The usual heart-rate difference was -2 bpm, but the range seen was -5 to +1 bpm.	Vueniverse compared 7 similar evening meal entries. The usual difference was -2 bpm, but the range seen was -5 to +1 bpm.	More similar entries could change this result.	{"schema_version":2,"context_reference_id":"ctx_ba874d0482826022","summary":"The usual heart-rate difference was -2 bpm, but the range seen was -5 to +1 bpm.","paragraphs":[{"text":"Vueniverse compared 7 similar evening meal entries. The usual difference was -2 bpm, but the range seen was -5 to +1 bpm.","citations":["included_count","median_difference","effect_range"]}],"uncertainty":"More similar entries could change this result.","unresolved_influence_ids":[],"next_observation_id":null}
vanilla	136	null	observe_next	false	true	paragraph_0_unsupported_numbers:['3']	For balanced evening meal entries, there was no clear repeated heart-rate pattern.	For balanced evening meal entries, across 7 comparable event windows, the usual heart-rate difference was -2 beats per minute, which stayed small. The same direction appeared in 3 of 7, while 4 event windows did not match.	Across 3 similar nights, the usual difference was +1 bpm, so there was no clear repeated pattern.	Vueniverse could fairly compare 3 nights, and the heart-rate difference stayed small.	More similar nights could change this result.	{"schema_version":2,"context_reference_id":"ctx_ba874d0482826022","summary":"Across 3 similar nights, the usual difference was +1 bpm, so there was no clear repeated pattern.","paragraphs":[{"text":"Vueniverse could fairly compare 3 nights, and the heart-rate difference stayed small.","citations":["included_count","median_difference"]}],"uncertainty":"More similar nights could change this result.","unresolved_influence_ids":[],"next_observation_id":null}
vanilla	137	null	promotion_gate	true	false		For balanced evening meal entries, there was no clear repeated heart-rate pattern.	For balanced evening meal entries, across 7 comparable event windows, the usual heart-rate difference was -2 beats per minute, which stayed small. The same direction appeared in 3 of 7, while 4 event windows did not match.	Across 7 similar nights, the usual difference was -2 bpm, so there was no clear repeated pattern.	Vueniverse could fairly compare 7 nights, and the heart-rate difference stayed small.	More similar nights could change this result.	{"schema_version":2,"context_reference_id":"ctx_ba874d0482826022","summary":"Across 7 similar nights, the usual difference was -2 bpm, so there was no clear repeated pattern.","paragraphs":[{"text":"Vueniverse could fairly compare 7 nights, and the heart-rate difference stayed small.","citations":["included_count","median_difference"]}],"uncertainty":"More similar nights could change this result.","unresolved_influence_ids":[],"next_observation_id":null}
vanilla	138	null	explain	false	true	paragraph_0_unsupported_numbers:['5']	For journal entries tagged socially demanding, there was no clear repeated heart-rate pattern.	For journal entries tagged socially demanding, across 5 comparable event windows, the usual heart-rate difference was -2 beats per minute, which stayed small. The same direction appeared in 3 of 5, while 2 event windows did not match.	The data shows a usual difference in heart rate, but it's not a clear pattern.	Vueniverse compared 5 similar times, and the heart-rate difference was usually -2 bpm. The difference could range from -7 bpm to +3 bpm.	More similar times could change this result.	{"schema_version":2,"context_reference_id":"ctx_aa255083b3d14757","summary":"The data shows a usual difference in heart rate, but it's not a clear pattern.","paragraphs":[{"text":"Vueniverse compared 5 similar times, and the heart-rate difference was usually -2 bpm.","citations":["median_difference"]},{"text":"The difference could range from -7 bpm to +3 bpm.","citations":["effect_range"]}],"uncertainty":"More similar times could change this result.","unresolved_influence_ids":[],"next_observation_id":null}
vanilla	139	null	what_weakens	false	true	paragraph_0_unsupported_numbers:['5']	For journal entries tagged socially demanding, there was no clear repeated heart-rate pattern.	For journal entries tagged socially demanding, across 5 comparable event windows, the usual heart-rate difference was -2 beats per minute, which stayed small. The same direction appeared in 3 of 5, while 2 event windows did not match.	The usual difference in heart rate was -2 bpm, but the range seen was wide, from -7 to +3 bpm.	Vueniverse compared 5 similar nights, and the usual difference was -2 bpm. The range of differences seen was from -7 bpm to +3 bpm.	More similar nights could change this result.	{"schema_version":2,"context_reference_id":"ctx_aa255083b3d14757","summary":"The usual difference in heart rate was -2 bpm, but the range seen was wide, from -7 to +3 bpm.","paragraphs":[{"text":"Vueniverse compared 5 similar nights, and the usual difference was -2 bpm.","citations":["median_difference"]},{"text":"The range of differences seen was from -7 bpm to +3 bpm.","citations":["effect_range"]}],"uncertainty":"More similar nights could change this result.","unresolved_influence_ids":[],"next_observation_id":null}
vanilla	140	null	what_is_missing	false	true	unsupported_summary_numbers:['+1']; paragraph_0_unsupported_numbers:['3']	For journal entries tagged socially demanding, there was no clear repeated heart-rate pattern.	For journal entries tagged socially demanding, across 5 comparable event windows, the usual heart-rate difference was -2 beats per minute, which stayed small. The same direction appeared in 3 of 5, while 2 event windows did not match.	Across 3 similar nights, the usual difference was +1 bpm, so there was no clear repeated pattern.	Vueniverse could fairly compare 3 nights, and the heart-rate difference stayed small.	More similar nights could change this result.	{"schema_version":2,"context_reference_id":"ctx_aa255083b3d14757","summary":"Across 3 similar nights, the usual difference was +1 bpm, so there was no clear repeated pattern.","paragraphs":[{"text":"Vueniverse could fairly compare 3 nights, and the heart-rate difference stayed small.","citations":["included_count","median_difference"]}],"uncertainty":"More similar nights could change this result.","unresolved_influence_ids":[],"next_observation_id":null}
vanilla	141	null	what_disagrees	true	false		For journal entries tagged socially demanding, there was no clear repeated heart-rate pattern.	For journal entries tagged socially demanding, across 5 comparable event windows, the usual heart-rate difference was -2 beats per minute, which stayed small. The same direction appeared in 3 of 5, while 2 event windows did not match.	Across 5 similar nights, the usual difference was -2 bpm, so there was no clear repeated pattern.	Vueniverse could fairly compare 5 nights, and the heart-rate difference stayed small.	More similar nights could change this result.	{"schema_version":2,"context_reference_id":"ctx_aa255083b3d14757","summary":"Across 5 similar nights, the usual difference was -2 bpm, so there was no clear repeated pattern.","paragraphs":[{"text":"Vueniverse could fairly compare 5 nights, and the heart-rate difference stayed small.","citations":["included_count","median_difference"]}],"uncertainty":"More similar nights could change this result.","unresolved_influence_ids":[],"next_observation_id":null}
vanilla	142	null	observe_next	true	false		For journal entries tagged socially demanding, there was no clear repeated heart-rate pattern.	For journal entries tagged socially demanding, across 5 comparable event windows, the usual heart-rate difference was -2 beats per minute, which stayed small. The same direction appeared in 3 of 5, while 2 event windows did not match.	The usual difference in heart rate was -2 bpm, but the range seen was -7 to +3 bpm.	Vueniverse could compare 5 similar nights, and the heart-rate difference stayed small.	More similar nights could change this result.	{"schema_version":2,"context_reference_id":"ctx_aa255083b3d14757","summary":"The usual difference in heart rate was -2 bpm, but the range seen was -7 to +3 bpm.","paragraphs":[{"text":"Vueniverse could compare 5 similar nights, and the heart-rate difference stayed small.","citations":["included_count","median_difference"]}],"uncertainty":"More similar nights could change this result.","unresolved_influence_ids":[],"next_observation_id":null}
vanilla	143	null	promotion_gate	true	false		For journal entries tagged socially demanding, there was no clear repeated heart-rate pattern.	For journal entries tagged socially demanding, across 5 comparable event windows, the usual heart-rate difference was -2 beats per minute, which stayed small. The same direction appeared in 3 of 5, while 2 event windows did not match.	Across 5 similar nights, the usual difference was -2 bpm, so there was no clear repeated pattern.	Vueniverse could fairly compare 5 nights, and the heart-rate difference stayed small.	More similar nights could change this result.	{"schema_version":2,"context_reference_id":"ctx_aa255083b3d14757","summary":"Across 5 similar nights, the usual difference was -2 bpm, so there was no clear repeated pattern.","paragraphs":[{"text":"Vueniverse could fairly compare 5 nights, and the heart-rate difference stayed small.","citations":["included_count","median_difference"]}],"uncertainty":"More similar nights could change this result.","unresolved_influence_ids":[],"next_observation_id":null}
vanilla	144	null	explain	false	true	paragraph_1_unsupported_numbers:['-1']	For work-peer phone calls, there was no clear repeated heart-rate pattern.	For work-peer phone calls, across 5 comparable event windows, the usual heart-rate difference was -1 beats per minute, which stayed small. The same direction appeared in 3 of 5, while 2 event windows did not match.	The usual difference in heart rate was -1 bpm, but the range seen was -3 to +1 bpm.	Vueniverse compared 5 similar phone calls. The usual difference was -1 bpm, which is the same as the usual difference for similar times without calls. The range of differences seen was from -3 bpm to +1 bpm. This means the usual difference could be lower or higher than -1 bpm.	More similar phone calls could change this result.	{"schema_version":2,"context_reference_id":"ctx_eb2dcff5e0f8490f","summary":"The usual difference in heart rate was -1 bpm, but the range seen was -3 to +1 bpm.","paragraphs":[{"text":"Vueniverse compared 5 similar phone calls. The usual difference was -1 bpm, which is the same as the usual difference for similar times without calls.","citations":["included_count","median_difference","control_count"]},{"text":"The range of differences seen was from -3 bpm to +1 bpm. This means the usual difference could be lower or higher than -1 bpm.","citations":["effect_range"]}],"uncertainty":"More similar phone calls could change this result.","unresolved_influence_ids":[],"next_observation_id":null}
vanilla	145	null	what_weakens	true	false		For work-peer phone calls, there was no clear repeated heart-rate pattern.	For work-peer phone calls, across 5 comparable event windows, the usual heart-rate difference was -1 beats per minute, which stayed small. The same direction appeared in 3 of 5, while 2 event windows did not match.	The usual difference in heart rate was -1 bpm, but the range seen was -3 to +1 bpm.	Vueniverse compared 5 similar phone calls. The usual difference was -1 bpm, which is lower than the range seen, from -3 bpm to +1 bpm.	More similar phone calls could change this result.	{"schema_version":2,"context_reference_id":"ctx_eb2dcff5e0f8490f","summary":"The usual difference in heart rate was -1 bpm, but the range seen was -3 to +1 bpm.","paragraphs":[{"text":"Vueniverse compared 5 similar phone calls. The usual difference was -1 bpm, which is lower than the range seen, from -3 bpm to +1 bpm.","citations":["included_count","median_difference","effect_range"]}],"uncertainty":"More similar phone calls could change this result.","unresolved_influence_ids":["caffeine_timing","recent_exercise","unusual_stress"],"next_observation_id":null}
vanilla	146	null	what_is_missing	true	false		For work-peer phone calls, there was no clear repeated heart-rate pattern.	For work-peer phone calls, across 5 comparable event windows, the usual heart-rate difference was -1 beats per minute, which stayed small. The same direction appeared in 3 of 5, while 2 event windows did not match.	The usual difference in heart rate was -1 bpm, but the range seen was -3 to +1 bpm.	Vueniverse compared 5 similar phone calls. The usual difference was -1 bpm, which is lower than the range seen, from -3 bpm to +1 bpm.	More similar phone calls could change this result.	{"schema_version":2,"context_reference_id":"ctx_eb2dcff5e0f8490f","summary":"The usual difference in heart rate was -1 bpm, but the range seen was -3 to +1 bpm.","paragraphs":[{"text":"Vueniverse compared 5 similar phone calls. The usual difference was -1 bpm, which is lower than the range seen, from -3 bpm to +1 bpm.","citations":["included_count","median_difference","effect_range"]}],"uncertainty":"More similar phone calls could change this result.","unresolved_influence_ids":["caffeine_timing","recent_exercise","unusual_stress"],"next_observation_id":null}
vanilla	147	null	what_disagrees	true	false		For work-peer phone calls, there was no clear repeated heart-rate pattern.	For work-peer phone calls, across 5 comparable event windows, the usual heart-rate difference was -1 beats per minute, which stayed small. The same direction appeared in 3 of 5, while 2 event windows did not match.	The usual difference in heart rate was -1 bpm, but the range seen was -3 to +1 bpm.	Vueniverse compared 5 similar phone calls. The usual difference was -1 bpm, which is lower than the range seen, from -3 bpm to +1 bpm.	More similar phone calls could change this result.	{"schema_version":2,"context_reference_id":"ctx_eb2dcff5e0f8490f","summary":"The usual difference in heart rate was -1 bpm, but the range seen was -3 to +1 bpm.","paragraphs":[{"text":"Vueniverse compared 5 similar phone calls. The usual difference was -1 bpm, which is lower than the range seen, from -3 bpm to +1 bpm.","citations":["included_count","median_difference","effect_range"]}],"uncertainty":"More similar phone calls could change this result.","unresolved_influence_ids":["caffeine_timing","recent_exercise","unusual_stress"],"next_observation_id":null}
vanilla	148	null	observe_next	false	true	paragraph_1_unsupported_numbers:['-1']	For work-peer phone calls, there was no clear repeated heart-rate pattern.	For work-peer phone calls, across 5 comparable event windows, the usual heart-rate difference was -1 beats per minute, which stayed small. The same direction appeared in 3 of 5, while 2 event windows did not match.	The usual difference in heart rate was -1 bpm, but the range seen was -3 to +1 bpm.	Vueniverse compared 5 similar phone calls. The usual difference was -1 bpm, which is the same as the usual difference for similar times without calls. The range of differences seen was from -3 bpm to +1 bpm. This means the usual difference could be lower or higher than -1 bpm.	More similar phone calls could change this result.	{"schema_version":2,"context_reference_id":"ctx_eb2dcff5e0f8490f","summary":"The usual difference in heart rate was -1 bpm, but the range seen was -3 to +1 bpm.","paragraphs":[{"text":"Vueniverse compared 5 similar phone calls. The usual difference was -1 bpm, which is the same as the usual difference for similar times without calls.","citations":["included_count","median_difference","control_count"]},{"text":"The range of differences seen was from -3 bpm to +1 bpm. This means the usual difference could be lower or higher than -1 bpm.","citations":["effect_range"]}],"uncertainty":"More similar phone calls could change this result.","unresolved_influence_ids":[],"next_observation_id":null}
vanilla	149	null	promotion_gate	true	false		For work-peer phone calls, there was no clear repeated heart-rate pattern.	For work-peer phone calls, across 5 comparable event windows, the usual heart-rate difference was -1 beats per minute, which stayed small. The same direction appeared in 3 of 5, while 2 event windows did not match.	Across 5 similar nights, the usual difference was -1 beat per minute, so there was no clear repeated pattern.	Vueniverse could fairly compare 5 nights, and the heart-rate difference stayed small.	More similar nights could change this result.	{"schema_version":2,"context_reference_id":"ctx_eb2dcff5e0f8490f","summary":"Across 5 similar nights, the usual difference was -1 beat per minute, so there was no clear repeated pattern.","paragraphs":[{"text":"Vueniverse could fairly compare 5 nights, and the heart-rate difference stayed small.","citations":["included_count","median_difference"]}],"uncertainty":"More similar nights could change this result.","unresolved_influence_ids":[],"next_observation_id":null}
vanilla	150	null	explain	true	false		For focused project check-ins, there was no clear repeated heart-rate pattern.	For focused project check-ins, across 6 comparable event windows, the usual heart-rate difference was +2 beats per minute, which stayed small. The same direction appeared in 4 of 6, while 2 event windows did not match.	The heart-rate difference usually stays small, around +2 bpm, but it can range from -1 to +5 bpm.	Vueniverse compared 6 similar times, and the usual difference was +2 bpm. The difference could be as low as -1 bpm or as high as +5 bpm.	More similar times could change this result.	{"schema_version":2,"context_reference_id":"ctx_1e491b22d65542a2","summary":"The heart-rate difference usually stays small, around +2 bpm, but it can range from -1 to +5 bpm.","paragraphs":[{"text":"Vueniverse compared 6 similar times, and the usual difference was +2 bpm.","citations":["median_difference","included_count"]},{"text":"The difference could be as low as -1 bpm or as high as +5 bpm.","citations":["effect_range"]}],"uncertainty":"More similar times could change this result.","unresolved_influence_ids":[],"next_observation_id":null}
vanilla	151	null	what_weakens	true	false		For focused project check-ins, there was no clear repeated heart-rate pattern.	For focused project check-ins, across 6 comparable event windows, the usual heart-rate difference was +2 beats per minute, which stayed small. The same direction appeared in 4 of 6, while 2 event windows did not match.	The usual difference in heart rate was +2 bpm, but the range seen was -1 to +5 bpm.	Vueniverse compared 6 similar times, and the usual difference was +2 bpm. The range of differences seen was from -1 bpm to +5 bpm.	More similar times could change this result.	{"schema_version":2,"context_reference_id":"ctx_1e491b22d65542a2","summary":"The usual difference in heart rate was +2 bpm, but the range seen was -1 to +5 bpm.","paragraphs":[{"text":"Vueniverse compared 6 similar times, and the usual difference was +2 bpm.","citations":["median_difference","included_count"]},{"text":"The range of differences seen was from -1 bpm to +5 bpm.","citations":["effect_range"]}],"uncertainty":"More similar times could change this result.","unresolved_influence_ids":[],"next_observation_id":null}
vanilla	152	null	what_is_missing	true	false		For focused project check-ins, there was no clear repeated heart-rate pattern.	For focused project check-ins, across 6 comparable event windows, the usual heart-rate difference was +2 beats per minute, which stayed small. The same direction appeared in 4 of 6, while 2 event windows did not match.	Across 6 similar nights, the usual difference was +2 bpm, so there was no clear repeated pattern.	Vueniverse could fairly compare 6 nights, and the heart-rate difference stayed small.	More similar nights could change this result.	{"schema_version":2,"context_reference_id":"ctx_1e491b22d65542a2","summary":"Across 6 similar nights, the usual difference was +2 bpm, so there was no clear repeated pattern.","paragraphs":[{"text":"Vueniverse could fairly compare 6 nights, and the heart-rate difference stayed small.","citations":["included_count","median_difference"]}],"uncertainty":"More similar nights could change this result.","unresolved_influence_ids":[],"next_observation_id":null}
vanilla	153	null	what_disagrees	true	false		For focused project check-ins, there was no clear repeated heart-rate pattern.	For focused project check-ins, across 6 comparable event windows, the usual heart-rate difference was +2 beats per minute, which stayed small. The same direction appeared in 4 of 6, while 2 event windows did not match.	The usual difference in heart rate was +2 bpm, but the range seen in the data was -1 to +5 bpm.	Vueniverse compared 6 event windows with 6 similar times. The usual difference was +2 bpm, but the range seen in the data was -1 to +5 bpm.	More similar nights could change this result.	{"schema_version":2,"context_reference_id":"ctx_1e491b22d65542a2","summary":"The usual difference in heart rate was +2 bpm, but the range seen in the data was -1 to +5 bpm.","paragraphs":[{"text":"Vueniverse compared 6 event windows with 6 similar times. The usual difference was +2 bpm, but the range seen in the data was -1 to +5 bpm.","citations":["included_count","median_difference","effect_range"]}],"uncertainty":"More similar nights could change this result.","unresolved_influence_ids":[],"next_observation_id":null}
vanilla	154	null	observe_next	true	false		For focused project check-ins, there was no clear repeated heart-rate pattern.	For focused project check-ins, across 6 comparable event windows, the usual heart-rate difference was +2 beats per minute, which stayed small. The same direction appeared in 4 of 6, while 2 event windows did not match.	Across 6 similar nights, the usual difference was +2 bpm, so there was no clear repeated pattern.	Vueniverse could fairly compare 6 nights, and the heart-rate difference stayed small.	More similar nights could change this result.	{"schema_version":2,"context_reference_id":"ctx_1e491b22d65542a2","summary":"Across 6 similar nights, the usual difference was +2 bpm, so there was no clear repeated pattern.","paragraphs":[{"text":"Vueniverse could fairly compare 6 nights, and the heart-rate difference stayed small.","citations":["included_count","median_difference"]}],"uncertainty":"More similar nights could change this result.","unresolved_influence_ids":[],"next_observation_id":null}
vanilla	155	null	promotion_gate	true	false		For focused project check-ins, there was no clear repeated heart-rate pattern.	For focused project check-ins, across 6 comparable event windows, the usual heart-rate difference was +2 beats per minute, which stayed small. The same direction appeared in 4 of 6, while 2 event windows did not match.	The usual difference in heart rate was +2 bpm, but the data shows a range from -1 to +5 bpm.	Vueniverse compared 6 similar times, and the heart-rate difference was usually +2 bpm. The data shows the difference could be as low as -1 bpm or as high as +5 bpm.	More similar times could change this result.	{"schema_version":2,"context_reference_id":"ctx_1e491b22d65542a2","summary":"The usual difference in heart rate was +2 bpm, but the data shows a range from -1 to +5 bpm.","paragraphs":[{"text":"Vueniverse compared 6 similar times, and the heart-rate difference was usually +2 bpm.","citations":["median_difference","included_count"]},{"text":"The data shows the difference could be as low as -1 bpm or as high as +5 bpm.","citations":["effect_range"]}],"uncertainty":"More similar times could change this result.","unresolved_influence_ids":[],"next_observation_id":null}
vanilla	156	null	explain	true	false		For late social screen use, there was no clear repeated heart-rate pattern.	For late social screen use, across 7 comparable event windows, the usual heart-rate difference was +1 beats per minute, which stayed small. The same direction appeared in 2 of 7, while 5 event windows did not match.	The usual difference in heart rate was +1 beat per minute, but the pattern wasn't consistent across the data.	Vueniverse compared 7 similar times, and the heart-rate difference stayed small.	More similar times could change this result.	{"schema_version":2,"context_reference_id":"ctx_b0072ddb582d2e78","summary":"The usual difference in heart rate was +1 beat per minute, but the pattern wasn't consistent across the data.","paragraphs":[{"text":"Vueniverse compared 7 similar times, and the heart-rate difference stayed small.","citations":["included_count","median_difference"]}],"uncertainty":"More similar times could change this result.","unresolved_influence_ids":[],"next_observation_id":null}
vanilla	157	null	what_weakens	true	false		For late social screen use, there was no clear repeated heart-rate pattern.	For late social screen use, across 7 comparable event windows, the usual heart-rate difference was +1 beats per minute, which stayed small. The same direction appeared in 2 of 7, while 5 event windows did not match.	The usual difference in heart rate was +1 beat per minute, but the data is not clear about a repeated pattern.	Vueniverse could compare 7 similar nights, and the heart-rate difference stayed small.	More similar nights could change this result.	{"schema_version":2,"context_reference_id":"ctx_b0072ddb582d2e78","summary":"The usual difference in heart rate was +1 beat per minute, but the data is not clear about a repeated pattern.","paragraphs":[{"text":"Vueniverse could compare 7 similar nights, and the heart-rate difference stayed small.","citations":["included_count","median_difference"]}],"uncertainty":"More similar nights could change this result.","unresolved_influence_ids":[],"next_observation_id":null}
vanilla	158	null	what_is_missing	true	false		For late social screen use, there was no clear repeated heart-rate pattern.	For late social screen use, across 7 comparable event windows, the usual heart-rate difference was +1 beats per minute, which stayed small. The same direction appeared in 2 of 7, while 5 event windows did not match.	The usual difference in heart rate was +1 bpm, but the data shows this difference can range from -3 to +5 bpm.	Vueniverse compared 7 similar nights. The usual difference was +1 bpm.	More similar nights could change this result.	{"schema_version":2,"context_reference_id":"ctx_b0072ddb582d2e78","summary":"The usual difference in heart rate was +1 bpm, but the data shows this difference can range from -3 to +5 bpm.","paragraphs":[{"text":"Vueniverse compared 7 similar nights. The usual difference was +1 bpm.","citations":["included_count","median_difference"]}],"uncertainty":"More similar nights could change this result.","unresolved_influence_ids":[],"next_observation_id":null}
vanilla	159	null	what_disagrees	true	false		For late social screen use, there was no clear repeated heart-rate pattern.	For late social screen use, across 7 comparable event windows, the usual heart-rate difference was +1 beats per minute, which stayed small. The same direction appeared in 2 of 7, while 5 event windows did not match.	The usual difference in heart rate was +1 bpm, but the data shows a range of -3 to +5 bpm.	Vueniverse compared 7 similar times. The usual difference was +1 bpm.	More similar times could change this result.	{"schema_version":2,"context_reference_id":"ctx_b0072ddb582d2e78","summary":"The usual difference in heart rate was +1 bpm, but the data shows a range of -3 to +5 bpm.","paragraphs":[{"text":"Vueniverse compared 7 similar times. The usual difference was +1 bpm.","citations":["included_count","median_difference"]}],"uncertainty":"More similar times could change this result.","unresolved_influence_ids":[],"next_observation_id":null}
vanilla	160	null	observe_next	true	false		For late social screen use, there was no clear repeated heart-rate pattern.	For late social screen use, across 7 comparable event windows, the usual heart-rate difference was +1 beats per minute, which stayed small. The same direction appeared in 2 of 7, while 5 event windows did not match.	The usual difference in heart rate was +1 beat per minute, but this pattern wasn't seen in all similar nights.	Vueniverse compared 7 similar nights. The usual difference in heart rate was +1 beat per minute. The usual difference in heart rate was +1 beat per minute.	More similar nights could change this result.	{"schema_version":2,"context_reference_id":"ctx_b0072ddb582d2e78","summary":"The usual difference in heart rate was +1 beat per minute, but this pattern wasn't seen in all similar nights.","paragraphs":[{"text":"Vueniverse compared 7 similar nights. The usual difference in heart rate was +1 beat per minute.","citations":["median_difference","included_count"]},{"text":"The usual difference in heart rate was +1 beat per minute.","citations":["median_difference","included_count"]}],"uncertainty":"More similar nights could change this result.","unresolved_influence_ids":[],"next_observation_id":null}
vanilla	161	null	promotion_gate	true	false		For late social screen use, there was no clear repeated heart-rate pattern.	For late social screen use, across 7 comparable event windows, the usual heart-rate difference was +1 beats per minute, which stayed small. The same direction appeared in 2 of 7, while 5 event windows did not match.	The usual difference in heart rate was +1 beat per minute, so there was no clear repeated pattern.	Vueniverse could fairly compare 7 similar nights, and the heart-rate difference stayed small.	More similar nights could change this result.	{"schema_version":2,"context_reference_id":"ctx_b0072ddb582d2e78","summary":"The usual difference in heart rate was +1 beat per minute, so there was no clear repeated pattern.","paragraphs":[{"text":"Vueniverse could fairly compare 7 similar nights, and the heart-rate difference stayed small.","citations":["included_count","median_difference"]}],"uncertainty":"More similar nights could change this result.","unresolved_influence_ids":[],"next_observation_id":null}
vanilla	162	null	explain	true	false		For calm evening music sessions, there was no clear repeated heart-rate pattern.	For calm evening music sessions, across 8 comparable event windows, the usual heart-rate difference was +1 beats per minute, which stayed small. The same direction appeared in 4 of 8, while 4 event windows did not match.	The usual difference in heart rate was +1 beat per minute, but the pattern wasn't consistent across the nights checked.	Vueniverse compared 8 nights of listening to music. The usual difference in heart rate was +1 beat per minute. The difference in heart rate could range from -4 to +6 beats per minute.	More nights could show a different pattern.	{"schema_version":2,"context_reference_id":"ctx_45225a8ce9f6af05","summary":"The usual difference in heart rate was +1 beat per minute, but the pattern wasn't consistent across the nights checked.","paragraphs":[{"text":"Vueniverse compared 8 nights of listening to music. The usual difference in heart rate was +1 beat per minute.","citations":["median_difference","included_count"]},{"text":"The difference in heart rate could range from -4 to +6 beats per minute.","citations":["effect_range"]}],"uncertainty":"More nights could show a different pattern.","unresolved_influence_ids":["caffeine_timing","recent_exercise","unusual_stress"],"next_observation_id":null}
vanilla	163	null	what_weakens	true	false		For calm evening music sessions, there was no clear repeated heart-rate pattern.	For calm evening music sessions, across 8 comparable event windows, the usual heart-rate difference was +1 beats per minute, which stayed small. The same direction appeared in 4 of 8, while 4 event windows did not match.	The usual difference in heart rate was +1 bpm, but the data shows a range of -4 to +6 bpm.	Vueniverse compared 8 similar times, and the heart-rate difference was usually +1 bpm.	More similar times could change this result.	{"schema_version":2,"context_reference_id":"ctx_45225a8ce9f6af05","summary":"The usual difference in heart rate was +1 bpm, but the data shows a range of -4 to +6 bpm.","paragraphs":[{"text":"Vueniverse compared 8 similar times, and the heart-rate difference was usually +1 bpm.","citations":["included_count","median_difference"]}],"uncertainty":"More similar times could change this result.","unresolved_influence_ids":[],"next_observation_id":null}
vanilla	164	null	what_is_missing	true	false		For calm evening music sessions, there was no clear repeated heart-rate pattern.	For calm evening music sessions, across 8 comparable event windows, the usual heart-rate difference was +1 beats per minute, which stayed small. The same direction appeared in 4 of 8, while 4 event windows did not match.	Across 8 similar nights, the usual difference was +1 beat per minute, so there was no clear repeated pattern.	Vueniverse could fairly compare 8 nights, and the heart-rate difference stayed small.	More similar nights could change this result.	{"schema_version":2,"context_reference_id":"ctx_45225a8ce9f6af05","summary":"Across 8 similar nights, the usual difference was +1 beat per minute, so there was no clear repeated pattern.","paragraphs":[{"text":"Vueniverse could fairly compare 8 nights, and the heart-rate difference stayed small.","citations":["included_count","median_difference"]}],"uncertainty":"More similar nights could change this result.","unresolved_influence_ids":[],"next_observation_id":null}
vanilla	165	null	what_disagrees	true	false		For calm evening music sessions, there was no clear repeated heart-rate pattern.	For calm evening music sessions, across 8 comparable event windows, the usual heart-rate difference was +1 beats per minute, which stayed small. The same direction appeared in 4 of 8, while 4 event windows did not match.	Across 8 similar nights, the usual difference was +1 beat per minute, so there was no clear repeated pattern.	Vueniverse could fairly compare 8 nights, and the heart-rate difference stayed small.	More similar nights could change this result.	{"schema_version":2,"context_reference_id":"ctx_45225a8ce9f6af05","summary":"Across 8 similar nights, the usual difference was +1 beat per minute, so there was no clear repeated pattern.","paragraphs":[{"text":"Vueniverse could fairly compare 8 nights, and the heart-rate difference stayed small.","citations":["included_count","median_difference"]}],"uncertainty":"More similar nights could change this result.","unresolved_influence_ids":[],"next_observation_id":null}
vanilla	166	null	observe_next	true	false		For calm evening music sessions, there was no clear repeated heart-rate pattern.	For calm evening music sessions, across 8 comparable event windows, the usual heart-rate difference was +1 beats per minute, which stayed small. The same direction appeared in 4 of 8, while 4 event windows did not match.	The usual difference in heart rate was +1 bpm, but this wasn't always the case.	Vueniverse compared 8 similar times. The heart rate difference was usually +1 bpm compared to the same time without music.	More similar times could change this result.	{"schema_version":2,"context_reference_id":"ctx_45225a8ce9f6af05","summary":"The usual difference in heart rate was +1 bpm, but this wasn't always the case.","paragraphs":[{"text":"Vueniverse compared 8 similar times. The heart rate difference was usually +1 bpm compared to the same time without music.","citations":["included_count","median_difference"]}],"uncertainty":"More similar times could change this result.","unresolved_influence_ids":[],"next_observation_id":null}
vanilla	167	null	promotion_gate	true	false		For calm evening music sessions, there was no clear repeated heart-rate pattern.	For calm evening music sessions, across 8 comparable event windows, the usual heart-rate difference was +1 beats per minute, which stayed small. The same direction appeared in 4 of 8, while 4 event windows did not match.	The usual difference in heart rate was +1 bpm, but the pattern wasn't clear.	Vueniverse compared 8 similar evening music sessions. The heart rate difference was usually +1 bpm compared to similar times without music. The difference could range from -4 bpm to +6 bpm.	More similar nights could change this result.	{"schema_version":2,"context_reference_id":"ctx_45225a8ce9f6af05","summary":"The usual difference in heart rate was +1 bpm, but the pattern wasn't clear.","paragraphs":[{"text":"Vueniverse compared 8 similar evening music sessions. The heart rate difference was usually +1 bpm compared to similar times without music.","citations":["median_difference","included_count","consistent_count"]},{"text":"The difference could range from -4 bpm to +6 bpm.","citations":["effect_range"]}],"uncertainty":"More similar nights could change this result.","unresolved_influence_ids":[],"next_observation_id":null}
vanilla	168	supported	explain	false	true	invalid_schema:2	For late competitive game sessions, the same heart-rate pattern appeared in 8 of 9 comparable windows. It stands out here.	For late competitive game sessions, 8 of 9 comparable event windows showed the same direction. The usual heart-rate difference was -9 beats per minute. Out of 10 event windows checked, 9 could be compared and 1 were left out for data quality.	[unparseable]	[unparseable]	[unparseable]	{"schema_version":2,"context_reference_id":"ctx_ea56513fc9459e87","summary":"The usual difference in heart rate was -9 bpm, but the range seen was wide, from -14 to -4 bpm.","paragraphs":[{"text":"Vueniverse compared 9 similar nights. The usual difference was -9 bpm. This means the heart rate was typically lower during the game sessions compared to the times before or after.","citations":["median_difference","included_count"]},{"text":"The data showed a wide range of differences, from -14 bpm to -4 bpm. This means the heart rate difference could be quite large, sometimes being much lower than the usual -9 bpm.","citations":["effect_range","included_count"]},{"text":"The data could only compare 9 nights, so the result might not be fully reliable.","uncertainty":"More similar nights could change this result.","citations":["included_count"]}],"unresolved_influence_ids":["caffeine_timing","recent_exercise","unusual_stress"],"next_observation_id":null}
vanilla	169	supported	what_weakens	true	false		For late competitive game sessions, the same heart-rate pattern appeared in 8 of 9 comparable windows. It stands out here.	For late competitive game sessions, the same direction appeared in 8 of 9 comparable event windows. The usual difference was -9 beats per minute. The check used 9 of 10 event windows after 1 were left out for missing or unreliable data.	The usual difference in heart rate was -9 bpm, but the range seen was from -14 to -4 bpm.	Vueniverse compared 9 similar late game sessions. The usual difference was -9 bpm, but the range seen was from -14 to -4 bpm.	More similar sessions could change this result.	{"schema_version":2,"context_reference_id":"ctx_ea56513fc9459e87","summary":"The usual difference in heart rate was -9 bpm, but the range seen was from -14 to -4 bpm.","paragraphs":[{"text":"Vueniverse compared 9 similar late game sessions. The usual difference was -9 bpm, but the range seen was from -14 to -4 bpm.","citations":["included_count","median_difference","effect_range"]}],"uncertainty":"More similar sessions could change this result.","unresolved_influence_ids":[],"next_observation_id":null}
vanilla	170	supported	what_is_missing	true	false		For late competitive game sessions, the same heart-rate pattern appeared in 8 of 9 comparable windows. It stands out here.	For late competitive game sessions, 8 of 9 comparable event windows showed the same direction. The usual heart-rate difference was -9 beats per minute. Out of 10 event windows checked, 9 could be compared and 1 were left out for data quality.	Across 9 similar nights, the usual difference was -9 bpm, so there was no clear repeated pattern.	Vueniverse could fairly compare 9 nights, and the heart-rate difference stayed small.	More similar nights could change this result.	{"schema_version":2,"context_reference_id":"ctx_ea56513fc9459e87","summary":"Across 9 similar nights, the usual difference was -9 bpm, so there was no clear repeated pattern.","paragraphs":[{"text":"Vueniverse could fairly compare 9 nights, and the heart-rate difference stayed small.","citations":["included_count","median_difference"]}],"uncertainty":"More similar nights could change this result.","unresolved_influence_ids":[],"next_observation_id":null}
vanilla	171	supported	what_disagrees	true	false		For late competitive game sessions, the same heart-rate pattern appeared in 8 of 9 comparable windows. It stands out here.	For late competitive game sessions, 8 of 9 event windows moved in the same direction. Their usual heart-rate difference was -9 beats per minute. There were 10 event windows to review. 9 were usable, while 1 did not meet the data check.	Across 9 similar nights, the usual difference was -9 bpm, so there was no clear repeated pattern.	Vueniverse could fairly compare 9 nights, and the heart-rate difference stayed small.	More similar nights could change this result.	{"schema_version":2,"context_reference_id":"ctx_ea56513fc9459e87","summary":"Across 9 similar nights, the usual difference was -9 bpm, so there was no clear repeated pattern.","paragraphs":[{"text":"Vueniverse could fairly compare 9 nights, and the heart-rate difference stayed small.","citations":["included_count","median_difference"]}],"uncertainty":"More similar nights could change this result.","unresolved_influence_ids":[],"next_observation_id":null}
vanilla	172	supported	observe_next	true	false		For late competitive game sessions, the same heart-rate pattern appeared in 8 of 9 comparable windows. It stands out here.	For late competitive game sessions, the same direction appeared in 8 of 9 comparable event windows. The usual difference was -9 beats per minute. The check used 9 of 10 event windows after 1 were left out for missing or unreliable data.	The usual difference in heart rate was -9 bpm, but the range was wide, from -14 to -4 bpm.	Vueniverse compared 9 similar nights, and the heart-rate difference was usually -9 bpm. The difference could be as low as -14 bpm or as high as -4 bpm.	More similar nights could change this result.	{"schema_version":2,"context_reference_id":"ctx_ea56513fc9459e87","summary":"The usual difference in heart rate was -9 bpm, but the range was wide, from -14 to -4 bpm.","paragraphs":[{"text":"Vueniverse compared 9 similar nights, and the heart-rate difference was usually -9 bpm.","citations":["median_difference","included_count"]},{"text":"The difference could be as low as -14 bpm or as high as -4 bpm.","citations":["effect_range"]}],"uncertainty":"More similar nights could change this result.","unresolved_influence_ids":[],"next_observation_id":null}
vanilla	173	supported	promotion_gate	true	false		For late competitive game sessions, the same heart-rate pattern appeared in 8 of 9 comparable windows. It stands out here.	For late competitive game sessions, the same direction appeared in 8 of 9 comparable event windows. The usual difference was -9 beats per minute. The check used 9 of 10 event windows after 1 were left out for missing or unreliable data.	The usual difference in heart rate was -9 bpm, but the range seen was from -14 to -4 bpm.	Vueniverse compared 9 similar times, and the usual difference was -9 bpm. The range of differences seen was from -14 bpm to -4 bpm.	More similar times could change this result.	{"schema_version":2,"context_reference_id":"ctx_ea56513fc9459e87","summary":"The usual difference in heart rate was -9 bpm, but the range seen was from -14 to -4 bpm.","paragraphs":[{"text":"Vueniverse compared 9 similar times, and the usual difference was -9 bpm.","citations":["median_difference","included_count"]},{"text":"The range of differences seen was from -14 bpm to -4 bpm.","citations":["effect_range"]}],"uncertainty":"More similar times could change this result.","unresolved_influence_ids":[],"next_observation_id":null}
vanilla	174	supported	explain	true	false		For evening hydration entries, the same heart-rate pattern appeared in 5 of 6 comparable windows. It stands out here.	For evening hydration entries, the same direction appeared in 5 of 6 comparable event windows. The usual difference was +7 beats per minute. The check used 6 of 9 event windows after 3 were left out for missing or unreliable data.	The usual difference in heart rate was +7 bpm, but it varied between +1 and +13 bpm.	Vueniverse compared 6 similar times. The usual difference was +7 bpm. The difference was usually +7 bpm, but it could be as low as +1 bpm or as high as +13 bpm.	More similar times could change this result.	{"schema_version":2,"context_reference_id":"ctx_286bb93e6f40cc94","summary":"The usual difference in heart rate was +7 bpm, but it varied between +1 and +13 bpm.","paragraphs":[{"text":"Vueniverse compared 6 similar times. The usual difference was +7 bpm.","citations":["median_difference","included_count"]},{"text":"The difference was usually +7 bpm, but it could be as low as +1 bpm or as high as +13 bpm.","citations":["effect_range","median_difference"]}],"uncertainty":"More similar times could change this result.","unresolved_influence_ids":[],"next_observation_id":null}
vanilla	175	supported	what_weakens	true	false		For evening hydration entries, the same heart-rate pattern appeared in 5 of 6 comparable windows. It stands out here.	For evening hydration entries, 5 of 6 comparable event windows showed the same direction. The usual heart-rate difference was +7 beats per minute. Out of 9 event windows checked, 6 could be compared and 3 were left out for data quality.	The usual difference in heart rate was +7 bpm, but the range seen was +1 to +13 bpm.	Vueniverse compared 6 similar times, and the usual difference was +7 bpm. The data showed a range of +1 to +13 bpm, so the usual difference was +7 bpm.	More similar times could change this result.	{"schema_version":2,"context_reference_id":"ctx_286bb93e6f40cc94","summary":"The usual difference in heart rate was +7 bpm, but the range seen was +1 to +13 bpm.","paragraphs":[{"text":"Vueniverse compared 6 similar times, and the usual difference was +7 bpm.","citations":["median_difference","included_count"]},{"text":"The data showed a range of +1 to +13 bpm, so the usual difference was +7 bpm.","citations":["effect_range","median_difference"]}],"uncertainty":"More similar times could change this result.","unresolved_influence_ids":[],"next_observation_id":null}
vanilla	176	supported	what_is_missing	true	false		For evening hydration entries, the same heart-rate pattern appeared in 5 of 6 comparable windows. It stands out here.	For evening hydration entries, 5 of 6 comparable event windows showed the same direction. The usual heart-rate difference was +7 beats per minute. Out of 9 event windows checked, 6 could be compared and 3 were left out for data quality.	The usual difference in heart rate was +7 bpm, but it could range from +1 to +13 bpm.	Vueniverse compared 6 similar evening hydration entries. The usual difference between the entries and similar times was +7 bpm. The data showed the difference could be as low as +1 bpm or as high as +13 bpm.	More similar entries could change this result.	{"schema_version":2,"context_reference_id":"ctx_286bb93e6f40cc94","summary":"The usual difference in heart rate was +7 bpm, but it could range from +1 to +13 bpm.","paragraphs":[{"text":"Vueniverse compared 6 similar evening hydration entries. The usual difference between the entries and similar times was +7 bpm.","citations":["median_difference","included_count"]},{"text":"The data showed the difference could be as low as +1 bpm or as high as +13 bpm.","citations":["effect_range","median_difference"]}],"uncertainty":"More similar entries could change this result.","unresolved_influence_ids":[],"next_observation_id":null}
vanilla	177	supported	what_disagrees	true	false		For evening hydration entries, the same heart-rate pattern appeared in 5 of 6 comparable windows. It stands out here.	For evening hydration entries, 5 of 6 event windows moved in the same direction. Their usual heart-rate difference was +7 beats per minute. There were 9 event windows to review. 6 were usable, while 3 did not meet the data check.	The usual difference in heart rate was +7 bpm, but the range seen was +1 to +13 bpm.	Vueniverse compared 6 similar evening hydration entries. The usual difference between the entries and similar times was +7 bpm. The data showed a range of differences from +1 bpm to +13 bpm across the compared entries.	More similar entries could change this result.	{"schema_version":2,"context_reference_id":"ctx_286bb93e6f40cc94","summary":"The usual difference in heart rate was +7 bpm, but the range seen was +1 to +13 bpm.","paragraphs":[{"text":"Vueniverse compared 6 similar evening hydration entries. The usual difference between the entries and similar times was +7 bpm.","citations":["median_difference","included_count"]},{"text":"The data showed a range of differences from +1 bpm to +13 bpm across the compared entries.","citations":["effect_range","included_count"]}],"uncertainty":"More similar entries could change this result.","unresolved_influence_ids":[],"next_observation_id":null}
vanilla	178	supported	observe_next	true	false		For evening hydration entries, the same heart-rate pattern appeared in 5 of 6 comparable windows. It stands out here.	For evening hydration entries, 5 of 6 comparable event windows showed the same direction. The usual heart-rate difference was +7 beats per minute. Out of 9 event windows checked, 6 could be compared and 3 were left out for data quality.	The usual difference in heart rate was +7 bpm, but the range seen was +1 to +13 bpm.	Vueniverse compared 6 similar evening hydration entries. The usual difference was +7 bpm, but the range seen was +1 to +13 bpm.	More similar entries could change this result.	{"schema_version":2,"context_reference_id":"ctx_286bb93e6f40cc94","summary":"The usual difference in heart rate was +7 bpm, but the range seen was +1 to +13 bpm.","paragraphs":[{"text":"Vueniverse compared 6 similar evening hydration entries. The usual difference was +7 bpm, but the range seen was +1 to +13 bpm.","citations":["included_count","median_difference","effect_range"]}],"uncertainty":"More similar entries could change this result.","unresolved_influence_ids":[],"next_observation_id":null}
vanilla	179	supported	promotion_gate	true	false		For evening hydration entries, the same heart-rate pattern appeared in 5 of 6 comparable windows. It stands out here.	For evening hydration entries, 5 of 6 event windows moved in the same direction. Their usual heart-rate difference was +7 beats per minute. There were 9 event windows to review. 6 were usable, while 3 did not meet the data check.	The heart-rate difference was usually +7 bpm, but it could range from +1 to +13 bpm.	Vueniverse compared 6 similar times, and the usual difference was +7 bpm. The difference could be as low as +1 bpm or as high as +13 bpm.	More similar times could change this result.	{"schema_version":2,"context_reference_id":"ctx_286bb93e6f40cc94","summary":"The heart-rate difference was usually +7 bpm, but it could range from +1 to +13 bpm.","paragraphs":[{"text":"Vueniverse compared 6 similar times, and the usual difference was +7 bpm.","citations":["median_difference","included_count"]},{"text":"The difference could be as low as +1 bpm or as high as +13 bpm.","citations":["effect_range","median_difference"]}],"uncertainty":"More similar times could change this result.","unresolved_influence_ids":[],"next_observation_id":null}
vanilla	180	supported	explain	true	false		For journal entries tagged mentally demanding, the same heart-rate pattern appeared in 5 of 5 comparable windows. It stands out here.	For journal entries tagged mentally demanding, 5 of 5 event windows moved in the same direction. Their usual heart-rate difference was -9 beats per minute. There were 8 event windows to review. 5 were usable, while 3 did not meet the data check.	The heart rate difference was usually around -9 bpm, with a range of -11 to -7 bpm.	Vueniverse compared 5 similar nights, and the usual difference was -9 bpm.	More similar nights could change this result.	{"schema_version":2,"context_reference_id":"ctx_57d2e5768293a286","summary":"The heart rate difference was usually around -9 bpm, with a range of -11 to -7 bpm.","paragraphs":[{"text":"Vueniverse compared 5 similar nights, and the usual difference was -9 bpm.","citations":["included_count","median_difference"]}],"uncertainty":"More similar nights could change this result.","unresolved_influence_ids":[],"next_observation_id":null}
vanilla	181	supported	what_weakens	true	false		For journal entries tagged mentally demanding, the same heart-rate pattern appeared in 5 of 5 comparable windows. It stands out here.	For journal entries tagged mentally demanding, 5 of 5 comparable event windows showed the same direction. The usual heart-rate difference was -9 beats per minute. Out of 8 event windows checked, 5 could be compared and 3 were left out for data quality.	The usual difference in heart rate was -9 bpm, with a range of -11 to -7 bpm.	Vueniverse compared 5 similar nights, and the heart-rate difference stayed small. The usual difference was -9 bpm, and the range seen in the data was -11 to -7 bpm.	More similar nights could change this result.	{"schema_version":2,"context_reference_id":"ctx_57d2e5768293a286","summary":"The usual difference in heart rate was -9 bpm, with a range of -11 to -7 bpm.","paragraphs":[{"text":"Vueniverse compared 5 similar nights, and the heart-rate difference stayed small.","citations":["included_count","median_difference"]},{"text":"The usual difference was -9 bpm, and the range seen in the data was -11 to -7 bpm.","citations":["median_difference","effect_range"]}],"uncertainty":"More similar nights could change this result.","unresolved_influence_ids":[],"next_observation_id":null}
vanilla	182	supported	what_is_missing	true	false		For journal entries tagged mentally demanding, the same heart-rate pattern appeared in 5 of 5 comparable windows. It stands out here.	For journal entries tagged mentally demanding, 5 of 5 comparable event windows showed the same direction. The usual heart-rate difference was -9 beats per minute. Out of 8 event windows checked, 5 could be compared and 3 were left out for data quality.	The usual difference in heart rate was -9 bpm, and the range was -11 to -7 bpm.	Vueniverse compared 5 similar nights, and the heart-rate difference stayed small. The usual difference was -9 bpm, and the range was -11 to -7 bpm.	More similar nights could change this result.	{"schema_version":2,"context_reference_id":"ctx_57d2e5768293a286","summary":"The usual difference in heart rate was -9 bpm, and the range was -11 to -7 bpm.","paragraphs":[{"text":"Vueniverse compared 5 similar nights, and the heart-rate difference stayed small.","citations":["included_count","median_difference"]},{"text":"The usual difference was -9 bpm, and the range was -11 to -7 bpm.","citations":["median_difference","effect_range"]}],"uncertainty":"More similar nights could change this result.","unresolved_influence_ids":[],"next_observation_id":null}
vanilla	183	supported	what_disagrees	true	false		For journal entries tagged mentally demanding, the same heart-rate pattern appeared in 5 of 5 comparable windows. It stands out here.	For journal entries tagged mentally demanding, the same direction appeared in 5 of 5 comparable event windows. The usual difference was -9 beats per minute. The check used 5 of 8 event windows after 3 were left out for missing or unreliable data.	The usual difference in heart rate was -9 bpm, and the range was -11 to -7 bpm.	Vueniverse compared 5 similar nights, and the heart-rate difference stayed small. The usual difference was -9 bpm, and the range was -11 to -7 bpm.	More similar nights could change this result.	{"schema_version":2,"context_reference_id":"ctx_57d2e5768293a286","summary":"The usual difference in heart rate was -9 bpm, and the range was -11 to -7 bpm.","paragraphs":[{"text":"Vueniverse compared 5 similar nights, and the heart-rate difference stayed small.","citations":["included_count","median_difference"]},{"text":"The usual difference was -9 bpm, and the range was -11 to -7 bpm.","citations":["median_difference","effect_range"]}],"uncertainty":"More similar nights could change this result.","unresolved_influence_ids":[],"next_observation_id":null}
vanilla	184	supported	observe_next	true	false		For journal entries tagged mentally demanding, the same heart-rate pattern appeared in 5 of 5 comparable windows. It stands out here.	For journal entries tagged mentally demanding, 5 of 5 event windows moved in the same direction. Their usual heart-rate difference was -9 beats per minute. There were 8 event windows to review. 5 were usable, while 3 did not meet the data check.	The usual difference in heart rate was -9 bpm, and the range was -11 to -7 bpm.	Vueniverse could compare 5 similar nights, and the heart-rate difference stayed small.	More similar nights could change this result.	{"schema_version":2,"context_reference_id":"ctx_57d2e5768293a286","summary":"The usual difference in heart rate was -9 bpm, and the range was -11 to -7 bpm.","paragraphs":[{"text":"Vueniverse could compare 5 similar nights, and the heart-rate difference stayed small.","citations":["included_count","median_difference"]}],"uncertainty":"More similar nights could change this result.","unresolved_influence_ids":[],"next_observation_id":null}
vanilla	185	supported	promotion_gate	true	false		For journal entries tagged mentally demanding, the same heart-rate pattern appeared in 5 of 5 comparable windows. It stands out here.	For journal entries tagged mentally demanding, the same direction appeared in 5 of 5 comparable event windows. The usual difference was -9 beats per minute. The check used 5 of 8 event windows after 3 were left out for missing or unreliable data.	The usual difference in heart rate was -9 bpm, and the range was -11 to -7 bpm.	Vueniverse compared 5 similar nights, and the heart-rate difference stayed small.	More similar nights could change this result.	{"schema_version":2,"context_reference_id":"ctx_57d2e5768293a286","summary":"The usual difference in heart rate was -9 bpm, and the range was -11 to -7 bpm.","paragraphs":[{"text":"Vueniverse compared 5 similar nights, and the heart-rate difference stayed small.","citations":["included_count","median_difference"]}],"uncertainty":"More similar nights could change this result.","unresolved_influence_ids":[],"next_observation_id":null}
vanilla	186	supported	explain	true	false		For short daytime calls with close contact, the same heart-rate pattern appeared in 5 of 6 comparable windows. It stands out here.	For short daytime calls with close contact, the same direction appeared in 5 of 6 comparable event windows. The usual difference was +7 beats per minute. The check used 6 of 11 event windows after 5 were left out for missing or unreliable data.	The usual difference in heart rate was +7 bpm, but the range seen was +1 to +13 bpm.	Vueniverse compared 6 similar daytime calls. The usual difference was +7 bpm, but the range seen was +1 to +13 bpm.	More similar calls could change this result.	{"schema_version":2,"context_reference_id":"ctx_1a703f3a89c0a724","summary":"The usual difference in heart rate was +7 bpm, but the range seen was +1 to +13 bpm.","paragraphs":[{"text":"Vueniverse compared 6 similar daytime calls. The usual difference was +7 bpm, but the range seen was +1 to +13 bpm.","citations":["included_count","median_difference","effect_range"]}],"uncertainty":"More similar calls could change this result.","unresolved_influence_ids":[],"next_observation_id":null}
vanilla	187	supported	what_weakens	true	false		For short daytime calls with close contact, the same heart-rate pattern appeared in 5 of 6 comparable windows. It stands out here.	For short daytime calls with close contact, 5 of 6 comparable event windows showed the same direction. The usual heart-rate difference was +7 beats per minute. Out of 11 event windows checked, 6 could be compared and 5 were left out for data quality.	The usual difference in heart rate was +7 bpm, but the range seen was +1 to +13 bpm.	Vueniverse compared 6 similar daytime calls. The usual difference was +7 bpm. The range of differences seen was from +1 bpm to +13 bpm.	More similar calls could change this result.	{"schema_version":2,"context_reference_id":"ctx_1a703f3a89c0a724","summary":"The usual difference in heart rate was +7 bpm, but the range seen was +1 to +13 bpm.","paragraphs":[{"text":"Vueniverse compared 6 similar daytime calls. The usual difference was +7 bpm.","citations":["median_difference","included_count"]},{"text":"The range of differences seen was from +1 bpm to +13 bpm.","citations":["effect_range"]}],"uncertainty":"More similar calls could change this result.","unresolved_influence_ids":[],"next_observation_id":null}
vanilla	188	supported	what_is_missing	true	false		For short daytime calls with close contact, the same heart-rate pattern appeared in 5 of 6 comparable windows. It stands out here.	For short daytime calls with close contact, 5 of 6 comparable event windows showed the same direction. The usual heart-rate difference was +7 beats per minute. Out of 11 event windows checked, 6 could be compared and 5 were left out for data quality.	Across 6 similar daytime calls, the usual difference was +7 bpm, so there was no clear repeated pattern.	Vueniverse could fairly compare 6 similar daytime calls, and the heart-rate difference stayed small.	More similar daytime calls could change this result.	{"schema_version":2,"context_reference_id":"ctx_1a703f3a89c0a724","summary":"Across 6 similar daytime calls, the usual difference was +7 bpm, so there was no clear repeated pattern.","paragraphs":[{"text":"Vueniverse could fairly compare 6 similar daytime calls, and the heart-rate difference stayed small.","citations":["included_count","median_difference"]}],"uncertainty":"More similar daytime calls could change this result.","unresolved_influence_ids":[],"next_observation_id":null}
vanilla	189	supported	what_disagrees	true	false		For short daytime calls with close contact, the same heart-rate pattern appeared in 5 of 6 comparable windows. It stands out here.	For short daytime calls with close contact, 5 of 6 comparable event windows showed the same direction. The usual heart-rate difference was +7 beats per minute. Out of 11 event windows checked, 6 could be compared and 5 were left out for data quality.	The usual difference in heart rate was +7 bpm, but it could range from +1 to +13 bpm.	Vueniverse compared 6 similar daytime calls. The usual difference was +7 bpm. The difference could be as low as +1 bpm or as high as +13 bpm.	More similar calls could change this result.	{"schema_version":2,"context_reference_id":"ctx_1a703f3a89c0a724","summary":"The usual difference in heart rate was +7 bpm, but it could range from +1 to +13 bpm.","paragraphs":[{"text":"Vueniverse compared 6 similar daytime calls. The usual difference was +7 bpm.","citations":["median_difference","included_count"]},{"text":"The difference could be as low as +1 bpm or as high as +13 bpm.","citations":["effect_range"]}],"uncertainty":"More similar calls could change this result.","unresolved_influence_ids":[],"next_observation_id":null}
vanilla	190	supported	observe_next	true	false		For short daytime calls with close contact, the same heart-rate pattern appeared in 5 of 6 comparable windows. It stands out here.	For short daytime calls with close contact, 5 of 6 event windows moved in the same direction. Their usual heart-rate difference was +7 beats per minute. There were 11 event windows to review. 6 were usable, while 5 did not meet the data check.	The usual difference in heart rate was +7 bpm, but the range seen was +1 to +13 bpm.	Vueniverse compared 6 similar daytime calls. The usual difference was +7 bpm, but the range seen was +1 to +13 bpm.	More similar calls could change this result.	{"schema_version":2,"context_reference_id":"ctx_1a703f3a89c0a724","summary":"The usual difference in heart rate was +7 bpm, but the range seen was +1 to +13 bpm.","paragraphs":[{"text":"Vueniverse compared 6 similar daytime calls. The usual difference was +7 bpm, but the range seen was +1 to +13 bpm.","citations":["median_difference","effect_range","included_count"]}],"uncertainty":"More similar calls could change this result.","unresolved_influence_ids":[],"next_observation_id":null}
vanilla	191	supported	promotion_gate	true	false		For short daytime calls with close contact, the same heart-rate pattern appeared in 5 of 6 comparable windows. It stands out here.	For short daytime calls with close contact, 5 of 6 event windows moved in the same direction. Their usual heart-rate difference was +7 beats per minute. There were 11 event windows to review. 6 were usable, while 5 did not meet the data check.	The usual difference in heart rate was +7 bpm, but the range seen was +1 to +13 bpm.	Vueniverse compared 6 similar daytime calls. The usual difference was +7 bpm, but the range seen was +1 to +13 bpm.	More similar calls could change this result.	{"schema_version":2,"context_reference_id":"ctx_1a703f3a89c0a724","summary":"The usual difference in heart rate was +7 bpm, but the range seen was +1 to +13 bpm.","paragraphs":[{"text":"Vueniverse compared 6 similar daytime calls. The usual difference was +7 bpm, but the range seen was +1 to +13 bpm.","citations":["included_count","median_difference","effect_range"]}],"uncertainty":"More similar calls could change this result.","unresolved_influence_ids":[],"next_observation_id":null}
vanilla	192	supported	explain	true	false		For group planning meetings, the same heart-rate pattern appeared in 4 of 4 comparable windows. It stands out here.	For group planning meetings, 4 of 4 event windows moved in the same direction. Their usual heart-rate difference was +8 beats per minute. There were 6 event windows to review. 4 were usable, while 2 did not meet the data check.	The usual difference in heart rate was +8 bpm, but the range seen was +2 to +14 bpm.	Vueniverse compared 4 similar nights, and the heart-rate difference stayed small.	More similar nights could change this result.	{"schema_version":2,"context_reference_id":"ctx_33df82af3b590de3","summary":"The usual difference in heart rate was +8 bpm, but the range seen was +2 to +14 bpm.","paragraphs":[{"text":"Vueniverse compared 4 similar nights, and the heart-rate difference stayed small.","citations":["included_count","median_difference"]}],"uncertainty":"More similar nights could change this result.","unresolved_influence_ids":[],"next_observation_id":null}
vanilla	193	supported	what_weakens	true	false		For group planning meetings, the same heart-rate pattern appeared in 4 of 4 comparable windows. It stands out here.	For group planning meetings, 4 of 4 event windows moved in the same direction. Their usual heart-rate difference was +8 beats per minute. There were 6 event windows to review. 4 were usable, while 2 did not meet the data check.	The usual difference in heart rate was +8 bpm, but the range seen was +2 to +14 bpm.	Vueniverse compared 4 similar times, and the heart-rate difference stayed small.	More similar times could change this result.	{"schema_version":2,"context_reference_id":"ctx_33df82af3b590de3","summary":"The usual difference in heart rate was +8 bpm, but the range seen was +2 to +14 bpm.","paragraphs":[{"text":"Vueniverse compared 4 similar times, and the heart-rate difference stayed small.","citations":["included_count","median_difference"]}],"uncertainty":"More similar times could change this result.","unresolved_influence_ids":[],"next_observation_id":null}
vanilla	194	supported	what_is_missing	true	false		For group planning meetings, the same heart-rate pattern appeared in 4 of 4 comparable windows. It stands out here.	For group planning meetings, the same direction appeared in 4 of 4 comparable event windows. The usual difference was +8 beats per minute. The check used 4 of 6 event windows after 2 were left out for missing or unreliable data.	The usual difference in heart rate was +8 bpm, but the range seen was +2 to +14 bpm.	Vueniverse compared 4 similar nights, and the heart-rate difference stayed small.	More similar nights could change this result.	{"schema_version":2,"context_reference_id":"ctx_33df82af3b590de3","summary":"The usual difference in heart rate was +8 bpm, but the range seen was +2 to +14 bpm.","paragraphs":[{"text":"Vueniverse compared 4 similar nights, and the heart-rate difference stayed small.","citations":["included_count","median_difference"]}],"uncertainty":"More similar nights could change this result.","unresolved_influence_ids":[],"next_observation_id":null}
vanilla	195	supported	what_disagrees	true	false		For group planning meetings, the same heart-rate pattern appeared in 4 of 4 comparable windows. It stands out here.	For group planning meetings, 4 of 4 comparable event windows showed the same direction. The usual heart-rate difference was +8 beats per minute. Out of 6 event windows checked, 4 could be compared and 2 were left out for data quality.	The usual difference in heart rate was +8 bpm, but the range seen was +2 to +14 bpm.	Vueniverse compared 4 similar nights, and the heart-rate difference stayed small.	More similar nights could change this result.	{"schema_version":2,"context_reference_id":"ctx_33df82af3b590de3","summary":"The usual difference in heart rate was +8 bpm, but the range seen was +2 to +14 bpm.","paragraphs":[{"text":"Vueniverse compared 4 similar nights, and the heart-rate difference stayed small.","citations":["included_count","median_difference"]}],"uncertainty":"More similar nights could change this result.","unresolved_influence_ids":[],"next_observation_id":null}
vanilla	196	supported	observe_next	true	false		For group planning meetings, the same heart-rate pattern appeared in 4 of 4 comparable windows. It stands out here.	For group planning meetings, the same direction appeared in 4 of 4 comparable event windows. The usual difference was +8 beats per minute. The check used 4 of 6 event windows after 2 were left out for missing or unreliable data.	The usual difference in heart rate was +8 bpm, and the range seen was +2 to +14 bpm.	Vueniverse compared 4 similar nights, and the heart-rate difference stayed small.	More similar nights could change this result.	{"schema_version":2,"context_reference_id":"ctx_33df82af3b590de3","summary":"The usual difference in heart rate was +8 bpm, and the range seen was +2 to +14 bpm.","paragraphs":[{"text":"Vueniverse compared 4 similar nights, and the heart-rate difference stayed small.","citations":["included_count","median_difference"]}],"uncertainty":"More similar nights could change this result.","unresolved_influence_ids":[],"next_observation_id":null}
vanilla	197	supported	promotion_gate	true	false		For group planning meetings, the same heart-rate pattern appeared in 4 of 4 comparable windows. It stands out here.	For group planning meetings, 4 of 4 event windows moved in the same direction. Their usual heart-rate difference was +8 beats per minute. There were 6 event windows to review. 4 were usable, while 2 did not meet the data check.	The usual difference in heart rate was +8 bpm, and the range seen was +2 to +14 bpm.	Vueniverse compared 4 similar nights, and the heart-rate difference stayed small.	More similar nights could change this result.	{"schema_version":2,"context_reference_id":"ctx_33df82af3b590de3","summary":"The usual difference in heart rate was +8 bpm, and the range seen was +2 to +14 bpm.","paragraphs":[{"text":"Vueniverse compared 4 similar nights, and the heart-rate difference stayed small.","citations":["included_count","median_difference"]}],"uncertainty":"More similar nights could change this result.","unresolved_influence_ids":[],"next_observation_id":null}
vanilla	198	supported	explain	true	false		For pre-sleep social and video screen use, the same heart-rate pattern appeared in 11 of 12 comparable windows. It stands out here.	For pre-sleep social and video screen use, 11 of 12 comparable event windows showed the same direction. The usual heart-rate difference was +7 beats per minute. Out of 12 event windows checked, 12 could be compared and 0 were left out for data quality.	The usual difference in heart rate was +7 bpm, and the range seen was +3 to +11 bpm.	Vueniverse compared 12 similar times before sleep. The usual difference was +7 bpm, and the range seen was +3 to +11 bpm.	More similar nights could change this result.	{"schema_version":2,"context_reference_id":"ctx_837d48011e49df37","summary":"The usual difference in heart rate was +7 bpm, and the range seen was +3 to +11 bpm.","paragraphs":[{"text":"Vueniverse compared 12 similar times before sleep. The usual difference was +7 bpm, and the range seen was +3 to +11 bpm.","citations":["included_count","median_difference","effect_range"]}],"uncertainty":"More similar nights could change this result.","unresolved_influence_ids":[],"next_observation_id":null}
vanilla	199	supported	what_weakens	true	false		For pre-sleep social and video screen use, the same heart-rate pattern appeared in 11 of 12 comparable windows. It stands out here.	For pre-sleep social and video screen use, 11 of 12 event windows moved in the same direction. Their usual heart-rate difference was +7 beats per minute. There were 12 event windows to review. 12 were usable, while 0 did not meet the data check.	The usual difference in heart rate was +7 bpm, but the range seen was +3 to +11 bpm.	Vueniverse compared 12 similar times before sleep. The usual difference was +7 bpm. The data showed a range of +3 to +11 bpm.	More similar nights could change this result.	{"schema_version":2,"context_reference_id":"ctx_837d48011e49df37","summary":"The usual difference in heart rate was +7 bpm, but the range seen was +3 to +11 bpm.","paragraphs":[{"text":"Vueniverse compared 12 similar times before sleep. The usual difference was +7 bpm.","citations":["median_difference","included_count"]},{"text":"The data showed a range of +3 to +11 bpm.","citations":["effect_range"]}],"uncertainty":"More similar nights could change this result.","unresolved_influence_ids":[],"next_observation_id":null}
vanilla	200	supported	what_is_missing	true	false		For pre-sleep social and video screen use, the same heart-rate pattern appeared in 11 of 12 comparable windows. It stands out here.	For pre-sleep social and video screen use, the same direction appeared in 11 of 12 comparable event windows. The usual difference was +7 beats per minute. The check used 12 of 12 event windows after 0 were left out for missing or unreliable data.	The usual difference in heart rate was +7 bpm, but the range seen was +3 to +11 bpm.	Vueniverse compared 12 similar times before sleep. The usual difference was +7 bpm, but the range seen was +3 to +11 bpm.	More similar times could change this result.	{"schema_version":2,"context_reference_id":"ctx_837d48011e49df37","summary":"The usual difference in heart rate was +7 bpm, but the range seen was +3 to +11 bpm.","paragraphs":[{"text":"Vueniverse compared 12 similar times before sleep. The usual difference was +7 bpm, but the range seen was +3 to +11 bpm.","citations":["included_count","median_difference","effect_range"]}],"uncertainty":"More similar times could change this result.","unresolved_influence_ids":[],"next_observation_id":null}
vanilla	201	supported	what_disagrees	true	false		For pre-sleep social and video screen use, the same heart-rate pattern appeared in 11 of 12 comparable windows. It stands out here.	For pre-sleep social and video screen use, 11 of 12 comparable event windows showed the same direction. The usual heart-rate difference was +7 beats per minute. Out of 12 event windows checked, 12 could be compared and 0 were left out for data quality.	The usual difference in heart rate was +7 bpm, but the range seen was +3 to +11 bpm.	Vueniverse compared 12 similar times before sleep. The usual difference was +7 bpm. The data showed a range of +3 to +11 bpm.	More similar times could change this result.	{"schema_version":2,"context_reference_id":"ctx_837d48011e49df37","summary":"The usual difference in heart rate was +7 bpm, but the range seen was +3 to +11 bpm.","paragraphs":[{"text":"Vueniverse compared 12 similar times before sleep. The usual difference was +7 bpm.","citations":["median_difference","included_count"]},{"text":"The data showed a range of +3 to +11 bpm.","citations":["effect_range"]}],"uncertainty":"More similar times could change this result.","unresolved_influence_ids":[],"next_observation_id":null}
vanilla	202	supported	observe_next	true	false		For pre-sleep social and video screen use, the same heart-rate pattern appeared in 11 of 12 comparable windows. It stands out here.	For pre-sleep social and video screen use, 11 of 12 event windows moved in the same direction. Their usual heart-rate difference was +7 beats per minute. There were 12 event windows to review. 12 were usable, while 0 did not meet the data check.	The usual difference in heart rate was +7 bpm, and the range seen was +3 to +11 bpm.	Vueniverse compared 12 similar times before sleep. The usual difference was +7 bpm, and the range seen was +3 to +11 bpm.	More similar nights could change this result.	{"schema_version":2,"context_reference_id":"ctx_837d48011e49df37","summary":"The usual difference in heart rate was +7 bpm, and the range seen was +3 to +11 bpm.","paragraphs":[{"text":"Vueniverse compared 12 similar times before sleep. The usual difference was +7 bpm, and the range seen was +3 to +11 bpm.","citations":["included_count","median_difference","effect_range"]}],"uncertainty":"More similar nights could change this result.","unresolved_influence_ids":[],"next_observation_id":null}
vanilla	203	supported	promotion_gate	true	false		For pre-sleep social and video screen use, the same heart-rate pattern appeared in 11 of 12 comparable windows. It stands out here.	For pre-sleep social and video screen use, 11 of 12 event windows moved in the same direction. Their usual heart-rate difference was +7 beats per minute. There were 12 event windows to review. 12 were usable, while 0 did not meet the data check.	The usual difference in heart rate was +7 bpm, but the range seen was +3 to +11 bpm.	Vueniverse compared 12 similar times before sleep. The usual difference was +7 bpm. The data showed a range of +3 to +11 bpm.	More similar nights could change this result.	{"schema_version":2,"context_reference_id":"ctx_837d48011e49df37","summary":"The usual difference in heart rate was +7 bpm, but the range seen was +3 to +11 bpm.","paragraphs":[{"text":"Vueniverse compared 12 similar times before sleep. The usual difference was +7 bpm.","citations":["median_difference","included_count"]},{"text":"The data showed a range of +3 to +11 bpm.","citations":["effect_range"]}],"uncertainty":"More similar nights could change this result.","unresolved_influence_ids":[],"next_observation_id":null}
vanilla	204	supported	explain	true	false		For late playlist listening sessions, the same heart-rate pattern appeared in 8 of 10 comparable windows. It stands out here.	For late playlist listening sessions, the same direction appeared in 8 of 10 comparable event windows. The usual difference was -11 beats per minute. The check used 10 of 11 event windows after 1 were left out for missing or unreliable data.	The usual difference in heart rate was -11 bpm, but the range seen was from -16 to -6 bpm.	Vueniverse compared 10 similar listening sessions. The usual difference was -11 bpm, but the range seen was from -16 to -6 bpm.	More similar sessions could change this result.	{"schema_version":2,"context_reference_id":"ctx_07c2362d3a540e2e","summary":"The usual difference in heart rate was -11 bpm, but the range seen was from -16 to -6 bpm.","paragraphs":[{"text":"Vueniverse compared 10 similar listening sessions. The usual difference was -11 bpm, but the range seen was from -16 to -6 bpm.","citations":["included_count","median_difference","effect_range"]}],"uncertainty":"More similar sessions could change this result.","unresolved_influence_ids":[],"next_observation_id":null}
vanilla	205	supported	what_weakens	true	false		For late playlist listening sessions, the same heart-rate pattern appeared in 8 of 10 comparable windows. It stands out here.	For late playlist listening sessions, 8 of 10 comparable event windows showed the same direction. The usual heart-rate difference was -11 beats per minute. Out of 11 event windows checked, 10 could be compared and 1 were left out for data quality.	The usual difference in heart rate was -11 bpm, but the range seen was from -16 to -6 bpm.	Vueniverse compared 10 similar listening sessions. The usual difference was -11 bpm, but the range seen was from -16 to -6 bpm.	More similar sessions could change this result.	{"schema_version":2,"context_reference_id":"ctx_07c2362d3a540e2e","summary":"The usual difference in heart rate was -11 bpm, but the range seen was from -16 to -6 bpm.","paragraphs":[{"text":"Vueniverse compared 10 similar listening sessions. The usual difference was -11 bpm, but the range seen was from -16 to -6 bpm.","citations":["included_count","median_difference","effect_range"]}],"uncertainty":"More similar sessions could change this result.","unresolved_influence_ids":[],"next_observation_id":null}
vanilla	206	supported	what_is_missing	true	false		For late playlist listening sessions, the same heart-rate pattern appeared in 8 of 10 comparable windows. It stands out here.	For late playlist listening sessions, 8 of 10 comparable event windows showed the same direction. The usual heart-rate difference was -11 beats per minute. Out of 11 event windows checked, 10 could be compared and 1 were left out for data quality.	The usual difference in heart rate was -11 bpm, but the range seen was from -16 to -6 bpm.	Vueniverse compared 10 similar listening sessions. The usual difference was -11 bpm, but the range seen was from -16 to -6 bpm.	More similar sessions could change this result.	{"schema_version":2,"context_reference_id":"ctx_07c2362d3a540e2e","summary":"The usual difference in heart rate was -11 bpm, but the range seen was from -16 to -6 bpm.","paragraphs":[{"text":"Vueniverse compared 10 similar listening sessions. The usual difference was -11 bpm, but the range seen was from -16 to -6 bpm.","citations":["included_count","median_difference","effect_range"]}],"uncertainty":"More similar sessions could change this result.","unresolved_influence_ids":[],"next_observation_id":null}
vanilla	207	supported	what_disagrees	true	false		For late playlist listening sessions, the same heart-rate pattern appeared in 8 of 10 comparable windows. It stands out here.	For late playlist listening sessions, 8 of 10 event windows moved in the same direction. Their usual heart-rate difference was -11 beats per minute. There were 11 event windows to review. 10 were usable, while 1 did not meet the data check.	The usual difference in heart rate was -11 bpm, but the range seen was from -16 to -6 bpm.	Vueniverse compared 10 similar listening sessions. The usual difference was -11 bpm, but the range seen was from -16 to -6 bpm.	More similar sessions could change this result.	{"schema_version":2,"context_reference_id":"ctx_07c2362d3a540e2e","summary":"The usual difference in heart rate was -11 bpm, but the range seen was from -16 to -6 bpm.","paragraphs":[{"text":"Vueniverse compared 10 similar listening sessions. The usual difference was -11 bpm, but the range seen was from -16 to -6 bpm.","citations":["included_count","median_difference","effect_range"]}],"uncertainty":"More similar sessions could change this result.","unresolved_influence_ids":[],"next_observation_id":null}
vanilla	208	supported	observe_next	true	false		For late playlist listening sessions, the same heart-rate pattern appeared in 8 of 10 comparable windows. It stands out here.	For late playlist listening sessions, 8 of 10 event windows moved in the same direction. Their usual heart-rate difference was -11 beats per minute. There were 11 event windows to review. 10 were usable, while 1 did not meet the data check.	The usual difference in heart rate was -11 bpm, and the range was -16 to -6 bpm.	Vueniverse compared 10 similar listening sessions. The usual difference was -11 bpm, and the range was -16 to -6 bpm.	More similar sessions could change this result.	{"schema_version":2,"context_reference_id":"ctx_07c2362d3a540e2e","summary":"The usual difference in heart rate was -11 bpm, and the range was -16 to -6 bpm.","paragraphs":[{"text":"Vueniverse compared 10 similar listening sessions. The usual difference was -11 bpm, and the range was -16 to -6 bpm.","citations":["included_count","median_difference","effect_range"]}],"uncertainty":"More similar sessions could change this result.","unresolved_influence_ids":[],"next_observation_id":null}
vanilla	209	supported	promotion_gate	true	false		For late playlist listening sessions, the same heart-rate pattern appeared in 8 of 10 comparable windows. It stands out here.	For late playlist listening sessions, 8 of 10 comparable event windows showed the same direction. The usual heart-rate difference was -11 beats per minute. Out of 11 event windows checked, 10 could be compared and 1 were left out for data quality.	The usual heart-rate difference was -11 bpm, and the range was -16 to -6 bpm.	Vueniverse compared 10 similar listening sessions. The usual difference was -11 bpm, and the range was -16 to -6 bpm.	More similar sessions could change this result.	{"schema_version":2,"context_reference_id":"ctx_07c2362d3a540e2e","summary":"The usual heart-rate difference was -11 bpm, and the range was -16 to -6 bpm.","paragraphs":[{"text":"Vueniverse compared 10 similar listening sessions. The usual difference was -11 bpm, and the range was -16 to -6 bpm.","citations":["included_count","median_difference","effect_range"]}],"uncertainty":"More similar sessions could change this result.","unresolved_influence_ids":[],"next_observation_id":null}
lora	0	contradictory	explain	true	false		For social casual game sessions, the event windows moved in mixed directions.	For social casual game sessions, 5 of 11 event windows showed one direction and 6 did not match. The usual heart-rate difference was -3 beats per minute, with a range of -8 to +2 beats per minute.	For social casual game sessions, the event windows moved in mixed directions.	For social casual game sessions, 5 of 11 event windows showed one direction and 6 did not match. The usual heart-rate difference was -3 beats per minute, with a range of -8 to +2 beats per minute.	The result leaves open what drove the windows, and more comparable windows may be needed.	{"schema_version":2,"context_reference_id":"ctx_fd934b9b168e7e34","summary":"For social casual game sessions, the event windows moved in mixed directions.","paragraphs":[{"text":"For social casual game sessions, 5 of 11 event windows showed one direction and 6 did not match.","citations":["canonical_context","consistent_count","counter_count"]},{"text":"The usual heart-rate difference was -3 beats per minute, with a range of -8 to +2 beats per minute.","citations":["median_difference","effect_range"]}],"uncertainty":"The result leaves open what drove the windows, and more comparable windows may be needed.","unresolved_influence_ids":["caffeine_timing","recent_exercise","unusual_stress"],"next_observation_id":"log_context"}
lora	1	contradictory	what_weakens	true	false		For social casual game sessions, the event windows moved in mixed directions.	For social casual game sessions, 5 of 11 event windows showed one direction and 6 did not match. The usual heart-rate difference was -3 beats per minute, with a range of -8 to +2 beats per minute.	For social casual game sessions, the heart-rate pattern is mixed and does not stand out.	For social casual game sessions, across 11 comparable event windows, the usual heart-rate difference was -3 beats per minute. The same direction appeared in 5 of 11, while 6 event windows did not match.	The comparison leaves open what moved the heart rate, including caffeine timing, recent exercise, or unusual stress.	{"schema_version":2,"context_reference_id":"ctx_fd934b9b168e7e34","summary":"For social casual game sessions, the heart-rate pattern is mixed and does not stand out.","paragraphs":[{"text":"For social casual game sessions, across 11 comparable event windows, the usual heart-rate difference was -3 beats per minute.","citations":["canonical_context","included_count","median_difference"]},{"text":"The same direction appeared in 5 of 11, while 6 event windows did not match.","citations":["consistent_count","counter_count"]}],"uncertainty":"The comparison leaves open what moved the heart rate, including caffeine timing, recent exercise, or unusual stress.","unresolved_influence_ids":["caffeine_timing","recent_exercise","unusual_stress"],"next_observation_id":null}
lora	2	contradictory	what_is_missing	true	false		For social casual game sessions, the event windows moved in mixed directions.	For social casual game sessions, 5 of 11 event windows showed one direction and 6 did not match. The usual heart-rate difference was -3 beats per minute, with a range of -8 to +2 beats per minute.	For social casual game sessions, the heart-rate pattern was mixed and cannot be drawn as a rule.	For social casual game sessions, 5 of 11 event windows showed one direction and 6 did not match. The usual heart-rate difference was -3 beats per minute, with a range of -8 to +2 beats per minute.	The comparison leaves open what caffeine timing, recent exercise, or unusual stress may have played a role.	{"schema_version":2,"context_reference_id":"ctx_fd934b9b168e7e34","summary":"For social casual game sessions, the heart-rate pattern was mixed and cannot be drawn as a rule.","paragraphs":[{"text":"For social casual game sessions, 5 of 11 event windows showed one direction and 6 did not match.","citations":["canonical_context","consistent_count","counter_count"]},{"text":"The usual heart-rate difference was -3 beats per minute, with a range of -8 to +2 beats per minute.","citations":["median_difference","effect_range"]}],"uncertainty":"The comparison leaves open what caffeine timing, recent exercise, or unusual stress may have played a role.","unresolved_influence_ids":["caffeine_timing","recent_exercise","unusual_stress"],"next_observation_id":null}
lora	3	contradictory	what_disagrees	true	false		For social casual game sessions, the event windows moved in mixed directions.	For social casual game sessions, 5 of 11 event windows showed one direction and 6 did not match. The usual heart-rate difference was -3 beats per minute, with a range of -8 to +2 beats per minute.	For social casual game sessions, the event windows moved in mixed directions.	For social casual game sessions, 5 of 11 event windows showed one direction and 6 did not match. The usual heart-rate difference was -3 beats per minute, with a range of -8 to +2 beats per minute.	The result leaves open what may have moved the heart rate, including caffeine timing, recent exercise, or unusual stress.	{"schema_version":2,"context_reference_id":"ctx_fd934b9b168e7e34","summary":"For social casual game sessions, the event windows moved in mixed directions.","paragraphs":[{"text":"For social casual game sessions, 5 of 11 event windows showed one direction and 6 did not match.","citations":["canonical_context","consistent_count","counter_count"]},{"text":"The usual heart-rate difference was -3 beats per minute, with a range of -8 to +2 beats per minute.","citations":["median_difference","effect_range"]}],"uncertainty":"The result leaves open what may have moved the heart rate, including caffeine timing, recent exercise, or unusual stress.","unresolved_influence_ids":["caffeine_timing","recent_exercise","unusual_stress"],"next_observation_id":null}
lora	4	contradictory	observe_next	true	false		For social casual game sessions, the event windows moved in mixed directions.	For social casual game sessions, 5 of 11 event windows showed one direction and 6 did not match. The usual heart-rate difference was -3 beats per minute, with a range of -8 to +2 beats per minute.	For social casual game sessions, the same heart-rate pattern appeared in 5 of 11 comparable event windows.	For social casual game sessions, the same direction appeared in 5 of 11 comparable windows. The usual heart-rate difference was -3 beats per minute, with a range of -8 to +2 beats per minute.	The result leaves open what drove the windows, and other windows matter.	{"schema_version":2,"context_reference_id":"ctx_fd934b9b168e7e34","summary":"For social casual game sessions, the same heart-rate pattern appeared in 5 of 11 comparable event windows.","paragraphs":[{"text":"For social casual game sessions, the same direction appeared in 5 of 11 comparable windows.","citations":["canonical_context","consistent_count","included_count"]},{"text":"The usual heart-rate difference was -3 beats per minute, with a range of -8 to +2 beats per minute.","citations":["median_difference","effect_range"]}],"uncertainty":"The result leaves open what drove the windows, and other windows matter.","unresolved_influence_ids":["caffeine_timing","recent_exercise","unusual_stress"],"next_observation_id":"log_context"}
lora	5	contradictory	promotion_gate	true	false		For social casual game sessions, the event windows moved in mixed directions.	For social casual game sessions, 5 of 11 event windows showed one direction and 6 did not match. The usual heart-rate difference was -3 beats per minute, with a range of -8 to +2 beats per minute.	For social casual game sessions, the event windows moved in mixed directions.	For social casual game sessions, 5 of 11 event windows showed one direction and 6 did not match. The usual heart-rate difference was -3 beats per minute, with a range of -8 to +2 beats per minute.	The result does not explain a heart-rate change, and other windows may matter.	{"schema_version":2,"context_reference_id":"ctx_fd934b9b168e7e34","summary":"For social casual game sessions, the event windows moved in mixed directions.","paragraphs":[{"text":"For social casual game sessions, 5 of 11 event windows showed one direction and 6 did not match.","citations":["canonical_context","consistent_count","counter_count"]},{"text":"The usual heart-rate difference was -3 beats per minute, with a range of -8 to +2 beats per minute.","citations":["median_difference","effect_range"]}],"uncertainty":"The result does not explain a heart-rate change, and other windows may matter.","unresolved_influence_ids":["caffeine_timing","recent_exercise","unusual_stress"],"next_observation_id":null}
lora	6	contradictory	explain	true	false		For evening alcohol intake entries, the event windows moved in mixed directions.	For evening alcohol intake entries, 3 of 6 event windows showed one direction and 3 did not match. The usual heart-rate difference was +1 beats per minute, with a range of -2 to +4 beats per minute.	For evening alcohol intake entries, the pattern is mixed and cannot be repeated.	For evening alcohol intake entries, across 6 comparable event windows, the usual heart-rate difference was +1 beats per minute. The same direction appeared in 3 of 6, while 3 event windows did not match.	The result leaves open what drove the windows, and leaves out caffeine timing, recent exercise, and unusual stress.	{"schema_version":2,"context_reference_id":"ctx_14753d11ee91016e","summary":"For evening alcohol intake entries, the pattern is mixed and cannot be repeated.","paragraphs":[{"text":"For evening alcohol intake entries, across 6 comparable event windows, the usual heart-rate difference was +1 beats per minute.","citations":["canonical_context","included_count","median_difference"]},{"text":"The same direction appeared in 3 of 6, while 3 event windows did not match.","citations":["consistent_count","counter_count"]}],"uncertainty":"The result leaves open what drove the windows, and leaves out caffeine timing, recent exercise, and unusual stress.","unresolved_influence_ids":["caffeine_timing","recent_exercise","unusual_stress"],"next_observation_id":null}
lora	7	contradictory	what_weakens	true	false		For evening alcohol intake entries, the event windows moved in mixed directions.	For evening alcohol intake entries, 3 of 6 event windows showed one direction and 3 did not match. The usual heart-rate difference was +1 beats per minute, with a range of -2 to +4 beats per minute.	For evening alcohol intake entries, the pattern was mixed and does not stand out.	For evening alcohol intake entries, 3 of 6 comparable event windows showed one direction and 3 did not match. The usual heart-rate difference was +1 beats per minute, with a range of -2 to +4 beats per minute.	The result leaves open what may have moved the heart rate, including caffeine timing, recent exercise, or unusual stress.	{"schema_version":2,"context_reference_id":"ctx_14753d11ee91016e","summary":"For evening alcohol intake entries, the pattern was mixed and does not stand out.","paragraphs":[{"text":"For evening alcohol intake entries, 3 of 6 comparable event windows showed one direction and 3 did not match.","citations":["canonical_context","consistent_count","counter_count"]},{"text":"The usual heart-rate difference was +1 beats per minute, with a range of -2 to +4 beats per minute.","citations":["median_difference","effect_range"]}],"uncertainty":"The result leaves open what may have moved the heart rate, including caffeine timing, recent exercise, or unusual stress.","unresolved_influence_ids":["caffeine_timing","recent_exercise","unusual_stress"],"next_observation_id":null}
lora	8	contradictory	what_is_missing	true	false		For evening alcohol intake entries, the event windows moved in mixed directions.	For evening alcohol intake entries, 3 of 6 event windows showed one direction and 3 did not match. The usual heart-rate difference was +1 beats per minute, with a range of -2 to +4 beats per minute.	For evening alcohol intake entries, the pattern is mixed and cannot be used for a heart-rate comparison.	For evening alcohol intake entries, 3 of 6 comparable event windows showed one direction and 3 did not match. The usual heart-rate difference was +1 beats per minute, with a range of -2 to +4 beats per minute.	The comparison leaves some context unmeasured, including caffeine timing, recent exercise, and unusual stress.	{"schema_version":2,"context_reference_id":"ctx_14753d11ee91016e","summary":"For evening alcohol intake entries, the pattern is mixed and cannot be used for a heart-rate comparison.","paragraphs":[{"text":"For evening alcohol intake entries, 3 of 6 comparable event windows showed one direction and 3 did not match.","citations":["canonical_context","consistent_count","counter_count"]},{"text":"The usual heart-rate difference was +1 beats per minute, with a range of -2 to +4 beats per minute.","citations":["median_difference","effect_range"]}],"uncertainty":"The comparison leaves some context unmeasured, including caffeine timing, recent exercise, and unusual stress.","unresolved_influence_ids":["caffeine_timing","recent_exercise","unusual_stress"],"next_observation_id":null}
lora	9	contradictory	what_disagrees	true	false		For evening alcohol intake entries, the event windows moved in mixed directions.	For evening alcohol intake entries, 3 of 6 event windows showed one direction and 3 did not match. The usual heart-rate difference was +1 beats per minute, with a range of -2 to +4 beats per minute.	For evening alcohol intake entries, the pattern stands out, though it does not match every event window.	For evening alcohol intake entries, 3 of 6 comparable event windows showed the same direction. The usual heart-rate difference was +1 beats per minute, with a range of -2 to +4 beats per minute.	The result leaves open what drove these windows, including caffeine timing, recent exercise, or unusual stress.	{"schema_version":2,"context_reference_id":"ctx_14753d11ee91016e","summary":"For evening alcohol intake entries, the pattern stands out, though it does not match every event window.","paragraphs":[{"text":"For evening alcohol intake entries, 3 of 6 comparable event windows showed the same direction.","citations":["canonical_context","consistent_count","included_count"]},{"text":"The usual heart-rate difference was +1 beats per minute, with a range of -2 to +4 beats per minute.","citations":["median_difference","effect_range"]}],"uncertainty":"The result leaves open what drove these windows, including caffeine timing, recent exercise, or unusual stress.","unresolved_influence_ids":["caffeine_timing","recent_exercise","unusual_stress"],"next_observation_id":null}
lora	10	contradictory	observe_next	true	false		For evening alcohol intake entries, the event windows moved in mixed directions.	For evening alcohol intake entries, 3 of 6 event windows showed one direction and 3 did not match. The usual heart-rate difference was +1 beats per minute, with a range of -2 to +4 beats per minute.	For evening alcohol intake entries, the pattern was mixed and needs more comparable windows.	For evening alcohol intake entries, across 6 comparable event windows, the usual heart-rate difference was +1 beats per minute. The same direction appeared in 3 of 6, while 3 event windows did not match.	The result leaves open what drove the windows, and caffeine timing and recent exercise were not captured.	{"schema_version":2,"context_reference_id":"ctx_14753d11ee91016e","summary":"For evening alcohol intake entries, the pattern was mixed and needs more comparable windows.","paragraphs":[{"text":"For evening alcohol intake entries, across 6 comparable event windows, the usual heart-rate difference was +1 beats per minute.","citations":["canonical_context","included_count","median_difference"]},{"text":"The same direction appeared in 3 of 6, while 3 event windows did not match.","citations":["consistent_count","counter_count"]}],"uncertainty":"The result leaves open what drove the windows, and caffeine timing and recent exercise were not captured.","unresolved_influence_ids":["caffeine_timing","recent_exercise","unusual_stress"],"next_observation_id":"log_context"}
lora	11	contradictory	promotion_gate	true	false		For evening alcohol intake entries, the event windows moved in mixed directions.	For evening alcohol intake entries, 3 of 6 event windows showed one direction and 3 did not match. The usual heart-rate difference was +1 beats per minute, with a range of -2 to +4 beats per minute.	For evening alcohol intake entries, the pattern is mixed and does not meet the gate.	For evening alcohol intake entries, 3 of 6 comparable event windows showed one direction and 3 did not match. The usual heart-rate difference was +1 beats per minute, with a range of -2 to +4 beats per minute.	The result cannot rule out other daily patterns, including caffeine timing, recent exercise, or unusual stress.	{"schema_version":2,"context_reference_id":"ctx_14753d11ee91016e","summary":"For evening alcohol intake entries, the pattern is mixed and does not meet the gate.","paragraphs":[{"text":"For evening alcohol intake entries, 3 of 6 comparable event windows showed one direction and 3 did not match.","citations":["canonical_context","consistent_count","counter_count"]},{"text":"The usual heart-rate difference was +1 beats per minute, with a range of -2 to +4 beats per minute.","citations":["median_difference","effect_range"]}],"uncertainty":"The result cannot rule out other daily patterns, including caffeine timing, recent exercise, or unusual stress.","unresolved_influence_ids":["caffeine_timing","recent_exercise","unusual_stress"],"next_observation_id":null}
lora	12	contradictory	explain	true	false		For journal entries tagged restful and low stress, the event windows moved in mixed directions.	For journal entries tagged restful and low stress, 4 of 9 event windows showed one direction and 5 did not match. The usual heart-rate difference was -2 beats per minute, with a range of -4 to +0 beats per minute.	For journal entries tagged restful and low stress, the event windows moved in mixed directions.	For journal entries tagged restful and low stress, 4 of 9 event windows showed one direction and 5 did not match. The usual heart-rate difference was -2 beats per minute, with a range of -4 to +0 beats per minute.	The result does not explain why heart-rate changed, and caffeine timing, recent exercise, or unusual stress were not captured for every comparison.	{"schema_version":2,"context_reference_id":"ctx_ad08cd6d6d5cda1b","summary":"For journal entries tagged restful and low stress, the event windows moved in mixed directions.","paragraphs":[{"text":"For journal entries tagged restful and low stress, 4 of 9 event windows showed one direction and 5 did not match.","citations":["canonical_context","consistent_count","counter_count"]},{"text":"The usual heart-rate difference was -2 beats per minute, with a range of -4 to +0 beats per minute.","citations":["median_difference","effect_range"]}],"uncertainty":"The result does not explain why heart-rate changed, and caffeine timing, recent exercise, or unusual stress were not captured for every comparison.","unresolved_influence_ids":["caffeine_timing","recent_exercise","unusual_stress"],"next_observation_id":null}
lora	13	contradictory	what_weakens	true	false		For journal entries tagged restful and low stress, the event windows moved in mixed directions.	For journal entries tagged restful and low stress, 4 of 9 event windows showed one direction and 5 did not match. The usual heart-rate difference was -2 beats per minute, with a range of -4 to +0 beats per minute.	For journal entries tagged restful and low stress, the heart-rate pattern was mixed and does not stand out.	For journal entries tagged restful and low stress, only 4 of 9 event windows showed the same direction. The usual heart-rate difference was -2 beats per minute, with a range of -4 to +0 beats per minute.	The comparison leaves open what daily context mattered, including caffeine timing, recent exercise, or unusual stress.	{"schema_version":2,"context_reference_id":"ctx_ad08cd6d6d5cda1b","summary":"For journal entries tagged restful and low stress, the heart-rate pattern was mixed and does not stand out.","paragraphs":[{"text":"For journal entries tagged restful and low stress, only 4 of 9 event windows showed the same direction.","citations":["canonical_context","consistent_count","included_count"]},{"text":"The usual heart-rate difference was -2 beats per minute, with a range of -4 to +0 beats per minute.","citations":["median_difference","effect_range"]}],"uncertainty":"The comparison leaves open what daily context mattered, including caffeine timing, recent exercise, or unusual stress.","unresolved_influence_ids":["caffeine_timing","recent_exercise","unusual_stress"],"next_observation_id":null}
lora	14	contradictory	what_is_missing	false	true	paragraph_0_unsupported_numbers:['5']	For journal entries tagged restful and low stress, the event windows moved in mixed directions.	For journal entries tagged restful and low stress, 4 of 9 event windows showed one direction and 5 did not match. The usual heart-rate difference was -2 beats per minute, with a range of -4 to +0 beats per minute.	For journal entries tagged restful and low stress, the event windows moved in mixed directions.	For journal entries tagged restful and low stress, there were 9 comparable event windows, though 4 moved in one direction and 5 did not match. The usual heart-rate difference was -2 beats per minute, with a range of -4 to +0 beats per minute.	The comparison leaves open what drove the windows, including caffeine timing, recent exercise, or unusual stress.	{"schema_version":2,"context_reference_id":"ctx_ad08cd6d6d5cda1b","summary":"For journal entries tagged restful and low stress, the event windows moved in mixed directions.","paragraphs":[{"text":"For journal entries tagged restful and low stress, there were 9 comparable event windows, though 4 moved in one direction and 5 did not match.","citations":["canonical_context","included_count","consistent_count"]},{"text":"The usual heart-rate difference was -2 beats per minute, with a range of -4 to +0 beats per minute.","citations":["median_difference","effect_range"]}],"uncertainty":"The comparison leaves open what drove the windows, including caffeine timing, recent exercise, or unusual stress.","unresolved_influence_ids":["caffeine_timing","recent_exercise","unusual_stress"],"next_observation_id":null}
lora	15	contradictory	what_disagrees	true	false		For journal entries tagged restful and low stress, the event windows moved in mixed directions.	For journal entries tagged restful and low stress, 4 of 9 event windows showed one direction and 5 did not match. The usual heart-rate difference was -2 beats per minute, with a range of -4 to +0 beats per minute.	For journal entries tagged restful and low stress, the event windows moved in mixed directions.	For journal entries tagged restful and low stress, 4 of 9 event windows showed one direction and 5 did not match. The usual heart-rate difference was -2 beats per minute, with a range of -4 to +0 beats per minute.	The result leaves open what drove the heart-rate pattern, including caffeine timing, recent exercise, or unusual stress.	{"schema_version":2,"context_reference_id":"ctx_ad08cd6d6d5cda1b","summary":"For journal entries tagged restful and low stress, the event windows moved in mixed directions.","paragraphs":[{"text":"For journal entries tagged restful and low stress, 4 of 9 event windows showed one direction and 5 did not match.","citations":["canonical_context","consistent_count","counter_count"]},{"text":"The usual heart-rate difference was -2 beats per minute, with a range of -4 to +0 beats per minute.","citations":["median_difference","effect_range"]}],"uncertainty":"The result leaves open what drove the heart-rate pattern, including caffeine timing, recent exercise, or unusual stress.","unresolved_influence_ids":["caffeine_timing","recent_exercise","unusual_stress"],"next_observation_id":null}
lora	16	contradictory	observe_next	true	false		For journal entries tagged restful and low stress, the event windows moved in mixed directions.	For journal entries tagged restful and low stress, 4 of 9 event windows showed one direction and 5 did not match. The usual heart-rate difference was -2 beats per minute, with a range of -4 to +0 beats per minute.	For journal entries tagged restful and low stress, the event windows moved in mixed directions.	For journal entries tagged restful and low stress, 4 of 9 event windows showed one direction and 5 did not match. The usual heart-rate difference was -2 beats per minute, with a range of -4 to +0 beats per minute.	The comparison leaves open what drove the windows, including caffeine timing, recent exercise, or unusual stress.	{"schema_version":2,"context_reference_id":"ctx_ad08cd6d6d5cda1b","summary":"For journal entries tagged restful and low stress, the event windows moved in mixed directions.","paragraphs":[{"text":"For journal entries tagged restful and low stress, 4 of 9 event windows showed one direction and 5 did not match.","citations":["canonical_context","consistent_count","counter_count"]},{"text":"The usual heart-rate difference was -2 beats per minute, with a range of -4 to +0 beats per minute.","citations":["median_difference","effect_range"]}],"uncertainty":"The comparison leaves open what drove the windows, including caffeine timing, recent exercise, or unusual stress.","unresolved_influence_ids":["caffeine_timing","recent_exercise","unusual_stress"],"next_observation_id":"log_context"}
lora	17	contradictory	promotion_gate	true	false		For journal entries tagged restful and low stress, the event windows moved in mixed directions.	For journal entries tagged restful and low stress, 4 of 9 event windows showed one direction and 5 did not match. The usual heart-rate difference was -2 beats per minute, with a range of -4 to +0 beats per minute.	For journal entries tagged restful and low stress, the event windows moved in mixed directions.	For journal entries tagged restful and low stress, only 4 of 9 event windows showed one direction, while 5 did not match. The usual heart-rate difference was -2 beats per minute, with a range of -4 to +0 beats per minute.	The result cannot capture why these windows appeared as they did, and other daily context may matter.	{"schema_version":2,"context_reference_id":"ctx_ad08cd6d6d5cda1b","summary":"For journal entries tagged restful and low stress, the event windows moved in mixed directions.","paragraphs":[{"text":"For journal entries tagged restful and low stress, only 4 of 9 event windows showed one direction, while 5 did not match.","citations":["canonical_context","consistent_count","counter_count"]},{"text":"The usual heart-rate difference was -2 beats per minute, with a range of -4 to +0 beats per minute.","citations":["median_difference","effect_range"]}],"uncertainty":"The result cannot capture why these windows appeared as they did, and other daily context may matter.","unresolved_influence_ids":["caffeine_timing","recent_exercise","unusual_stress"],"next_observation_id":null}
lora	18	contradictory	explain	true	false		For short daytime calls with close contact, the event windows moved in mixed directions.	For short daytime calls with close contact, 4 of 8 event windows showed one direction and 4 did not match. The usual heart-rate difference was +3 beats per minute, with a range of +1 to +5 beats per minute.	For short daytime calls with close contact, the heart-rate pattern was mixed.	For short daytime calls with close contact, 4 of 8 event windows showed one direction and 4 did not match. The usual heart-rate difference was +3 beats per minute. Data was available for 76% of what was needed.	The result does not explain why heart-rate changed, and other daily windows matter.	{"schema_version":2,"context_reference_id":"ctx_b4198c8ab8a2052f","summary":"For short daytime calls with close contact, the heart-rate pattern was mixed.","paragraphs":[{"text":"For short daytime calls with close contact, 4 of 8 event windows showed one direction and 4 did not match.","citations":["canonical_context","consistent_count","counter_count"]},{"text":"The usual heart-rate difference was +3 beats per minute. Data was available for 76% of what was needed.","citations":["median_difference","completeness"]}],"uncertainty":"The result does not explain why heart-rate changed, and other daily windows matter.","unresolved_influence_ids":["caffeine_timing","recent_exercise","unusual_stress"],"next_observation_id":null}
lora	19	contradictory	what_weakens	true	false		For short daytime calls with close contact, the event windows moved in mixed directions.	For short daytime calls with close contact, 4 of 8 event windows showed one direction and 4 did not match. The usual heart-rate difference was +3 beats per minute, with a range of +1 to +5 beats per minute.	For short daytime calls with close contact, the heart-rate pattern was mixed and does not stand out.	For short daytime calls with close contact, 4 of 8 event windows showed one direction and 4 did not match. The usual heart-rate difference was +3 beats per minute, with a range of +1 to +5 beats per minute.	The comparison leaves open what may have moved the heart rate, including caffeine timing, recent exercise, or unusual stress.	{"schema_version":2,"context_reference_id":"ctx_b4198c8ab8a2052f","summary":"For short daytime calls with close contact, the heart-rate pattern was mixed and does not stand out.","paragraphs":[{"text":"For short daytime calls with close contact, 4 of 8 event windows showed one direction and 4 did not match.","citations":["canonical_context","consistent_count","counter_count"]},{"text":"The usual heart-rate difference was +3 beats per minute, with a range of +1 to +5 beats per minute.","citations":["median_difference","effect_range"]}],"uncertainty":"The comparison leaves open what may have moved the heart rate, including caffeine timing, recent exercise, or unusual stress.","unresolved_influence_ids":["caffeine_timing","recent_exercise","unusual_stress"],"next_observation_id":null}
lora	20	contradictory	what_is_missing	true	false		For short daytime calls with close contact, the event windows moved in mixed directions.	For short daytime calls with close contact, 4 of 8 event windows showed one direction and 4 did not match. The usual heart-rate difference was +3 beats per minute, with a range of +1 to +5 beats per minute.	For short daytime calls with close contact, the same heart-rate pattern appeared in 4 of 8 comparable event windows.	For short daytime calls with close contact, 4 of 8 event windows showed the same direction. The usual heart-rate difference was +3 beats per minute, with a range of +1 to +5 beats per minute.	The result leaves open what may have moved the heart rate, including caffeine timing, recent exercise, or unusual stress.	{"schema_version":2,"context_reference_id":"ctx_b4198c8ab8a2052f","summary":"For short daytime calls with close contact, the same heart-rate pattern appeared in 4 of 8 comparable event windows.","paragraphs":[{"text":"For short daytime calls with close contact, 4 of 8 event windows showed the same direction.","citations":["canonical_context","consistent_count","included_count"]},{"text":"The usual heart-rate difference was +3 beats per minute, with a range of +1 to +5 beats per minute.","citations":["median_difference","effect_range"]}],"uncertainty":"The result leaves open what may have moved the heart rate, including caffeine timing, recent exercise, or unusual stress.","unresolved_influence_ids":["caffeine_timing","recent_exercise","unusual_stress"],"next_observation_id":null}
lora	21	contradictory	what_disagrees	true	false		For short daytime calls with close contact, the event windows moved in mixed directions.	For short daytime calls with close contact, 4 of 8 event windows showed one direction and 4 did not match. The usual heart-rate difference was +3 beats per minute, with a range of +1 to +5 beats per minute.	For short daytime calls with close contact, the event windows moved in mixed directions.	For short daytime calls with close contact, 4 of 8 event windows showed one direction and 4 did not match. The usual heart-rate difference was +3 beats per minute, with a range of +1 to +5 beats per minute.	The result leaves open what drove these comparisons.	{"schema_version":2,"context_reference_id":"ctx_b4198c8ab8a2052f","summary":"For short daytime calls with close contact, the event windows moved in mixed directions.","paragraphs":[{"text":"For short daytime calls with close contact, 4 of 8 event windows showed one direction and 4 did not match.","citations":["canonical_context","consistent_count","counter_count"]},{"text":"The usual heart-rate difference was +3 beats per minute, with a range of +1 to +5 beats per minute.","citations":["median_difference","effect_range"]}],"uncertainty":"The result leaves open what drove these comparisons.","unresolved_influence_ids":["caffeine_timing","recent_exercise","unusual_stress"],"next_observation_id":null}
lora	22	contradictory	observe_next	true	false		For short daytime calls with close contact, the event windows moved in mixed directions.	For short daytime calls with close contact, 4 of 8 event windows showed one direction and 4 did not match. The usual heart-rate difference was +3 beats per minute, with a range of +1 to +5 beats per minute.	For short daytime calls with close contact, the same heart-rate pattern appeared in 4 of 8 comparable event windows.	For short daytime calls with close contact, the same direction appeared in 4 of 8 checked event windows. The usual heart-rate difference was +3 beats per minute, with a range of +1 to +5 beats per minute.	The result does not explain why heart-rate changed, and other daily windows matter.	{"schema_version":2,"context_reference_id":"ctx_b4198c8ab8a2052f","summary":"For short daytime calls with close contact, the same heart-rate pattern appeared in 4 of 8 comparable event windows.","paragraphs":[{"text":"For short daytime calls with close contact, the same direction appeared in 4 of 8 checked event windows.","citations":["canonical_context","consistent_count","candidate_count"]},{"text":"The usual heart-rate difference was +3 beats per minute, with a range of +1 to +5 beats per minute.","citations":["median_difference","effect_range"]}],"uncertainty":"The result does not explain why heart-rate changed, and other daily windows matter.","unresolved_influence_ids":["caffeine_timing","recent_exercise","unusual_stress"],"next_observation_id":"log_context"}
lora	23	contradictory	promotion_gate	true	false		For short daytime calls with close contact, the event windows moved in mixed directions.	For short daytime calls with close contact, 4 of 8 event windows showed one direction and 4 did not match. The usual heart-rate difference was +3 beats per minute, with a range of +1 to +5 beats per minute.	For short daytime calls with close contact, the event windows moved in mixed directions.	For short daytime calls with close contact, 4 of 8 event windows showed one direction and 4 did not match. The usual heart-rate difference was +3 beats per minute, with a range of +1 to +5 beats per minute.	The result cannot capture why a heart-rate change happened, and caffeine timing, recent exercise, or unusual stress were not available.	{"schema_version":2,"context_reference_id":"ctx_b4198c8ab8a2052f","summary":"For short daytime calls with close contact, the event windows moved in mixed directions.","paragraphs":[{"text":"For short daytime calls with close contact, 4 of 8 event windows showed one direction and 4 did not match.","citations":["canonical_context","consistent_count","counter_count"]},{"text":"The usual heart-rate difference was +3 beats per minute, with a range of +1 to +5 beats per minute.","citations":["median_difference","effect_range"]}],"uncertainty":"The result cannot capture why a heart-rate change happened, and caffeine timing, recent exercise, or unusual stress were not available.","unresolved_influence_ids":["caffeine_timing","recent_exercise","unusual_stress"],"next_observation_id":null}
lora	24	contradictory	explain	true	false		For recurring personal meetings, the event windows moved in mixed directions.	For recurring personal meetings, 3 of 6 event windows showed one direction and 3 did not match. The usual heart-rate difference was -2 beats per minute, with a range of -5 to +1 beats per minute.	For recurring personal meetings, the event windows moved in mixed directions.	For recurring personal meetings, 3 of 6 event windows moved in one direction and 3 did not match. The usual heart-rate difference was -2 beats per minute, with a range of -5 to +1 beats per minute.	The result leaves open what may have moved the heart rate, including caffeine timing, recent exercise, or unusual stress.	{"schema_version":2,"context_reference_id":"ctx_dac0c34958dce8e7","summary":"For recurring personal meetings, the event windows moved in mixed directions.","paragraphs":[{"text":"For recurring personal meetings, 3 of 6 event windows moved in one direction and 3 did not match.","citations":["canonical_context","consistent_count","counter_count"]},{"text":"The usual heart-rate difference was -2 beats per minute, with a range of -5 to +1 beats per minute.","citations":["median_difference","effect_range"]}],"uncertainty":"The result leaves open what may have moved the heart rate, including caffeine timing, recent exercise, or unusual stress.","unresolved_influence_ids":["caffeine_timing","recent_exercise","unusual_stress"],"next_observation_id":null}
lora	25	contradictory	what_weakens	true	false		For recurring personal meetings, the event windows moved in mixed directions.	For recurring personal meetings, 3 of 6 event windows showed one direction and 3 did not match. The usual heart-rate difference was -2 beats per minute, with a range of -5 to +1 beats per minute.	For recurring personal meetings, the pattern is mixed and cannot be moved.	For recurring personal meetings, the same direction appeared in 3 of 6 comparable event windows, while 3 event windows did not match. The usual heart-rate difference was -2 beats per minute, with a range of -5 to +1 beats per minute.	The result leaves open what may have moved the heart rate, including caffeine timing, recent exercise, or unusual stress.	{"schema_version":2,"context_reference_id":"ctx_dac0c34958dce8e7","summary":"For recurring personal meetings, the pattern is mixed and cannot be moved.","paragraphs":[{"text":"For recurring personal meetings, the same direction appeared in 3 of 6 comparable event windows, while 3 event windows did not match.","citations":["canonical_context","consistent_count","counter_count"]},{"text":"The usual heart-rate difference was -2 beats per minute, with a range of -5 to +1 beats per minute.","citations":["median_difference","effect_range"]}],"uncertainty":"The result leaves open what may have moved the heart rate, including caffeine timing, recent exercise, or unusual stress.","unresolved_influence_ids":["caffeine_timing","recent_exercise","unusual_stress"],"next_observation_id":null}
lora	26	contradictory	what_is_missing	true	false		For recurring personal meetings, the event windows moved in mixed directions.	For recurring personal meetings, 3 of 6 event windows showed one direction and 3 did not match. The usual heart-rate difference was -2 beats per minute, with a range of -5 to +1 beats per minute.	For recurring personal meetings, the event windows moved in mixed directions.	For recurring personal meetings, 3 of 6 event windows showed one direction and 3 did not match. The usual heart-rate difference was -2 beats per minute, with a range of -5 to +1 beats per minute.	The comparison leaves open what caffeine timing, recent exercise, or unusual stress may have mattered.	{"schema_version":2,"context_reference_id":"ctx_dac0c34958dce8e7","summary":"For recurring personal meetings, the event windows moved in mixed directions.","paragraphs":[{"text":"For recurring personal meetings, 3 of 6 event windows showed one direction and 3 did not match.","citations":["canonical_context","consistent_count","counter_count"]},{"text":"The usual heart-rate difference was -2 beats per minute, with a range of -5 to +1 beats per minute.","citations":["median_difference","effect_range"]}],"uncertainty":"The comparison leaves open what caffeine timing, recent exercise, or unusual stress may have mattered.","unresolved_influence_ids":["caffeine_timing","recent_exercise","unusual_stress"],"next_observation_id":null}
lora	27	contradictory	what_disagrees	true	false		For recurring personal meetings, the event windows moved in mixed directions.	For recurring personal meetings, 3 of 6 event windows showed one direction and 3 did not match. The usual heart-rate difference was -2 beats per minute, with a range of -5 to +1 beats per minute.	For recurring personal meetings, the event windows moved in mixed directions.	For recurring personal meetings, 3 of 6 event windows moved in one direction and 3 did not match. The usual heart-rate difference was -2 beats per minute, with a range of -5 to +1 beats per minute.	The result leaves open what may have moved the heart rate, including caffeine timing, recent exercise, or unusual stress.	{"schema_version":2,"context_reference_id":"ctx_dac0c34958dce8e7","summary":"For recurring personal meetings, the event windows moved in mixed directions.","paragraphs":[{"text":"For recurring personal meetings, 3 of 6 event windows moved in one direction and 3 did not match.","citations":["canonical_context","consistent_count","counter_count"]},{"text":"The usual heart-rate difference was -2 beats per minute, with a range of -5 to +1 beats per minute.","citations":["median_difference","effect_range"]}],"uncertainty":"The result leaves open what may have moved the heart rate, including caffeine timing, recent exercise, or unusual stress.","unresolved_influence_ids":["caffeine_timing","recent_exercise","unusual_stress"],"next_observation_id":null}
lora	28	contradictory	observe_next	true	false		For recurring personal meetings, the event windows moved in mixed directions.	For recurring personal meetings, 3 of 6 event windows showed one direction and 3 did not match. The usual heart-rate difference was -2 beats per minute, with a range of -5 to +1 beats per minute.	For recurring personal meetings, the same heart-rate pattern appeared in 3 of 6 comparable event windows.	For recurring personal meetings, the same direction appeared in 3 of 6 comparable event windows. The usual difference was -2 beats per minute, with a range of -5 to +1 beats per minute.	Caffeine timing, recent exercise, or unusual stress may still matter here.	{"schema_version":2,"context_reference_id":"ctx_dac0c34958dce8e7","summary":"For recurring personal meetings, the same heart-rate pattern appeared in 3 of 6 comparable event windows.","paragraphs":[{"text":"For recurring personal meetings, the same direction appeared in 3 of 6 comparable event windows.","citations":["canonical_context","consistent_count","included_count"]},{"text":"The usual difference was -2 beats per minute, with a range of -5 to +1 beats per minute.","citations":["median_difference","effect_range"]}],"uncertainty":"Caffeine timing, recent exercise, or unusual stress may still matter here.","unresolved_influence_ids":["caffeine_timing","recent_exercise","unusual_stress"],"next_observation_id":"log_context"}
lora	29	contradictory	promotion_gate	true	false		For recurring personal meetings, the event windows moved in mixed directions.	For recurring personal meetings, 3 of 6 event windows showed one direction and 3 did not match. The usual heart-rate difference was -2 beats per minute, with a range of -5 to +1 beats per minute.	For recurring personal meetings, the event windows moved in mixed directions.	For recurring personal meetings, 3 of 6 event windows moved in one direction and 3 did not match. The usual heart-rate difference was -2 beats per minute, with a range of -5 to +1 beats per minute.	The comparison leaves open why these windows appeared as they did.	{"schema_version":2,"context_reference_id":"ctx_dac0c34958dce8e7","summary":"For recurring personal meetings, the event windows moved in mixed directions.","paragraphs":[{"text":"For recurring personal meetings, 3 of 6 event windows moved in one direction and 3 did not match.","citations":["canonical_context","consistent_count","counter_count"]},{"text":"The usual heart-rate difference was -2 beats per minute, with a range of -5 to +1 beats per minute.","citations":["median_difference","effect_range"]}],"uncertainty":"The comparison leaves open why these windows appeared as they did.","unresolved_influence_ids":["caffeine_timing","recent_exercise","unusual_stress"],"next_observation_id":null}
lora	30	contradictory	explain	true	false		For long video screen sessions, the event windows moved in mixed directions.	For long video screen sessions, 4 of 8 event windows showed one direction and 4 did not match. The usual heart-rate difference was -3 beats per minute, with a range of -5 to -1 beats per minute.	For long video screen sessions, the pattern is mixed and cannot be repeated.	For long video screen sessions, the same direction appeared in 4 of 8 comparable event windows. The usual heart-rate difference was -3 beats per minute. Data was available for 84% of what was needed, though 0 event windows were left out for data quality.	Caffeine timing, recent exercise, or unusual stress may still matter for these windows.	{"schema_version":2,"context_reference_id":"ctx_988f97c892c07e25","summary":"For long video screen sessions, the pattern is mixed and cannot be repeated.","paragraphs":[{"text":"For long video screen sessions, the same direction appeared in 4 of 8 comparable event windows.","citations":["canonical_context","consistent_count","included_count"]},{"text":"The usual heart-rate difference was -3 beats per minute. Data was available for 84% of what was needed, though 0 event windows were left out for data quality.","citations":["median_difference","completeness","excluded_count"]}],"uncertainty":"Caffeine timing, recent exercise, or unusual stress may still matter for these windows.","unresolved_influence_ids":["caffeine_timing","recent_exercise","unusual_stress"],"next_observation_id":null}
lora	31	contradictory	what_weakens	true	false		For long video screen sessions, the event windows moved in mixed directions.	For long video screen sessions, 4 of 8 event windows showed one direction and 4 did not match. The usual heart-rate difference was -3 beats per minute, with a range of -5 to -1 beats per minute.	For long video screen sessions, the pattern is mixed and does not stand out.	For long video screen sessions, 4 of 8 event windows showed one direction and 4 did not match. The usual heart-rate difference was -3 beats per minute, with a range of -5 to -1 beats per minute.	The result leaves open what may have moved the heart rate, including caffeine timing, recent exercise, or unusual stress.	{"schema_version":2,"context_reference_id":"ctx_988f97c892c07e25","summary":"For long video screen sessions, the pattern is mixed and does not stand out.","paragraphs":[{"text":"For long video screen sessions, 4 of 8 event windows showed one direction and 4 did not match.","citations":["canonical_context","consistent_count","counter_count"]},{"text":"The usual heart-rate difference was -3 beats per minute, with a range of -5 to -1 beats per minute.","citations":["median_difference","effect_range"]}],"uncertainty":"The result leaves open what may have moved the heart rate, including caffeine timing, recent exercise, or unusual stress.","unresolved_influence_ids":["caffeine_timing","recent_exercise","unusual_stress"],"next_observation_id":null}
lora	32	contradictory	what_is_missing	true	false		For long video screen sessions, the event windows moved in mixed directions.	For long video screen sessions, 4 of 8 event windows showed one direction and 4 did not match. The usual heart-rate difference was -3 beats per minute, with a range of -5 to -1 beats per minute.	For long video screen sessions, the same heart-rate pattern appeared in 4 of 8 comparable event windows.	For long video screen sessions, the same direction appeared in 4 of 8 comparable windows. The usual heart-rate difference was -3 beats per minute, with a range of -5 to -1 beats per minute.	The result does not explain why heart-rate changed, and other daily windows matter.	{"schema_version":2,"context_reference_id":"ctx_988f97c892c07e25","summary":"For long video screen sessions, the same heart-rate pattern appeared in 4 of 8 comparable event windows.","paragraphs":[{"text":"For long video screen sessions, the same direction appeared in 4 of 8 comparable windows.","citations":["canonical_context","consistent_count","included_count"]},{"text":"The usual heart-rate difference was -3 beats per minute, with a range of -5 to -1 beats per minute.","citations":["median_difference","effect_range"]}],"uncertainty":"The result does not explain why heart-rate changed, and other daily windows matter.","unresolved_influence_ids":["caffeine_timing","recent_exercise","unusual_stress"],"next_observation_id":"log_context"}
lora	33	contradictory	what_disagrees	true	false		For long video screen sessions, the event windows moved in mixed directions.	For long video screen sessions, 4 of 8 event windows showed one direction and 4 did not match. The usual heart-rate difference was -3 beats per minute, with a range of -5 to -1 beats per minute.	For long video screen sessions, the same heart-rate pattern appeared in 4 of 8 comparable event windows.	For long video screen sessions, the same direction appeared in 4 of 8 comparable windows. The usual heart-rate difference was -3 beats per minute, with a range of -5 to -1 beats per minute.	The result does not explain why heart-rate changed, and other daily windows matter.	{"schema_version":2,"context_reference_id":"ctx_988f97c892c07e25","summary":"For long video screen sessions, the same heart-rate pattern appeared in 4 of 8 comparable event windows.","paragraphs":[{"text":"For long video screen sessions, the same direction appeared in 4 of 8 comparable windows.","citations":["canonical_context","consistent_count","included_count"]},{"text":"The usual heart-rate difference was -3 beats per minute, with a range of -5 to -1 beats per minute.","citations":["median_difference","effect_range"]}],"uncertainty":"The result does not explain why heart-rate changed, and other daily windows matter.","unresolved_influence_ids":["caffeine_timing","recent_exercise","unusual_stress"],"next_observation_id":null}
lora	34	contradictory	observe_next	true	false		For long video screen sessions, the event windows moved in mixed directions.	For long video screen sessions, 4 of 8 event windows showed one direction and 4 did not match. The usual heart-rate difference was -3 beats per minute, with a range of -5 to -1 beats per minute.	For long video screen sessions, the same heart-rate pattern appeared in 4 of 8 comparable event windows.	For long video screen sessions, the same direction appeared in 4 of 8 comparable windows. The usual heart-rate difference was -3 beats per minute, with a range of -5 to -1 beats per minute.	The result does not explain why heart-rate changed, and other daily windows matter.	{"schema_version":2,"context_reference_id":"ctx_988f97c892c07e25","summary":"For long video screen sessions, the same heart-rate pattern appeared in 4 of 8 comparable event windows.","paragraphs":[{"text":"For long video screen sessions, the same direction appeared in 4 of 8 comparable windows.","citations":["canonical_context","consistent_count","included_count"]},{"text":"The usual heart-rate difference was -3 beats per minute, with a range of -5 to -1 beats per minute.","citations":["median_difference","effect_range"]}],"uncertainty":"The result does not explain why heart-rate changed, and other daily windows matter.","unresolved_influence_ids":["caffeine_timing","recent_exercise","unusual_stress"],"next_observation_id":"log_context"}
lora	35	contradictory	promotion_gate	true	false		For long video screen sessions, the event windows moved in mixed directions.	For long video screen sessions, 4 of 8 event windows showed one direction and 4 did not match. The usual heart-rate difference was -3 beats per minute, with a range of -5 to -1 beats per minute.	For long video screen sessions, the same heart-rate pattern appeared in 4 of 8 comparable event windows.	For long video screen sessions, the same direction appeared in 4 of 8 checked event windows. The usual heart-rate difference was -3 beats per minute, with a range of -5 to -1 beats per minute.	The result cannot rule out other daily patterns, including caffeine timing, recent exercise, or unusual stress.	{"schema_version":2,"context_reference_id":"ctx_988f97c892c07e25","summary":"For long video screen sessions, the same heart-rate pattern appeared in 4 of 8 comparable event windows.","paragraphs":[{"text":"For long video screen sessions, the same direction appeared in 4 of 8 checked event windows.","citations":["canonical_context","consistent_count","candidate_count"]},{"text":"The usual heart-rate difference was -3 beats per minute, with a range of -5 to -1 beats per minute.","citations":["median_difference","effect_range"]}],"uncertainty":"The result cannot rule out other daily patterns, including caffeine timing, recent exercise, or unusual stress.","unresolved_influence_ids":["caffeine_timing","recent_exercise","unusual_stress"],"next_observation_id":null}
lora	36	contradictory	explain	true	false		For instrumental focus music sessions, the event windows moved in mixed directions.	For instrumental focus music sessions, 2 of 5 event windows showed one direction and 3 did not match. The usual heart-rate difference was +3 beats per minute, with a range of -3 to +9 beats per minute.	For instrumental focus music sessions, the event windows moved in mixed directions.	For instrumental focus music sessions, 2 of 5 event windows showed one direction and 3 did not match. The usual heart-rate difference was +3 beats per minute, with a range of -3 to +9 beats per minute.	The result leaves open what drove the windows, including caffeine timing, recent exercise, or unusual stress.	{"schema_version":2,"context_reference_id":"ctx_9177dc87c7da823a","summary":"For instrumental focus music sessions, the event windows moved in mixed directions.","paragraphs":[{"text":"For instrumental focus music sessions, 2 of 5 event windows showed one direction and 3 did not match.","citations":["canonical_context","consistent_count","counter_count"]},{"text":"The usual heart-rate difference was +3 beats per minute, with a range of -3 to +9 beats per minute.","citations":["median_difference","effect_range"]}],"uncertainty":"The result leaves open what drove the windows, including caffeine timing, recent exercise, or unusual stress.","unresolved_influence_ids":["caffeine_timing","recent_exercise","unusual_stress"],"next_observation_id":null}
lora	37	contradictory	what_weakens	true	false		For instrumental focus music sessions, the event windows moved in mixed directions.	For instrumental focus music sessions, 2 of 5 event windows showed one direction and 3 did not match. The usual heart-rate difference was +3 beats per minute, with a range of -3 to +9 beats per minute.	For instrumental focus music sessions, the event windows moved in mixed directions.	For instrumental focus music sessions, 2 of 5 event windows showed one direction and 3 did not match. The usual heart-rate difference was +3 beats per minute, with a range of -3 to +9 beats per minute.	The result leaves open what may have moved the heart rate, including caffeine timing, recent exercise, or unusual stress.	{"schema_version":2,"context_reference_id":"ctx_9177dc87c7da823a","summary":"For instrumental focus music sessions, the event windows moved in mixed directions.","paragraphs":[{"text":"For instrumental focus music sessions, 2 of 5 event windows showed one direction and 3 did not match.","citations":["canonical_context","consistent_count","counter_count"]},{"text":"The usual heart-rate difference was +3 beats per minute, with a range of -3 to +9 beats per minute.","citations":["median_difference","effect_range"]}],"uncertainty":"The result leaves open what may have moved the heart rate, including caffeine timing, recent exercise, or unusual stress.","unresolved_influence_ids":["caffeine_timing","recent_exercise","unusual_stress"],"next_observation_id":null}
lora	38	contradictory	what_is_missing	true	false		For instrumental focus music sessions, the event windows moved in mixed directions.	For instrumental focus music sessions, 2 of 5 event windows showed one direction and 3 did not match. The usual heart-rate difference was +3 beats per minute, with a range of -3 to +9 beats per minute.	For instrumental focus music sessions, the event windows moved in mixed directions.	For instrumental focus music sessions, 2 of 5 event windows showed one direction and 3 did not match. The usual heart-rate difference was +3 beats per minute, with a range of -3 to +9 beats per minute.	The comparison leaves some context unmeasured, including caffeine timing, recent exercise, and unusual stress.	{"schema_version":2,"context_reference_id":"ctx_9177dc87c7da823a","summary":"For instrumental focus music sessions, the event windows moved in mixed directions.","paragraphs":[{"text":"For instrumental focus music sessions, 2 of 5 event windows showed one direction and 3 did not match.","citations":["canonical_context","consistent_count","counter_count"]},{"text":"The usual heart-rate difference was +3 beats per minute, with a range of -3 to +9 beats per minute.","citations":["median_difference","effect_range"]}],"uncertainty":"The comparison leaves some context unmeasured, including caffeine timing, recent exercise, and unusual stress.","unresolved_influence_ids":["caffeine_timing","recent_exercise","unusual_stress"],"next_observation_id":null}
lora	39	contradictory	what_disagrees	true	false		For instrumental focus music sessions, the event windows moved in mixed directions.	For instrumental focus music sessions, 2 of 5 event windows showed one direction and 3 did not match. The usual heart-rate difference was +3 beats per minute, with a range of -3 to +9 beats per minute.	For instrumental focus music sessions, the event windows moved in mixed directions.	For instrumental focus music sessions, 2 of 5 event windows showed one direction and 3 did not match. The usual heart-rate difference was +3 beats per minute, with a range of -3 to +9 beats per minute.	The result does not explain why heart-rate changed, and caffeine timing, recent exercise, or unusual stress may matter.	{"schema_version":2,"context_reference_id":"ctx_9177dc87c7da823a","summary":"For instrumental focus music sessions, the event windows moved in mixed directions.","paragraphs":[{"text":"For instrumental focus music sessions, 2 of 5 event windows showed one direction and 3 did not match.","citations":["canonical_context","consistent_count","counter_count"]},{"text":"The usual heart-rate difference was +3 beats per minute, with a range of -3 to +9 beats per minute.","citations":["median_difference","effect_range"]}],"uncertainty":"The result does not explain why heart-rate changed, and caffeine timing, recent exercise, or unusual stress may matter.","unresolved_influence_ids":["caffeine_timing","recent_exercise","unusual_stress"],"next_observation_id":null}
lora	40	contradictory	observe_next	true	false		For instrumental focus music sessions, the event windows moved in mixed directions.	For instrumental focus music sessions, 2 of 5 event windows showed one direction and 3 did not match. The usual heart-rate difference was +3 beats per minute, with a range of -3 to +9 beats per minute.	For instrumental focus music sessions, the event windows moved in mixed directions. Repeat the same check next.	For instrumental focus music sessions, 2 of 5 event windows showed one direction and 3 did not match. The usual heart-rate difference was +3 beats per minute, with a range of -3 to +9 beats per minute.	The result does not explain why heart-rate changed, and other daily context may matter.	{"schema_version":2,"context_reference_id":"ctx_9177dc87c7da823a","summary":"For instrumental focus music sessions, the event windows moved in mixed directions. Repeat the same check next.","paragraphs":[{"text":"For instrumental focus music sessions, 2 of 5 event windows showed one direction and 3 did not match.","citations":["canonical_context","consistent_count","counter_count"]},{"text":"The usual heart-rate difference was +3 beats per minute, with a range of -3 to +9 beats per minute.","citations":["median_difference","effect_range"]}],"uncertainty":"The result does not explain why heart-rate changed, and other daily context may matter.","unresolved_influence_ids":["caffeine_timing","recent_exercise","unusual_stress"],"next_observation_id":"log_context"}
lora	41	contradictory	promotion_gate	true	false		For instrumental focus music sessions, the event windows moved in mixed directions.	For instrumental focus music sessions, 2 of 5 event windows showed one direction and 3 did not match. The usual heart-rate difference was +3 beats per minute, with a range of -3 to +9 beats per minute.	For instrumental focus music sessions, the event windows moved in mixed directions.	For instrumental focus music sessions, 2 of 5 event windows showed one direction and 3 did not match. The usual heart-rate difference was +3 beats per minute, with a range of -3 to +9 beats per minute.	The result cannot capture why windows were left out, including caffeine timing, recent exercise, or unusual stress.	{"schema_version":2,"context_reference_id":"ctx_9177dc87c7da823a","summary":"For instrumental focus music sessions, the event windows moved in mixed directions.","paragraphs":[{"text":"For instrumental focus music sessions, 2 of 5 event windows showed one direction and 3 did not match.","citations":["canonical_context","consistent_count","counter_count"]},{"text":"The usual heart-rate difference was +3 beats per minute, with a range of -3 to +9 beats per minute.","citations":["median_difference","effect_range"]}],"uncertainty":"The result cannot capture why windows were left out, including caffeine timing, recent exercise, or unusual stress.","unresolved_influence_ids":["caffeine_timing","recent_exercise","unusual_stress"],"next_observation_id":null}
lora	42	developing	explain	true	false		For late competitive game sessions, the pattern is early and needs more comparable event windows.	For late competitive game sessions, only 3 comparable event windows were available, though 3 of 3 showed the same direction. The usual heart-rate difference was -10 beats per minute. Data was available for 79% of what was needed, with 5 event windows left out.	For late competitive game sessions, the same heart-rate pattern appeared in 3 of 3 comparable event windows.	For late competitive game sessions, the same direction appeared in 3 of 3 comparable windows. It stands out here. The usual heart-rate difference was -10 beats per minute. Data was available for 79% of what was needed, though 5 event windows were left out for data quality.	Caffeine timing, recent exercise, or unusual stress may still matter for these windows.	{"schema_version":2,"context_reference_id":"ctx_0e594ee9f8d7c4cc","summary":"For late competitive game sessions, the same heart-rate pattern appeared in 3 of 3 comparable event windows.","paragraphs":[{"text":"For late competitive game sessions, the same direction appeared in 3 of 3 comparable windows. It stands out here.","citations":["canonical_context","consistent_count","included_count"]},{"text":"The usual heart-rate difference was -10 beats per minute. Data was available for 79% of what was needed, though 5 event windows were left out for data quality.","citations":["median_difference","completeness","excluded_count"]}],"uncertainty":"Caffeine timing, recent exercise, or unusual stress may still matter for these windows.","unresolved_influence_ids":["caffeine_timing","recent_exercise","unusual_stress"],"next_observation_id":"log_context"}
lora	43	developing	what_weakens	true	false		For late competitive game sessions, the pattern is early and needs more comparable event windows.	For late competitive game sessions, only 3 comparable event windows were available, though 3 of 3 showed the same direction. The usual heart-rate difference was -10 beats per minute. Data was available for 79% of what was needed, with 5 event windows left out.	For late competitive game sessions, the same heart-rate pattern appeared in 3 of 3 comparable event windows.	For late competitive game sessions, the same direction appeared in 3 of 3 comparable windows. The usual difference was -10 beats per minute, with a range of -13 to -7 beats per minute.	The result leaves open what may have moved the heart rate, including caffeine timing, recent exercise, or unusual stress.	{"schema_version":2,"context_reference_id":"ctx_0e594ee9f8d7c4cc","summary":"For late competitive game sessions, the same heart-rate pattern appeared in 3 of 3 comparable event windows.","paragraphs":[{"text":"For late competitive game sessions, the same direction appeared in 3 of 3 comparable windows.","citations":["canonical_context","consistent_count","included_count"]},{"text":"The usual difference was -10 beats per minute, with a range of -13 to -7 beats per minute.","citations":["median_difference","effect_range"]}],"uncertainty":"The result leaves open what may have moved the heart rate, including caffeine timing, recent exercise, or unusual stress.","unresolved_influence_ids":["caffeine_timing","recent_exercise","unusual_stress"],"next_observation_id":null}
lora	44	developing	what_is_missing	true	false		For late competitive game sessions, the pattern is early and needs more comparable event windows.	For late competitive game sessions, only 3 comparable event windows were available, though 3 of 3 showed the same direction. The usual heart-rate difference was -10 beats per minute. Data was available for 79% of what was needed, with 5 event windows left out.	For late competitive game sessions, the same heart-rate pattern appeared in 3 of 3 comparable event windows. More comparable windows are needed.	For late competitive game sessions, the same direction appeared in 3 of 3 comparable event windows. The usual heart-rate difference was -10 beats per minute. The data leaves out 5 event windows with missing or unreliable data, though 3 were usable for comparison.	Caffeine timing, recent exercise, or unusual stress may still matter for these windows.	{"schema_version":2,"context_reference_id":"ctx_0e594ee9f8d7c4cc","summary":"For late competitive game sessions, the same heart-rate pattern appeared in 3 of 3 comparable event windows. More comparable windows are needed.","paragraphs":[{"text":"For late competitive game sessions, the same direction appeared in 3 of 3 comparable event windows. The usual heart-rate difference was -10 beats per minute.","citations":["canonical_context","consistent_count","median_difference"]},{"text":"The data leaves out 5 event windows with missing or unreliable data, though 3 were usable for comparison.","citations":["canonical_context","excluded_count","included_count"]}],"uncertainty":"Caffeine timing, recent exercise, or unusual stress may still matter for these windows.","unresolved_influence_ids":["caffeine_timing","recent_exercise","unusual_stress"],"next_observation_id":"log_context"}
lora	45	developing	what_disagrees	true	false		For late competitive game sessions, the pattern is early and needs more comparable event windows.	For late competitive game sessions, only 3 comparable event windows were available, though 3 of 3 showed the same direction. The usual heart-rate difference was -10 beats per minute. Data was available for 79% of what was needed, with 5 event windows left out.	For late competitive game sessions, the same heart-rate pattern appeared in 3 of 3 comparable event windows.	For late competitive game sessions, the same direction appeared in 3 of 3 comparable windows. The usual difference was -10 beats per minute. The data includes 3 comparable event windows, though 5 were left out for data quality.	The result does not explain why heart-rate changed, and other windows matter.	{"schema_version":2,"context_reference_id":"ctx_0e594ee9f8d7c4cc","summary":"For late competitive game sessions, the same heart-rate pattern appeared in 3 of 3 comparable event windows.","paragraphs":[{"text":"For late competitive game sessions, the same direction appeared in 3 of 3 comparable windows. The usual difference was -10 beats per minute.","citations":["canonical_context","consistent_count","median_difference"]},{"text":"The data includes 3 comparable event windows, though 5 were left out for data quality.","citations":["included_count","excluded_count"]}],"uncertainty":"The result does not explain why heart-rate changed, and other windows matter.","unresolved_influence_ids":["caffeine_timing","recent_exercise","unusual_stress"],"next_observation_id":"log_context"}
lora	46	developing	observe_next	true	false		For late competitive game sessions, the pattern is early and needs more comparable event windows.	For late competitive game sessions, only 3 comparable event windows were available, though 3 of 3 showed the same direction. The usual heart-rate difference was -10 beats per minute. Data was available for 79% of what was needed, with 5 event windows left out.	For late competitive game sessions, the same heart-rate pattern appeared in 3 of 3 comparable event windows.	For late competitive game sessions, the same direction appeared in 3 of 3 comparable windows. The usual heart-rate difference was -10 beats per minute, with a range of -13 to -7 beats per minute.	Caffeine timing, recent exercise, or unusual stress may still matter here.	{"schema_version":2,"context_reference_id":"ctx_0e594ee9f8d7c4cc","summary":"For late competitive game sessions, the same heart-rate pattern appeared in 3 of 3 comparable event windows.","paragraphs":[{"text":"For late competitive game sessions, the same direction appeared in 3 of 3 comparable windows.","citations":["canonical_context","consistent_count","included_count"]},{"text":"The usual heart-rate difference was -10 beats per minute, with a range of -13 to -7 beats per minute.","citations":["median_difference","effect_range"]}],"uncertainty":"Caffeine timing, recent exercise, or unusual stress may still matter here.","unresolved_influence_ids":["caffeine_timing","recent_exercise","unusual_stress"],"next_observation_id":"log_context"}
lora	47	developing	promotion_gate	true	false		For late competitive game sessions, the pattern is early and needs more comparable event windows.	For late competitive game sessions, only 3 comparable event windows were available, though 3 of 3 showed the same direction. The usual heart-rate difference was -10 beats per minute. Data was available for 79% of what was needed, with 5 event windows left out.	For late competitive game sessions, the heart-rate pattern is early and needs more comparable windows.	For late competitive game sessions, across 3 comparable event windows, the usual heart-rate difference was -10 beats per minute. The same direction appeared in 3 of 3, though 5 event windows were left out for data quality.	Caffeine timing, recent exercise, or unusual stress may still matter for these windows.	{"schema_version":2,"context_reference_id":"ctx_0e594ee9f8d7c4cc","summary":"For late competitive game sessions, the heart-rate pattern is early and needs more comparable windows.","paragraphs":[{"text":"For late competitive game sessions, across 3 comparable event windows, the usual heart-rate difference was -10 beats per minute.","citations":["canonical_context","included_count","median_difference"]},{"text":"The same direction appeared in 3 of 3, though 5 event windows were left out for data quality.","citations":["consistent_count","excluded_count"]}],"uncertainty":"Caffeine timing, recent exercise, or unusual stress may still matter for these windows.","unresolved_influence_ids":["caffeine_timing","recent_exercise","unusual_stress"],"next_observation_id":null}
lora	48	developing	explain	true	false		For evening hydration entries, the pattern is early and needs more comparable event windows.	For evening hydration entries, only 3 comparable event windows were available, though 3 of 3 showed the same direction. The usual heart-rate difference was -5 beats per minute. Data was available for 78% of what was needed, with 7 event windows left out.	For evening hydration entries, the pattern is early and needs more comparable windows.	For evening hydration entries, only 3 comparable event windows were available, though 3 of 3 showed the same direction. The usual heart-rate difference was -5 beats per minute. Data was available for 78% of what was needed, with 7 event windows left out.	The result cannot rule out caffeine timing, recent exercise, or unusual stress as part of the same day.	{"schema_version":2,"context_reference_id":"ctx_13429235b607797f","summary":"For evening hydration entries, the pattern is early and needs more comparable windows.","paragraphs":[{"text":"For evening hydration entries, only 3 comparable event windows were available, though 3 of 3 showed the same direction.","citations":["canonical_context","included_count","consistent_count"]},{"text":"The usual heart-rate difference was -5 beats per minute. Data was available for 78% of what was needed, with 7 event windows left out.","citations":["median_difference","completeness","excluded_count"]}],"uncertainty":"The result cannot rule out caffeine timing, recent exercise, or unusual stress as part of the same day.","unresolved_influence_ids":["caffeine_timing","recent_exercise","unusual_stress"],"next_observation_id":null}
lora	49	developing	what_weakens	true	false		For evening hydration entries, the pattern is early and needs more comparable event windows.	For evening hydration entries, only 3 comparable event windows were available, though 3 of 3 showed the same direction. The usual heart-rate difference was -5 beats per minute. Data was available for 78% of what was needed, with 7 event windows left out.	For evening hydration entries, the pattern is early and needs more comparable windows.	For evening hydration entries, only 3 comparable event windows were available, though 3 of 3 showed the same direction. The usual heart-rate difference was -5 beats per minute, with a range of -11 to +1 beats per minute.	The result cannot account for caffeine timing, recent exercise, or unusual stress.	{"schema_version":2,"context_reference_id":"ctx_13429235b607797f","summary":"For evening hydration entries, the pattern is early and needs more comparable windows.","paragraphs":[{"text":"For evening hydration entries, only 3 comparable event windows were available, though 3 of 3 showed the same direction.","citations":["canonical_context","included_count","consistent_count"]},{"text":"The usual heart-rate difference was -5 beats per minute, with a range of -11 to +1 beats per minute.","citations":["median_difference","effect_range"]}],"uncertainty":"The result cannot account for caffeine timing, recent exercise, or unusual stress.","unresolved_influence_ids":["caffeine_timing","recent_exercise","unusual_stress"],"next_observation_id":null}
lora	50	developing	what_is_missing	true	false		For evening hydration entries, the pattern is early and needs more comparable event windows.	For evening hydration entries, only 3 comparable event windows were available, though 3 of 3 showed the same direction. The usual heart-rate difference was -5 beats per minute. Data was available for 78% of what was needed, with 7 event windows left out.	For evening hydration entries, there was no clear repeated heart-rate pattern. More comparable windows are needed.	For evening hydration entries, 3 of 3 comparable event windows appeared the same direction. The usual heart-rate difference was -5 beats per minute, with a range of -11 to +1 beats per minute.	The comparison leaves out windows with missing or unreliable data, and does not account for caffeine timing, recent exercise, or unusual stress.	{"schema_version":2,"context_reference_id":"ctx_13429235b607797f","summary":"For evening hydration entries, there was no clear repeated heart-rate pattern. More comparable windows are needed.","paragraphs":[{"text":"For evening hydration entries, 3 of 3 comparable event windows appeared the same direction.","citations":["canonical_context","consistent_count","included_count"]},{"text":"The usual heart-rate difference was -5 beats per minute, with a range of -11 to +1 beats per minute.","citations":["median_difference","effect_range"]}],"uncertainty":"The comparison leaves out windows with missing or unreliable data, and does not account for caffeine timing, recent exercise, or unusual stress.","unresolved_influence_ids":["caffeine_timing","recent_exercise","unusual_stress"],"next_observation_id":null}
lora	51	developing	what_disagrees	true	false		For evening hydration entries, the pattern is early and needs more comparable event windows.	For evening hydration entries, only 3 comparable event windows were available, though 3 of 3 showed the same direction. The usual heart-rate difference was -5 beats per minute. Data was available for 78% of what was needed, with 7 event windows left out.	For evening hydration entries, the same heart-rate pattern appeared in 3 of 3 comparable event windows.	For evening hydration entries, the same direction appeared in 3 of 3 comparable windows. The usual heart-rate difference was -5 beats per minute, with a range of -11 to +1 beats per minute.	The result leaves open what may have moved the heart rate, including caffeine timing, recent exercise, or unusual stress.	{"schema_version":2,"context_reference_id":"ctx_13429235b607797f","summary":"For evening hydration entries, the same heart-rate pattern appeared in 3 of 3 comparable event windows.","paragraphs":[{"text":"For evening hydration entries, the same direction appeared in 3 of 3 comparable windows.","citations":["canonical_context","consistent_count","included_count"]},{"text":"The usual heart-rate difference was -5 beats per minute, with a range of -11 to +1 beats per minute.","citations":["median_difference","effect_range"]}],"uncertainty":"The result leaves open what may have moved the heart rate, including caffeine timing, recent exercise, or unusual stress.","unresolved_influence_ids":["caffeine_timing","recent_exercise","unusual_stress"],"next_observation_id":null}
lora	52	developing	observe_next	true	false		For evening hydration entries, the pattern is early and needs more comparable event windows.	For evening hydration entries, only 3 comparable event windows were available, though 3 of 3 showed the same direction. The usual heart-rate difference was -5 beats per minute. Data was available for 78% of what was needed, with 7 event windows left out.	For evening hydration entries, the same heart-rate pattern appeared in 3 of 3 comparable event windows.	For evening hydration entries, 3 of 3 comparable event windows showed the same direction. The usual heart-rate difference was -5 beats per minute, with a range of -11 to +1 beats per minute.	The result cannot capture why a heart rate changed, and other windows were left out.	{"schema_version":2,"context_reference_id":"ctx_13429235b607797f","summary":"For evening hydration entries, the same heart-rate pattern appeared in 3 of 3 comparable event windows.","paragraphs":[{"text":"For evening hydration entries, 3 of 3 comparable event windows showed the same direction.","citations":["canonical_context","consistent_count","included_count"]},{"text":"The usual heart-rate difference was -5 beats per minute, with a range of -11 to +1 beats per minute.","citations":["median_difference","effect_range"]}],"uncertainty":"The result cannot capture why a heart rate changed, and other windows were left out.","unresolved_influence_ids":["caffeine_timing","recent_exercise","unusual_stress"],"next_observation_id":"log_context"}
lora	53	developing	promotion_gate	true	false		For evening hydration entries, the pattern is early and needs more comparable event windows.	For evening hydration entries, only 3 comparable event windows were available, though 3 of 3 showed the same direction. The usual heart-rate difference was -5 beats per minute. Data was available for 78% of what was needed, with 7 event windows left out.	For evening hydration entries, the pattern is early and needs more comparable windows.	For evening hydration entries, only 3 comparable event windows were available, though 3 of 3 showed the same direction. The usual heart-rate difference was -5 beats per minute, with a range of -11 to +1 beats per minute.	The result cannot account for caffeine timing, recent exercise, or unusual stress.	{"schema_version":2,"context_reference_id":"ctx_13429235b607797f","summary":"For evening hydration entries, the pattern is early and needs more comparable windows.","paragraphs":[{"text":"For evening hydration entries, only 3 comparable event windows were available, though 3 of 3 showed the same direction.","citations":["canonical_context","included_count","consistent_count"]},{"text":"The usual heart-rate difference was -5 beats per minute, with a range of -11 to +1 beats per minute.","citations":["median_difference","effect_range"]}],"uncertainty":"The result cannot account for caffeine timing, recent exercise, or unusual stress.","unresolved_influence_ids":["caffeine_timing","recent_exercise","unusual_stress"],"next_observation_id":null}
lora	54	developing	explain	true	false		For journal entries tagged high workload and stress, the pattern is early and needs more comparable event windows.	For journal entries tagged high workload and stress, only 2 comparable event windows were available, though 2 of 2 showed the same direction. The usual heart-rate difference was +7 beats per minute. Data was available for 84% of what was needed, with 6 event windows left out.	For journal entries tagged high workload and stress, the event windows moved in mixed directions.	For journal entries tagged high workload and stress, only 2 of 2 comparable event windows moved in the same direction. The usual heart-rate difference was +7 beats per minute, with a range of +1 to +13 beats per minute.	The result leaves open what drove the windows, and caffeine timing and recent exercise were not captured.	{"schema_version":2,"context_reference_id":"ctx_10061f8205b7dd3b","summary":"For journal entries tagged high workload and stress, the event windows moved in mixed directions.","paragraphs":[{"text":"For journal entries tagged high workload and stress, only 2 of 2 comparable event windows moved in the same direction.","citations":["canonical_context","consistent_count","included_count"]},{"text":"The usual heart-rate difference was +7 beats per minute, with a range of +1 to +13 beats per minute.","citations":["median_difference","effect_range"]}],"uncertainty":"The result leaves open what drove the windows, and caffeine timing and recent exercise were not captured.","unresolved_influence_ids":["caffeine_timing","recent_exercise","unusual_stress"],"next_observation_id":null}
lora	55	developing	what_weakens	true	false		For journal entries tagged high workload and stress, the pattern is early and needs more comparable event windows.	For journal entries tagged high workload and stress, only 2 comparable event windows were available, though 2 of 2 showed the same direction. The usual heart-rate difference was +7 beats per minute. Data was available for 84% of what was needed, with 6 event windows left out.	For journal entries tagged high workload and stress, the pattern is early and needs more comparable windows.	For journal entries tagged high workload and stress, only 2 of 2 comparable event windows were available. The usual heart-rate difference was +7 beats per minute, though the range was +1 to +13 beats per minute.	The result cannot capture caffeine timing, recent exercise, or unusual stress.	{"schema_version":2,"context_reference_id":"ctx_10061f8205b7dd3b","summary":"For journal entries tagged high workload and stress, the pattern is early and needs more comparable windows.","paragraphs":[{"text":"For journal entries tagged high workload and stress, only 2 of 2 comparable event windows were available.","citations":["canonical_context","included_count","consistent_count"]},{"text":"The usual heart-rate difference was +7 beats per minute, though the range was +1 to +13 beats per minute.","citations":["median_difference","effect_range"]}],"uncertainty":"The result cannot capture caffeine timing, recent exercise, or unusual stress.","unresolved_influence_ids":["caffeine_timing","recent_exercise","unusual_stress"],"next_observation_id":null}
lora	56	developing	what_is_missing	true	false		For journal entries tagged high workload and stress, the pattern is early and needs more comparable event windows.	For journal entries tagged high workload and stress, only 2 comparable event windows were available, though 2 of 2 showed the same direction. The usual heart-rate difference was +7 beats per minute. Data was available for 84% of what was needed, with 6 event windows left out.	For journal entries tagged high workload and stress, the pattern is early and needs more comparable windows.	For journal entries tagged high workload and stress, only 2 of 2 comparable event windows were available. The usual heart-rate difference was +7 beats per minute, though the range was +1 to +13 beats per minute.	The comparison leaves out windows with missing or unreliable data, and other windows may matter.	{"schema_version":2,"context_reference_id":"ctx_10061f8205b7dd3b","summary":"For journal entries tagged high workload and stress, the pattern is early and needs more comparable windows.","paragraphs":[{"text":"For journal entries tagged high workload and stress, only 2 of 2 comparable event windows were available.","citations":["canonical_context","included_count","consistent_count"]},{"text":"The usual heart-rate difference was +7 beats per minute, though the range was +1 to +13 beats per minute.","citations":["median_difference","effect_range"]}],"uncertainty":"The comparison leaves out windows with missing or unreliable data, and other windows may matter.","unresolved_influence_ids":["caffeine_timing","recent_exercise","unusual_stress"],"next_observation_id":null}
lora	57	developing	what_disagrees	true	false		For journal entries tagged high workload and stress, the pattern is early and needs more comparable event windows.	For journal entries tagged high workload and stress, only 2 comparable event windows were available, though 2 of 2 showed the same direction. The usual heart-rate difference was +7 beats per minute. Data was available for 84% of what was needed, with 6 event windows left out.	For journal entries tagged high workload and stress, the event windows moved in mixed directions.	For journal entries tagged high workload and stress, only 2 of 2 event windows showed one direction and 0 did not match. The usual heart-rate difference was +7 beats per minute, with a range of +1 to +13 beats per minute.	The result leaves open what caffeine timing, recent exercise, or unusual stress may have played a role.	{"schema_version":2,"context_reference_id":"ctx_10061f8205b7dd3b","summary":"For journal entries tagged high workload and stress, the event windows moved in mixed directions.","paragraphs":[{"text":"For journal entries tagged high workload and stress, only 2 of 2 event windows showed one direction and 0 did not match.","citations":["canonical_context","consistent_count","counter_count"]},{"text":"The usual heart-rate difference was +7 beats per minute, with a range of +1 to +13 beats per minute.","citations":["median_difference","effect_range"]}],"uncertainty":"The result leaves open what caffeine timing, recent exercise, or unusual stress may have played a role.","unresolved_influence_ids":["caffeine_timing","recent_exercise","unusual_stress"],"next_observation_id":null}
lora	58	developing	observe_next	true	false		For journal entries tagged high workload and stress, the pattern is early and needs more comparable event windows.	For journal entries tagged high workload and stress, only 2 comparable event windows were available, though 2 of 2 showed the same direction. The usual heart-rate difference was +7 beats per minute. Data was available for 84% of what was needed, with 6 event windows left out.	For journal entries tagged high workload and stress, the same heart-rate pattern appeared in 2 of 2 comparable event windows.	For journal entries tagged high workload and stress, the same direction appeared in 2 of 2 comparable windows. The usual heart-rate difference was +7 beats per minute, with a range of +1 to +13 beats per minute.	The result cannot capture why these windows happened, and other context may matter.	{"schema_version":2,"context_reference_id":"ctx_10061f8205b7dd3b","summary":"For journal entries tagged high workload and stress, the same heart-rate pattern appeared in 2 of 2 comparable event windows.","paragraphs":[{"text":"For journal entries tagged high workload and stress, the same direction appeared in 2 of 2 comparable windows.","citations":["canonical_context","consistent_count","included_count"]},{"text":"The usual heart-rate difference was +7 beats per minute, with a range of +1 to +13 beats per minute.","citations":["median_difference","effect_range"]}],"uncertainty":"The result cannot capture why these windows happened, and other context may matter.","unresolved_influence_ids":["caffeine_timing","recent_exercise","unusual_stress"],"next_observation_id":"log_context"}
lora	59	developing	promotion_gate	true	false		For journal entries tagged high workload and stress, the pattern is early and needs more comparable event windows.	For journal entries tagged high workload and stress, only 2 comparable event windows were available, though 2 of 2 showed the same direction. The usual heart-rate difference was +7 beats per minute. Data was available for 84% of what was needed, with 6 event windows left out.	For journal entries tagged high workload and stress, the event windows moved, and the pattern is still developing.	For journal entries tagged high workload and stress, only 2 of 2 comparable event windows were used. The usual heart-rate difference was +7 beats per minute, with a range of +1 to +13 beats per minute.	The result cannot capture caffeine timing, recent exercise, or unusual stress.	{"schema_version":2,"context_reference_id":"ctx_10061f8205b7dd3b","summary":"For journal entries tagged high workload and stress, the event windows moved, and the pattern is still developing.","paragraphs":[{"text":"For journal entries tagged high workload and stress, only 2 of 2 comparable event windows were used.","citations":["canonical_context","included_count","consistent_count"]},{"text":"The usual heart-rate difference was +7 beats per minute, with a range of +1 to +13 beats per minute.","citations":["median_difference","effect_range"]}],"uncertainty":"The result cannot capture caffeine timing, recent exercise, or unusual stress.","unresolved_influence_ids":["caffeine_timing","recent_exercise","unusual_stress"],"next_observation_id":null}
lora	60	developing	explain	true	false		For work-peer phone calls, the pattern is early and needs more comparable event windows.	For work-peer phone calls, only 2 comparable event windows were available, though 2 of 2 showed the same direction. The usual heart-rate difference was -10 beats per minute. Data was available for 80% of what was needed, with 8 event windows left out.	For work-peer phone calls, the pattern is early and needs more comparable windows.	For work-peer phone calls, only 2 comparable event windows were available, though 2 of 2 showed the same direction. The usual heart-rate difference was -10 beats per minute. Data was available for 80% of what was needed, with 8 event windows left out.	The result cannot account for caffeine timing, recent exercise, or unusual stress.	{"schema_version":2,"context_reference_id":"ctx_d3b2d60ec71f1584","summary":"For work-peer phone calls, the pattern is early and needs more comparable windows.","paragraphs":[{"text":"For work-peer phone calls, only 2 comparable event windows were available, though 2 of 2 showed the same direction.","citations":["canonical_context","included_count","consistent_count"]},{"text":"The usual heart-rate difference was -10 beats per minute. Data was available for 80% of what was needed, with 8 event windows left out.","citations":["median_difference","completeness","excluded_count"]}],"uncertainty":"The result cannot account for caffeine timing, recent exercise, or unusual stress.","unresolved_influence_ids":["caffeine_timing","recent_exercise","unusual_stress"],"next_observation_id":null}
lora	61	developing	what_weakens	true	false		For work-peer phone calls, the pattern is early and needs more comparable event windows.	For work-peer phone calls, only 2 comparable event windows were available, though 2 of 2 showed the same direction. The usual heart-rate difference was -10 beats per minute. Data was available for 80% of what was needed, with 8 event windows left out.	For work-peer phone calls, the event windows moved in mixed directions. More comparable windows were needed.	For work-peer phone calls, only 2 of 2 comparable event windows were available, though 8 were left out for data quality. The usual heart-rate difference was -10 beats per minute, with a range of -12 to -8 beats per minute.	The result cannot capture why heart-rate changed, and other daily context was missing.	{"schema_version":2,"context_reference_id":"ctx_d3b2d60ec71f1584","summary":"For work-peer phone calls, the event windows moved in mixed directions. More comparable windows were needed.","paragraphs":[{"text":"For work-peer phone calls, only 2 of 2 comparable event windows were available, though 8 were left out for data quality.","citations":["canonical_context","included_count","excluded_count"]},{"text":"The usual heart-rate difference was -10 beats per minute, with a range of -12 to -8 beats per minute.","citations":["median_difference","effect_range"]}],"uncertainty":"The result cannot capture why heart-rate changed, and other daily context was missing.","unresolved_influence_ids":["caffeine_timing","recent_exercise","unusual_stress"],"next_observation_id":null}
lora	62	developing	what_is_missing	true	false		For work-peer phone calls, the pattern is early and needs more comparable event windows.	For work-peer phone calls, only 2 comparable event windows were available, though 2 of 2 showed the same direction. The usual heart-rate difference was -10 beats per minute. Data was available for 80% of what was needed, with 8 event windows left out.	For work-peer phone calls, there was no clear repeated heart-rate pattern. More comparable windows are needed.	For work-peer phone calls, only 2 of 2 comparable event windows were available. The usual heart-rate difference was -10 beats per minute, with a range of -12 to -8 beats per minute.	The comparison leaves out windows with missing or unreliable data, and does not account for caffeine timing, recent exercise, or unusual stress.	{"schema_version":2,"context_reference_id":"ctx_d3b2d60ec71f1584","summary":"For work-peer phone calls, there was no clear repeated heart-rate pattern. More comparable windows are needed.","paragraphs":[{"text":"For work-peer phone calls, only 2 of 2 comparable event windows were available.","citations":["canonical_context","included_count","consistent_count"]},{"text":"The usual heart-rate difference was -10 beats per minute, with a range of -12 to -8 beats per minute.","citations":["median_difference","effect_range"]}],"uncertainty":"The comparison leaves out windows with missing or unreliable data, and does not account for caffeine timing, recent exercise, or unusual stress.","unresolved_influence_ids":["caffeine_timing","recent_exercise","unusual_stress"],"next_observation_id":null}
lora	63	developing	what_disagrees	true	false		For work-peer phone calls, the pattern is early and needs more comparable event windows.	For work-peer phone calls, only 2 comparable event windows were available, though 2 of 2 showed the same direction. The usual heart-rate difference was -10 beats per minute. Data was available for 80% of what was needed, with 8 event windows left out.	For work-peer phone calls, the same heart-rate pattern appeared in 2 of 2 comparable event windows.	For work-peer phone calls, the same direction appeared in 2 of 2 comparable windows. The usual difference was -10 beats per minute, with a range of -12 to -8 beats per minute.	The result leaves open what may have moved the heart rate, including caffeine timing, recent exercise, or unusual stress.	{"schema_version":2,"context_reference_id":"ctx_d3b2d60ec71f1584","summary":"For work-peer phone calls, the same heart-rate pattern appeared in 2 of 2 comparable event windows.","paragraphs":[{"text":"For work-peer phone calls, the same direction appeared in 2 of 2 comparable windows.","citations":["canonical_context","consistent_count"]},{"text":"The usual difference was -10 beats per minute, with a range of -12 to -8 beats per minute.","citations":["median_difference","effect_range"]}],"uncertainty":"The result leaves open what may have moved the heart rate, including caffeine timing, recent exercise, or unusual stress.","unresolved_influence_ids":["caffeine_timing","recent_exercise","unusual_stress"],"next_observation_id":null}
lora	64	developing	observe_next	true	false		For work-peer phone calls, the pattern is early and needs more comparable event windows.	For work-peer phone calls, only 2 comparable event windows were available, though 2 of 2 showed the same direction. The usual heart-rate difference was -10 beats per minute. Data was available for 80% of what was needed, with 8 event windows left out.	For work-peer phone calls, the same heart-rate pattern appeared in 2 of 2 comparable event windows.	For work-peer phone calls, the same direction appeared in 2 of 2 comparable windows. The usual difference was -10 beats per minute, with a range of -12 to -8 beats per minute.	The result cannot capture why heart rate changed, and other windows were left out.	{"schema_version":2,"context_reference_id":"ctx_d3b2d60ec71f1584","summary":"For work-peer phone calls, the same heart-rate pattern appeared in 2 of 2 comparable event windows.","paragraphs":[{"text":"For work-peer phone calls, the same direction appeared in 2 of 2 comparable windows.","citations":["canonical_context","consistent_count","included_count"]},{"text":"The usual difference was -10 beats per minute, with a range of -12 to -8 beats per minute.","citations":["median_difference","effect_range"]}],"uncertainty":"The result cannot capture why heart rate changed, and other windows were left out.","unresolved_influence_ids":["caffeine_timing","recent_exercise","unusual_stress"],"next_observation_id":"log_context"}
lora	65	developing	promotion_gate	true	false		For work-peer phone calls, the pattern is early and needs more comparable event windows.	For work-peer phone calls, only 2 comparable event windows were available, though 2 of 2 showed the same direction. The usual heart-rate difference was -10 beats per minute. Data was available for 80% of what was needed, with 8 event windows left out.	For work-peer phone calls, the event windows moved in mixed directions. More comparable windows are needed.	For work-peer phone calls, only 2 of 2 event windows moved in the same direction. The usual heart-rate difference was -10 beats per minute, with a range of -12 to -8 beats per minute.	The result cannot rule out caffeine timing, recent exercise, or unusual stress as part of the comparison.	{"schema_version":2,"context_reference_id":"ctx_d3b2d60ec71f1584","summary":"For work-peer phone calls, the event windows moved in mixed directions. More comparable windows are needed.","paragraphs":[{"text":"For work-peer phone calls, only 2 of 2 event windows moved in the same direction.","citations":["canonical_context","consistent_count"]},{"text":"The usual heart-rate difference was -10 beats per minute, with a range of -12 to -8 beats per minute.","citations":["median_difference","effect_range"]}],"uncertainty":"The result cannot rule out caffeine timing, recent exercise, or unusual stress as part of the comparison.","unresolved_influence_ids":["caffeine_timing","recent_exercise","unusual_stress"],"next_observation_id":null}
lora	66	developing	explain	true	false		For recurring weekday work meetings, the pattern is early and needs more comparable event windows.	For recurring weekday work meetings, only 3 comparable event windows were available, though 3 of 3 showed the same direction. The usual heart-rate difference was +7 beats per minute. Data was available for 87% of what was needed, with 8 event windows left out.	For recurring weekday work meetings, the same heart-rate pattern appeared in 3 of 3 comparable event windows.	For recurring weekday work meetings, the same direction appeared in 3 of 3 comparable windows. The usual heart-rate difference was +7 beats per minute, with a range of +5 to +9 beats per minute.	Caffeine timing, recent exercise, or unusual stress may still matter here.	{"schema_version":2,"context_reference_id":"ctx_9761ecedc054ea57","summary":"For recurring weekday work meetings, the same heart-rate pattern appeared in 3 of 3 comparable event windows.","paragraphs":[{"text":"For recurring weekday work meetings, the same direction appeared in 3 of 3 comparable windows.","citations":["canonical_context","consistent_count","included_count"]},{"text":"The usual heart-rate difference was +7 beats per minute, with a range of +5 to +9 beats per minute.","citations":["median_difference","effect_range"]}],"uncertainty":"Caffeine timing, recent exercise, or unusual stress may still matter here.","unresolved_influence_ids":["caffeine_timing","recent_exercise","unusual_stress"],"next_observation_id":"log_context"}
lora	67	developing	what_weakens	true	false		For recurring weekday work meetings, the pattern is early and needs more comparable event windows.	For recurring weekday work meetings, only 3 comparable event windows were available, though 3 of 3 showed the same direction. The usual heart-rate difference was +7 beats per minute. Data was available for 87% of what was needed, with 8 event windows left out.	For recurring weekday work meetings, the pattern is early and needs more comparable windows.	For recurring weekday work meetings, only 3 comparable event windows were available, though 3 of 3 showed the same direction. The usual heart-rate difference was +7 beats per minute. Data was available for 87% of what was needed, with 8 event windows left out.	The result cannot rule out caffeine timing, recent exercise, or unusual stress as part of the comparison.	{"schema_version":2,"context_reference_id":"ctx_9761ecedc054ea57","summary":"For recurring weekday work meetings, the pattern is early and needs more comparable windows.","paragraphs":[{"text":"For recurring weekday work meetings, only 3 comparable event windows were available, though 3 of 3 showed the same direction.","citations":["canonical_context","included_count","consistent_count"]},{"text":"The usual heart-rate difference was +7 beats per minute. Data was available for 87% of what was needed, with 8 event windows left out.","citations":["median_difference","completeness","excluded_count"]}],"uncertainty":"The result cannot rule out caffeine timing, recent exercise, or unusual stress as part of the comparison.","unresolved_influence_ids":["caffeine_timing","recent_exercise","unusual_stress"],"next_observation_id":null}
lora	68	developing	what_is_missing	true	false		For recurring weekday work meetings, the pattern is early and needs more comparable event windows.	For recurring weekday work meetings, only 3 comparable event windows were available, though 3 of 3 showed the same direction. The usual heart-rate difference was +7 beats per minute. Data was available for 87% of what was needed, with 8 event windows left out.	For recurring weekday work meetings, the pattern is early and needs more comparable windows.	For recurring weekday work meetings, only 3 comparable event windows were available, though 3 of 3 showed the same direction. The usual heart-rate difference was +7 beats per minute. Data was available for 87% of what was needed, with 8 event windows left out.	Caffeine timing, recent exercise, or unusual stress may still matter for these windows.	{"schema_version":2,"context_reference_id":"ctx_9761ecedc054ea57","summary":"For recurring weekday work meetings, the pattern is early and needs more comparable windows.","paragraphs":[{"text":"For recurring weekday work meetings, only 3 comparable event windows were available, though 3 of 3 showed the same direction.","citations":["canonical_context","included_count","consistent_count"]},{"text":"The usual heart-rate difference was +7 beats per minute. Data was available for 87% of what was needed, with 8 event windows left out.","citations":["median_difference","completeness","excluded_count"]}],"uncertainty":"Caffeine timing, recent exercise, or unusual stress may still matter for these windows.","unresolved_influence_ids":["caffeine_timing","recent_exercise","unusual_stress"],"next_observation_id":null}
lora	69	developing	what_disagrees	true	false		For recurring weekday work meetings, the pattern is early and needs more comparable event windows.	For recurring weekday work meetings, only 3 comparable event windows were available, though 3 of 3 showed the same direction. The usual heart-rate difference was +7 beats per minute. Data was available for 87% of what was needed, with 8 event windows left out.	For recurring weekday work meetings, the pattern is early and needs more comparable windows.	For recurring weekday work meetings, only 3 comparable event windows were available, though 3 of 3 showed the same direction. The usual heart-rate difference was +7 beats per minute. Data was available for 87% of what was needed, with 8 event windows left out.	Caffeine timing, recent exercise, or unusual stress may still matter for these windows.	{"schema_version":2,"context_reference_id":"ctx_9761ecedc054ea57","summary":"For recurring weekday work meetings, the pattern is early and needs more comparable windows.","paragraphs":[{"text":"For recurring weekday work meetings, only 3 comparable event windows were available, though 3 of 3 showed the same direction.","citations":["canonical_context","included_count","consistent_count"]},{"text":"The usual heart-rate difference was +7 beats per minute. Data was available for 87% of what was needed, with 8 event windows left out.","citations":["median_difference","completeness","excluded_count"]}],"uncertainty":"Caffeine timing, recent exercise, or unusual stress may still matter for these windows.","unresolved_influence_ids":["caffeine_timing","recent_exercise","unusual_stress"],"next_observation_id":null}
lora	70	developing	observe_next	true	false		For recurring weekday work meetings, the pattern is early and needs more comparable event windows.	For recurring weekday work meetings, only 3 comparable event windows were available, though 3 of 3 showed the same direction. The usual heart-rate difference was +7 beats per minute. Data was available for 87% of what was needed, with 8 event windows left out.	For recurring weekday work meetings, the same heart-rate pattern appeared in 3 of 3 comparable event windows.	For recurring weekday work meetings, the same direction appeared in 3 of 3 comparable windows. The usual heart-rate difference was +7 beats per minute, with a range of +5 to +9 beats per minute.	The result leaves open what drove the windows, and more comparable windows may be needed.	{"schema_version":2,"context_reference_id":"ctx_9761ecedc054ea57","summary":"For recurring weekday work meetings, the same heart-rate pattern appeared in 3 of 3 comparable event windows.","paragraphs":[{"text":"For recurring weekday work meetings, the same direction appeared in 3 of 3 comparable windows.","citations":["canonical_context","consistent_count","included_count"]},{"text":"The usual heart-rate difference was +7 beats per minute, with a range of +5 to +9 beats per minute.","citations":["median_difference","effect_range"]}],"uncertainty":"The result leaves open what drove the windows, and more comparable windows may be needed.","unresolved_influence_ids":["caffeine_timing","recent_exercise","unusual_stress"],"next_observation_id":"log_context"}
lora	71	developing	promotion_gate	true	false		For recurring weekday work meetings, the pattern is early and needs more comparable event windows.	For recurring weekday work meetings, only 3 comparable event windows were available, though 3 of 3 showed the same direction. The usual heart-rate difference was +7 beats per minute. Data was available for 87% of what was needed, with 8 event windows left out.	For recurring weekday work meetings, the pattern is early and needs more comparable windows.	For recurring weekday work meetings, across 3 comparable event windows, the usual heart-rate difference was +7 beats per minute. The same direction appeared in 3 of 3, while 0 event windows did not match.	The result cannot rule out caffeine timing, recent exercise, or unusual stress as part of the comparison.	{"schema_version":2,"context_reference_id":"ctx_9761ecedc054ea57","summary":"For recurring weekday work meetings, the pattern is early and needs more comparable windows.","paragraphs":[{"text":"For recurring weekday work meetings, across 3 comparable event windows, the usual heart-rate difference was +7 beats per minute.","citations":["canonical_context","included_count","median_difference"]},{"text":"The same direction appeared in 3 of 3, while 0 event windows did not match.","citations":["consistent_count","counter_count"]}],"uncertainty":"The result cannot rule out caffeine timing, recent exercise, or unusual stress as part of the comparison.","unresolved_influence_ids":["caffeine_timing","recent_exercise","unusual_stress"],"next_observation_id":null}
lora	72	developing	explain	true	false		For high screen-time evenings, the pattern is early and needs more comparable event windows.	For high screen-time evenings, only 2 comparable event windows were available, though 2 of 2 showed the same direction. The usual heart-rate difference was -8 beats per minute. Data was available for 81% of what was needed, with 10 event windows left out.	For high screen-time evenings, the same heart-rate pattern appeared in 2 of 2 comparable event windows.	For high screen-time evenings, the same direction appeared in 2 of 2 comparable windows. The usual difference was -8 beats per minute, with a range of -11 to -5 beats per minute.	The result leaves open what drove the windows, and more comparable windows are needed.	{"schema_version":2,"context_reference_id":"ctx_380109912cf0b526","summary":"For high screen-time evenings, the same heart-rate pattern appeared in 2 of 2 comparable event windows.","paragraphs":[{"text":"For high screen-time evenings, the same direction appeared in 2 of 2 comparable windows.","citations":["canonical_context","consistent_count","included_count"]},{"text":"The usual difference was -8 beats per minute, with a range of -11 to -5 beats per minute.","citations":["median_difference","effect_range"]}],"uncertainty":"The result leaves open what drove the windows, and more comparable windows are needed.","unresolved_influence_ids":["caffeine_timing","recent_exercise","unusual_stress"],"next_observation_id":"log_context"}
lora	73	developing	what_weakens	true	false		For high screen-time evenings, the pattern is early and needs more comparable event windows.	For high screen-time evenings, only 2 comparable event windows were available, though 2 of 2 showed the same direction. The usual heart-rate difference was -8 beats per minute. Data was available for 81% of what was needed, with 10 event windows left out.	For high screen-time evenings, the same heart-rate pattern appeared in 2 of 2 comparable event windows.	For high screen-time evenings, the same direction appeared in 2 of 2 comparable windows. The usual difference was -8 beats per minute, with a range of -11 to -5 beats per minute.	The result leaves open what may have moved the heart rate, including caffeine timing, recent exercise, or unusual stress.	{"schema_version":2,"context_reference_id":"ctx_380109912cf0b526","summary":"For high screen-time evenings, the same heart-rate pattern appeared in 2 of 2 comparable event windows.","paragraphs":[{"text":"For high screen-time evenings, the same direction appeared in 2 of 2 comparable windows.","citations":["canonical_context","consistent_count","included_count"]},{"text":"The usual difference was -8 beats per minute, with a range of -11 to -5 beats per minute.","citations":["median_difference","effect_range"]}],"uncertainty":"The result leaves open what may have moved the heart rate, including caffeine timing, recent exercise, or unusual stress.","unresolved_influence_ids":["caffeine_timing","recent_exercise","unusual_stress"],"next_observation_id":null}
lora	74	developing	what_is_missing	true	false		For high screen-time evenings, the pattern is early and needs more comparable event windows.	For high screen-time evenings, only 2 comparable event windows were available, though 2 of 2 showed the same direction. The usual heart-rate difference was -8 beats per minute. Data was available for 81% of what was needed, with 10 event windows left out.	For high screen-time evenings, the same heart-rate pattern appeared in 2 of 2 comparable event windows. More comparable windows are needed.	For high screen-time evenings, the same direction appeared in 2 of 2 comparable windows. The usual heart-rate difference was -8 beats per minute. The data leaves out 10 event windows for missing or unreliable data, though 2 were usable for comparison.	The result cannot tell why heart-rate changed, and other windows were left out.	{"schema_version":2,"context_reference_id":"ctx_380109912cf0b526","summary":"For high screen-time evenings, the same heart-rate pattern appeared in 2 of 2 comparable event windows. More comparable windows are needed.","paragraphs":[{"text":"For high screen-time evenings, the same direction appeared in 2 of 2 comparable windows. The usual heart-rate difference was -8 beats per minute.","citations":["canonical_context","consistent_count","median_difference"]},{"text":"The data leaves out 10 event windows for missing or unreliable data, though 2 were usable for comparison.","citations":["excluded_count","included_count"]}],"uncertainty":"The result cannot tell why heart-rate changed, and other windows were left out.","unresolved_influence_ids":["caffeine_timing","recent_exercise","unusual_stress"],"next_observation_id":"log_context"}
lora	75	developing	what_disagrees	true	false		For high screen-time evenings, the pattern is early and needs more comparable event windows.	For high screen-time evenings, only 2 comparable event windows were available, though 2 of 2 showed the same direction. The usual heart-rate difference was -8 beats per minute. Data was available for 81% of what was needed, with 10 event windows left out.	For high screen-time evenings, the same heart-rate pattern appeared in 2 of 2 comparable event windows.	For high screen-time evenings, the same direction appeared in 2 of 2 comparable windows. The usual heart-rate difference was -8 beats per minute, with a range of -11 to -5 beats per minute.	The result leaves open what may have moved the heart rate, including caffeine timing, recent exercise, or unusual stress.	{"schema_version":2,"context_reference_id":"ctx_380109912cf0b526","summary":"For high screen-time evenings, the same heart-rate pattern appeared in 2 of 2 comparable event windows.","paragraphs":[{"text":"For high screen-time evenings, the same direction appeared in 2 of 2 comparable windows.","citations":["canonical_context","consistent_count","included_count"]},{"text":"The usual heart-rate difference was -8 beats per minute, with a range of -11 to -5 beats per minute.","citations":["median_difference","effect_range"]}],"uncertainty":"The result leaves open what may have moved the heart rate, including caffeine timing, recent exercise, or unusual stress.","unresolved_influence_ids":["caffeine_timing","recent_exercise","unusual_stress"],"next_observation_id":null}
lora	76	developing	observe_next	true	false		For high screen-time evenings, the pattern is early and needs more comparable event windows.	For high screen-time evenings, only 2 comparable event windows were available, though 2 of 2 showed the same direction. The usual heart-rate difference was -8 beats per minute. Data was available for 81% of what was needed, with 10 event windows left out.	For high screen-time evenings, the same heart-rate pattern appeared in 2 of 2 comparable event windows.	For high screen-time evenings, the same direction appeared in 2 of 2 comparable windows. The usual heart-rate difference was -8 beats per minute, with a range of -11 to -5 beats per minute.	The result cannot rule out other daily patterns, including caffeine timing, recent exercise, or unusual stress.	{"schema_version":2,"context_reference_id":"ctx_380109912cf0b526","summary":"For high screen-time evenings, the same heart-rate pattern appeared in 2 of 2 comparable event windows.","paragraphs":[{"text":"For high screen-time evenings, the same direction appeared in 2 of 2 comparable windows.","citations":["canonical_context","consistent_count","included_count"]},{"text":"The usual heart-rate difference was -8 beats per minute, with a range of -11 to -5 beats per minute.","citations":["median_difference","effect_range"]}],"uncertainty":"The result cannot rule out other daily patterns, including caffeine timing, recent exercise, or unusual stress.","unresolved_influence_ids":["caffeine_timing","recent_exercise","unusual_stress"],"next_observation_id":"log_context"}
lora	77	developing	promotion_gate	true	false		For high screen-time evenings, the pattern is early and needs more comparable event windows.	For high screen-time evenings, only 2 comparable event windows were available, though 2 of 2 showed the same direction. The usual heart-rate difference was -8 beats per minute. Data was available for 81% of what was needed, with 10 event windows left out.	For high screen-time evenings, the pattern is early and needs more comparable event windows.	For high screen-time evenings, only 2 comparable event windows were available, though 2 of 2 showed the same direction. The usual heart-rate difference was -8 beats per minute, with a range of -11 to -5 beats per minute.	The result cannot account for caffeine timing, recent exercise, or unusual stress.	{"schema_version":2,"context_reference_id":"ctx_380109912cf0b526","summary":"For high screen-time evenings, the pattern is early and needs more comparable event windows.","paragraphs":[{"text":"For high screen-time evenings, only 2 comparable event windows were available, though 2 of 2 showed the same direction.","citations":["canonical_context","included_count","consistent_count"]},{"text":"The usual heart-rate difference was -8 beats per minute, with a range of -11 to -5 beats per minute.","citations":["median_difference","effect_range"]}],"uncertainty":"The result cannot account for caffeine timing, recent exercise, or unusual stress.","unresolved_influence_ids":["caffeine_timing","recent_exercise","unusual_stress"],"next_observation_id":null}
lora	78	developing	explain	true	false		For instrumental focus music sessions, the pattern is early and needs more comparable event windows.	For instrumental focus music sessions, only 3 comparable event windows were available, though 3 of 3 showed the same direction. The usual heart-rate difference was -10 beats per minute. Data was available for 91% of what was needed, with 8 event windows left out.	For instrumental focus music sessions, the same heart-rate pattern appeared in 3 of 3 comparable event windows.	For instrumental focus music sessions, the same direction appeared in 3 of 3 comparable windows. The usual difference was -10 beats per minute, with a range of -15 to -5 beats per minute.	Caffeine timing, recent exercise, or unusual stress may still matter here.	{"schema_version":2,"context_reference_id":"ctx_118b0f8a66c231a7","summary":"For instrumental focus music sessions, the same heart-rate pattern appeared in 3 of 3 comparable event windows.","paragraphs":[{"text":"For instrumental focus music sessions, the same direction appeared in 3 of 3 comparable windows.","citations":["canonical_context","consistent_count","included_count"]},{"text":"The usual difference was -10 beats per minute, with a range of -15 to -5 beats per minute.","citations":["median_difference","effect_range"]}],"uncertainty":"Caffeine timing, recent exercise, or unusual stress may still matter here.","unresolved_influence_ids":["caffeine_timing","recent_exercise","unusual_stress"],"next_observation_id":null}
lora	79	developing	what_weakens	true	false		For instrumental focus music sessions, the pattern is early and needs more comparable event windows.	For instrumental focus music sessions, only 3 comparable event windows were available, though 3 of 3 showed the same direction. The usual heart-rate difference was -10 beats per minute. Data was available for 91% of what was needed, with 8 event windows left out.	For instrumental focus music sessions, the same heart-rate pattern appeared in 3 of 3 comparable event windows.	For instrumental focus music sessions, the same direction appeared in 3 of 3 comparable windows. The usual difference was -10 beats per minute, with a range of -15 to -5 beats per minute.	The result leaves open what may have moved the heart rate, including caffeine timing, recent exercise, or unusual stress.	{"schema_version":2,"context_reference_id":"ctx_118b0f8a66c231a7","summary":"For instrumental focus music sessions, the same heart-rate pattern appeared in 3 of 3 comparable event windows.","paragraphs":[{"text":"For instrumental focus music sessions, the same direction appeared in 3 of 3 comparable windows.","citations":["canonical_context","consistent_count","included_count"]},{"text":"The usual difference was -10 beats per minute, with a range of -15 to -5 beats per minute.","citations":["median_difference","effect_range"]}],"uncertainty":"The result leaves open what may have moved the heart rate, including caffeine timing, recent exercise, or unusual stress.","unresolved_influence_ids":["caffeine_timing","recent_exercise","unusual_stress"],"next_observation_id":null}
lora	80	developing	what_is_missing	true	false		For instrumental focus music sessions, the pattern is early and needs more comparable event windows.	For instrumental focus music sessions, only 3 comparable event windows were available, though 3 of 3 showed the same direction. The usual heart-rate difference was -10 beats per minute. Data was available for 91% of what was needed, with 8 event windows left out.	For instrumental focus music sessions, the same heart-rate pattern appeared in 3 of 3 comparable event windows. More comparable windows are needed.	For instrumental focus music sessions, the same direction appeared in 3 of 3 comparable windows. The usual heart-rate difference was -10 beats per minute. The data leaves out 8 event windows for missing or unreliable data, though 91% of what was needed was available.	The comparison cannot stand alone, and other daily windows matter.	{"schema_version":2,"context_reference_id":"ctx_118b0f8a66c231a7","summary":"For instrumental focus music sessions, the same heart-rate pattern appeared in 3 of 3 comparable event windows. More comparable windows are needed.","paragraphs":[{"text":"For instrumental focus music sessions, the same direction appeared in 3 of 3 comparable windows. The usual heart-rate difference was -10 beats per minute.","citations":["canonical_context","consistent_count","median_difference"]},{"text":"The data leaves out 8 event windows for missing or unreliable data, though 91% of what was needed was available.","citations":["excluded_count","completeness"]}],"uncertainty":"The comparison cannot stand alone, and other daily windows matter.","unresolved_influence_ids":["caffeine_timing","recent_exercise","unusual_stress"],"next_observation_id":"log_context"}
lora	81	developing	what_disagrees	true	false		For instrumental focus music sessions, the pattern is early and needs more comparable event windows.	For instrumental focus music sessions, only 3 comparable event windows were available, though 3 of 3 showed the same direction. The usual heart-rate difference was -10 beats per minute. Data was available for 91% of what was needed, with 8 event windows left out.	For instrumental focus music sessions, the same heart-rate pattern appeared in 3 of 3 comparable event windows.	For instrumental focus music sessions, the same direction appeared in 3 of 3 comparable windows. The usual heart-rate difference was -10 beats per minute, with a range of -15 to -5 beats per minute.	The result does not explain why heart rate changed, and other daily windows matter.	{"schema_version":2,"context_reference_id":"ctx_118b0f8a66c231a7","summary":"For instrumental focus music sessions, the same heart-rate pattern appeared in 3 of 3 comparable event windows.","paragraphs":[{"text":"For instrumental focus music sessions, the same direction appeared in 3 of 3 comparable windows.","citations":["canonical_context","consistent_count","included_count"]},{"text":"The usual heart-rate difference was -10 beats per minute, with a range of -15 to -5 beats per minute.","citations":["median_difference","effect_range"]}],"uncertainty":"The result does not explain why heart rate changed, and other daily windows matter.","unresolved_influence_ids":["caffeine_timing","recent_exercise","unusual_stress"],"next_observation_id":null}
lora	82	developing	observe_next	true	false		For instrumental focus music sessions, the pattern is early and needs more comparable event windows.	For instrumental focus music sessions, only 3 comparable event windows were available, though 3 of 3 showed the same direction. The usual heart-rate difference was -10 beats per minute. Data was available for 91% of what was needed, with 8 event windows left out.	For instrumental focus music sessions, the same heart-rate pattern appeared in 3 of 3 comparable event windows.	For instrumental focus music sessions, the same direction appeared in 3 of 3 comparable windows. The usual difference was -10 beats per minute, with a range of -15 to -5 beats per minute.	The result leaves open what drove the windows, and more comparable windows may be needed.	{"schema_version":2,"context_reference_id":"ctx_118b0f8a66c231a7","summary":"For instrumental focus music sessions, the same heart-rate pattern appeared in 3 of 3 comparable event windows.","paragraphs":[{"text":"For instrumental focus music sessions, the same direction appeared in 3 of 3 comparable windows.","citations":["canonical_context","consistent_count","included_count"]},{"text":"The usual difference was -10 beats per minute, with a range of -15 to -5 beats per minute.","citations":["median_difference","effect_range"]}],"uncertainty":"The result leaves open what drove the windows, and more comparable windows may be needed.","unresolved_influence_ids":["caffeine_timing","recent_exercise","unusual_stress"],"next_observation_id":"log_context"}
lora	83	developing	promotion_gate	true	false		For instrumental focus music sessions, the pattern is early and needs more comparable event windows.	For instrumental focus music sessions, only 3 comparable event windows were available, though 3 of 3 showed the same direction. The usual heart-rate difference was -10 beats per minute. Data was available for 91% of what was needed, with 8 event windows left out.	For instrumental focus music sessions, the event windows moved in mixed directions. More comparable windows are needed.	For instrumental focus music sessions, only 3 of 3 comparable event windows moved in the same direction. The usual heart-rate difference was -10 beats per minute, with a range of -15 to -5 beats per minute.	The comparison leaves out windows with missing or unreliable data, and does not account for caffeine timing, recent exercise, or unusual stress.	{"schema_version":2,"context_reference_id":"ctx_118b0f8a66c231a7","summary":"For instrumental focus music sessions, the event windows moved in mixed directions. More comparable windows are needed.","paragraphs":[{"text":"For instrumental focus music sessions, only 3 of 3 comparable event windows moved in the same direction.","citations":["canonical_context","consistent_count","included_count"]},{"text":"The usual heart-rate difference was -10 beats per minute, with a range of -15 to -5 beats per minute.","citations":["median_difference","effect_range"]}],"uncertainty":"The comparison leaves out windows with missing or unreliable data, and does not account for caffeine timing, recent exercise, or unusual stress.","unresolved_influence_ids":["caffeine_timing","recent_exercise","unusual_stress"],"next_observation_id":null}
lora	84	insufficient_data	explain	true	false		For late competitive game sessions, there was not enough usable data for a fair comparison.	For late competitive game sessions, only 2 of 11 checked event windows could be compared. Data was available for 41% of what was needed, and 9 event windows were left out for missing or unreliable data.	For late competitive game sessions, there was not enough usable data for a fair comparison.	For late competitive game sessions, only 2 of 11 checked event windows could be compared. Data was available for 41% of what was needed, and 9 event windows were left out for missing or unreliable data.	The result does not explain why heart-rate changed, and other windows matter.	{"schema_version":2,"context_reference_id":"ctx_67865352e3806ecc","summary":"For late competitive game sessions, there was not enough usable data for a fair comparison.","paragraphs":[{"text":"For late competitive game sessions, only 2 of 11 checked event windows could be compared.","citations":["canonical_context","included_count","candidate_count"]},{"text":"Data was available for 41% of what was needed, and 9 event windows were left out for missing or unreliable data.","citations":["completeness","excluded_count"]}],"uncertainty":"The result does not explain why heart-rate changed, and other windows matter.","unresolved_influence_ids":["caffeine_timing","recent_exercise","unusual_stress"],"next_observation_id":null}
lora	85	insufficient_data	what_weakens	true	false		For late competitive game sessions, there was not enough usable data for a fair comparison.	For late competitive game sessions, only 2 of 11 checked event windows could be compared. Data was available for 41% of what was needed, and 9 event windows were left out for missing or unreliable data.	For late competitive game sessions, there was not enough usable data for a fair comparison.	For late competitive game sessions, only 2 of 11 checked event windows could be compared. Data was available for 41% of what was needed, and 9 event windows were left out for missing or unreliable data.	The comparison leaves open what may have moved the heart-rate.	{"schema_version":2,"context_reference_id":"ctx_67865352e3806ecc","summary":"For late competitive game sessions, there was not enough usable data for a fair comparison.","paragraphs":[{"text":"For late competitive game sessions, only 2 of 11 checked event windows could be compared.","citations":["canonical_context","candidate_count","included_count"]},{"text":"Data was available for 41% of what was needed, and 9 event windows were left out for missing or unreliable data.","citations":["completeness","excluded_count"]}],"uncertainty":"The comparison leaves open what may have moved the heart-rate.","unresolved_influence_ids":["caffeine_timing","recent_exercise","unusual_stress"],"next_observation_id":null}
lora	86	insufficient_data	what_is_missing	true	false		For late competitive game sessions, there was not enough usable data for a fair comparison.	For late competitive game sessions, only 2 of 11 checked event windows could be compared. Data was available for 41% of what was needed, and 9 event windows were left out for missing or unreliable data.	For late competitive game sessions, there was not enough usable data for a fair comparison.	For late competitive game sessions, only 2 of 11 checked event windows could be compared. Data was available for 41% of what was needed, and 9 event windows were left out for missing or unreliable data.	The comparison cannot account for caffeine timing, recent exercise, or unusual stress.	{"schema_version":2,"context_reference_id":"ctx_67865352e3806ecc","summary":"For late competitive game sessions, there was not enough usable data for a fair comparison.","paragraphs":[{"text":"For late competitive game sessions, only 2 of 11 checked event windows could be compared.","citations":["canonical_context","candidate_count","included_count"]},{"text":"Data was available for 41% of what was needed, and 9 event windows were left out for missing or unreliable data.","citations":["completeness","excluded_count"]}],"uncertainty":"The comparison cannot account for caffeine timing, recent exercise, or unusual stress.","unresolved_influence_ids":["caffeine_timing","recent_exercise","unusual_stress"],"next_observation_id":null}
lora	87	insufficient_data	what_disagrees	true	false		For late competitive game sessions, there was not enough usable data for a fair comparison.	For late competitive game sessions, only 2 of 11 checked event windows could be compared. Data was available for 41% of what was needed, and 9 event windows were left out for missing or unreliable data.	For late competitive game sessions, there was not enough usable data for a fair comparison.	For late competitive game sessions, only 2 of 11 checked event windows could be compared. 9 event windows were left out for missing or unreliable data, while 1 were used for similar times.	The comparison cannot account for caffeine timing, recent exercise, or unusual stress.	{"schema_version":2,"context_reference_id":"ctx_67865352e3806ecc","summary":"For late competitive game sessions, there was not enough usable data for a fair comparison.","paragraphs":[{"text":"For late competitive game sessions, only 2 of 11 checked event windows could be compared.","citations":["canonical_context","candidate_count","included_count"]},{"text":"9 event windows were left out for missing or unreliable data, while 1 were used for similar times.","citations":["excluded_count","control_count"]}],"uncertainty":"The comparison cannot account for caffeine timing, recent exercise, or unusual stress.","unresolved_influence_ids":["caffeine_timing","recent_exercise","unusual_stress"],"next_observation_id":null}
lora	88	insufficient_data	observe_next	true	false		For late competitive game sessions, there was not enough usable data for a fair comparison.	For late competitive game sessions, only 2 of 11 checked event windows could be compared. Data was available for 41% of what was needed, and 9 event windows were left out for missing or unreliable data.	For late competitive game sessions, there was not enough usable data for a fair comparison.	For late competitive game sessions, only 2 of 11 checked event windows could be compared. 9 event windows were left out for missing or unreliable data, while 1 were used for similar times.	The comparison cannot account for caffeine timing, recent exercise, or unusual stress.	{"schema_version":2,"context_reference_id":"ctx_67865352e3806ecc","summary":"For late competitive game sessions, there was not enough usable data for a fair comparison.","paragraphs":[{"text":"For late competitive game sessions, only 2 of 11 checked event windows could be compared.","citations":["canonical_context","candidate_count","included_count"]},{"text":"9 event windows were left out for missing or unreliable data, while 1 were used for similar times.","citations":["excluded_count","control_count"]}],"uncertainty":"The comparison cannot account for caffeine timing, recent exercise, or unusual stress.","unresolved_influence_ids":["caffeine_timing","recent_exercise","unusual_stress"],"next_observation_id":"log_context"}
lora	89	insufficient_data	promotion_gate	true	false		For late competitive game sessions, there was not enough usable data for a fair comparison.	For late competitive game sessions, only 2 of 11 checked event windows could be compared. Data was available for 41% of what was needed, and 9 event windows were left out for missing or unreliable data.	For late competitive game sessions, there was not enough usable data for a fair comparison.	For late competitive game sessions, only 2 of 11 checked event windows could be compared. Data was available for 41% of what was needed, and 9 event windows were left out for missing or unreliable data.	The result does not explain why heart-rate changed, and other daily context may matter.	{"schema_version":2,"context_reference_id":"ctx_67865352e3806ecc","summary":"For late competitive game sessions, there was not enough usable data for a fair comparison.","paragraphs":[{"text":"For late competitive game sessions, only 2 of 11 checked event windows could be compared.","citations":["canonical_context","candidate_count","included_count"]},{"text":"Data was available for 41% of what was needed, and 9 event windows were left out for missing or unreliable data.","citations":["completeness","excluded_count"]}],"uncertainty":"The result does not explain why heart-rate changed, and other daily context may matter.","unresolved_influence_ids":["caffeine_timing","recent_exercise","unusual_stress"],"next_observation_id":null}
lora	90	insufficient_data	explain	true	false		For late caffeine intake entries, there was not enough usable data for a fair comparison.	For late caffeine intake entries, only 1 of 7 checked event windows could be compared. Data was available for 65% of what was needed, and 6 event windows were left out for missing or unreliable data.	For late caffeine intake entries, there was not enough usable data for a fair comparison.	For late caffeine intake entries, only 1 of 7 checked event windows could be compared. Data was available for 65% of what was needed, and 6 event windows were left out for missing or unreliable data.	The result does not show why heart-rate changed, and other windows may matter.	{"schema_version":2,"context_reference_id":"ctx_540c862dc3996893","summary":"For late caffeine intake entries, there was not enough usable data for a fair comparison.","paragraphs":[{"text":"For late caffeine intake entries, only 1 of 7 checked event windows could be compared.","citations":["canonical_context","included_count","candidate_count"]},{"text":"Data was available for 65% of what was needed, and 6 event windows were left out for missing or unreliable data.","citations":["completeness","excluded_count"]}],"uncertainty":"The result does not show why heart-rate changed, and other windows may matter.","unresolved_influence_ids":["caffeine_timing","recent_exercise","unusual_stress"],"next_observation_id":null}
lora	91	insufficient_data	what_weakens	true	false		For late caffeine intake entries, there was not enough usable data for a fair comparison.	For late caffeine intake entries, only 1 of 7 checked event windows could be compared. Data was available for 65% of what was needed, and 6 event windows were left out for missing or unreliable data.	For late caffeine intake entries, there was not enough usable data for a fair comparison.	For late caffeine intake entries, only 1 of 7 checked event windows could be compared. 6 event windows were left out for missing or unreliable data.	The comparison leaves open what may have moved the heart-rate.	{"schema_version":2,"context_reference_id":"ctx_540c862dc3996893","summary":"For late caffeine intake entries, there was not enough usable data for a fair comparison.","paragraphs":[{"text":"For late caffeine intake entries, only 1 of 7 checked event windows could be compared.","citations":["canonical_context","included_count","candidate_count"]},{"text":"6 event windows were left out for missing or unreliable data.","citations":["excluded_count"]}],"uncertainty":"The comparison leaves open what may have moved the heart-rate.","unresolved_influence_ids":["caffeine_timing","recent_exercise","unusual_stress"],"next_observation_id":null}
lora	92	insufficient_data	what_is_missing	true	false		For late caffeine intake entries, there was not enough usable data for a fair comparison.	For late caffeine intake entries, only 1 of 7 checked event windows could be compared. Data was available for 65% of what was needed, and 6 event windows were left out for missing or unreliable data.	For late caffeine intake entries, there was not enough usable data for a fair comparison.	For late caffeine intake entries, only 1 of 7 checked event windows could be compared. Data was available for 65% of what was needed, and 6 event windows were left out for missing or unreliable data.	The comparison leaves open what may have moved the heart rate.	{"schema_version":2,"context_reference_id":"ctx_540c862dc3996893","summary":"For late caffeine intake entries, there was not enough usable data for a fair comparison.","paragraphs":[{"text":"For late caffeine intake entries, only 1 of 7 checked event windows could be compared.","citations":["canonical_context","included_count","candidate_count"]},{"text":"Data was available for 65% of what was needed, and 6 event windows were left out for missing or unreliable data.","citations":["completeness","excluded_count"]}],"uncertainty":"The comparison leaves open what may have moved the heart rate.","unresolved_influence_ids":["caffeine_timing","recent_exercise","unusual_stress"],"next_observation_id":null}
lora	93	insufficient_data	what_disagrees	true	false		For late caffeine intake entries, there was not enough usable data for a fair comparison.	For late caffeine intake entries, only 1 of 7 checked event windows could be compared. Data was available for 65% of what was needed, and 6 event windows were left out for missing or unreliable data.	For late caffeine intake entries, there was not enough usable data for a fair comparison.	For late caffeine intake entries, only 1 of 7 checked event windows could be compared. 6 event windows were left out for missing or unreliable data.	The comparison leaves open what may have moved the heart rate.	{"schema_version":2,"context_reference_id":"ctx_540c862dc3996893","summary":"For late caffeine intake entries, there was not enough usable data for a fair comparison.","paragraphs":[{"text":"For late caffeine intake entries, only 1 of 7 checked event windows could be compared.","citations":["canonical_context","included_count","candidate_count"]},{"text":"6 event windows were left out for missing or unreliable data.","citations":["excluded_count"]}],"uncertainty":"The comparison leaves open what may have moved the heart rate.","unresolved_influence_ids":["caffeine_timing","recent_exercise","unusual_stress"],"next_observation_id":null}
lora	94	insufficient_data	observe_next	true	false		For late caffeine intake entries, there was not enough usable data for a fair comparison.	For late caffeine intake entries, only 1 of 7 checked event windows could be compared. Data was available for 65% of what was needed, and 6 event windows were left out for missing or unreliable data.	For late caffeine intake entries, there was not enough usable data for a fair comparison.	For late caffeine intake entries, only 1 of 7 checked event windows could be compared. Data was available for 65% of what was needed, and 6 event windows were left out for missing or unreliable data.	The comparison cannot account for caffeine timing, recent exercise, or unusual stress.	{"schema_version":2,"context_reference_id":"ctx_540c862dc3996893","summary":"For late caffeine intake entries, there was not enough usable data for a fair comparison.","paragraphs":[{"text":"For late caffeine intake entries, only 1 of 7 checked event windows could be compared.","citations":["canonical_context","included_count","candidate_count"]},{"text":"Data was available for 65% of what was needed, and 6 event windows were left out for missing or unreliable data.","citations":["completeness","excluded_count"]}],"uncertainty":"The comparison cannot account for caffeine timing, recent exercise, or unusual stress.","unresolved_influence_ids":["caffeine_timing","recent_exercise","unusual_stress"],"next_observation_id":"log_context"}
lora	95	insufficient_data	promotion_gate	true	false		For late caffeine intake entries, there was not enough usable data for a fair comparison.	For late caffeine intake entries, only 1 of 7 checked event windows could be compared. Data was available for 65% of what was needed, and 6 event windows were left out for missing or unreliable data.	For late caffeine intake entries, there was not enough usable data for a fair comparison.	For late caffeine intake entries, only 1 of 7 checked event windows could be compared. Data was available for 65% of what was needed, and 6 event windows were left out for missing or unreliable data.	The comparison cannot account for caffeine timing, recent exercise, or unusual stress.	{"schema_version":2,"context_reference_id":"ctx_540c862dc3996893","summary":"For late caffeine intake entries, there was not enough usable data for a fair comparison.","paragraphs":[{"text":"For late caffeine intake entries, only 1 of 7 checked event windows could be compared.","citations":["canonical_context","included_count","candidate_count"]},{"text":"Data was available for 65% of what was needed, and 6 event windows were left out for missing or unreliable data.","citations":["completeness","excluded_count"]}],"uncertainty":"The comparison cannot account for caffeine timing, recent exercise, or unusual stress.","unresolved_influence_ids":["caffeine_timing","recent_exercise","unusual_stress"],"next_observation_id":null}
lora	96	insufficient_data	explain	true	false		For journal entries tagged high workload and stress, there was not enough usable data for a fair comparison.	For journal entries tagged high workload and stress, only 1 of 9 checked event windows could be compared. Data was available for 66% of what was needed, and 8 event windows were left out for missing or unreliable data.	For journal entries tagged high workload and stress, there was not enough usable data for a fair comparison.	For journal entries tagged high workload and stress, only 1 of 9 checked event windows could be compared. Data was available for 66% of what was needed, and 8 event windows were left out for missing or unreliable data.	The result does not show why heart-rate changed, and other daily context may matter.	{"schema_version":2,"context_reference_id":"ctx_e70ab83aa5eb2ec9","summary":"For journal entries tagged high workload and stress, there was not enough usable data for a fair comparison.","paragraphs":[{"text":"For journal entries tagged high workload and stress, only 1 of 9 checked event windows could be compared.","citations":["canonical_context","included_count","candidate_count"]},{"text":"Data was available for 66% of what was needed, and 8 event windows were left out for missing or unreliable data.","citations":["completeness","excluded_count"]}],"uncertainty":"The result does not show why heart-rate changed, and other daily context may matter.","unresolved_influence_ids":["caffeine_timing","recent_exercise","unusual_stress"],"next_observation_id":null}
lora	97	insufficient_data	what_weakens	true	false		For journal entries tagged high workload and stress, there was not enough usable data for a fair comparison.	For journal entries tagged high workload and stress, only 1 of 9 checked event windows could be compared. Data was available for 66% of what was needed, and 8 event windows were left out for missing or unreliable data.	For journal entries tagged high workload and stress, there was not enough usable data for a fair comparison.	For journal entries tagged high workload and stress, only 1 of 9 checked event windows could be compared. Data was available for 66% of what was needed, and 8 event windows were left out for missing or unreliable data.	The comparison leaves open what may have moved the heart-rate, including caffeine timing, recent exercise, or unusual stress.	{"schema_version":2,"context_reference_id":"ctx_e70ab83aa5eb2ec9","summary":"For journal entries tagged high workload and stress, there was not enough usable data for a fair comparison.","paragraphs":[{"text":"For journal entries tagged high workload and stress, only 1 of 9 checked event windows could be compared.","citations":["canonical_context","included_count","candidate_count"]},{"text":"Data was available for 66% of what was needed, and 8 event windows were left out for missing or unreliable data.","citations":["completeness","excluded_count"]}],"uncertainty":"The comparison leaves open what may have moved the heart-rate, including caffeine timing, recent exercise, or unusual stress.","unresolved_influence_ids":["caffeine_timing","recent_exercise","unusual_stress"],"next_observation_id":null}
lora	98	insufficient_data	what_is_missing	true	false		For journal entries tagged high workload and stress, there was not enough usable data for a fair comparison.	For journal entries tagged high workload and stress, only 1 of 9 checked event windows could be compared. Data was available for 66% of what was needed, and 8 event windows were left out for missing or unreliable data.	For journal entries tagged high workload and stress, there was not enough usable data for a fair comparison.	For journal entries tagged high workload and stress, only 1 of 9 checked event windows could be compared. Data was available for 66% of what was needed, and 8 event windows were left out for missing or unreliable data.	The comparison leaves open what daily caffeine timing or recent exercise may have played a role.	{"schema_version":2,"context_reference_id":"ctx_e70ab83aa5eb2ec9","summary":"For journal entries tagged high workload and stress, there was not enough usable data for a fair comparison.","paragraphs":[{"text":"For journal entries tagged high workload and stress, only 1 of 9 checked event windows could be compared.","citations":["canonical_context","included_count","candidate_count"]},{"text":"Data was available for 66% of what was needed, and 8 event windows were left out for missing or unreliable data.","citations":["completeness","excluded_count"]}],"uncertainty":"The comparison leaves open what daily caffeine timing or recent exercise may have played a role.","unresolved_influence_ids":["caffeine_timing","recent_exercise","unusual_stress"],"next_observation_id":null}
lora	99	insufficient_data	what_disagrees	true	false		For journal entries tagged high workload and stress, there was not enough usable data for a fair comparison.	For journal entries tagged high workload and stress, only 1 of 9 checked event windows could be compared. Data was available for 66% of what was needed, and 8 event windows were left out for missing or unreliable data.	For journal entries tagged high workload and stress, there was not enough usable data for a fair comparison.	For journal entries tagged high workload and stress, only 1 of 9 checked event windows could be compared. Data was available for 66% of what was needed, and 8 event windows were left out for missing or unreliable data.	The result leaves open what may have moved the heart rate, including caffeine timing, recent exercise, or unusual stress.	{"schema_version":2,"context_reference_id":"ctx_e70ab83aa5eb2ec9","summary":"For journal entries tagged high workload and stress, there was not enough usable data for a fair comparison.","paragraphs":[{"text":"For journal entries tagged high workload and stress, only 1 of 9 checked event windows could be compared.","citations":["canonical_context","included_count","candidate_count"]},{"text":"Data was available for 66% of what was needed, and 8 event windows were left out for missing or unreliable data.","citations":["completeness","excluded_count"]}],"uncertainty":"The result leaves open what may have moved the heart rate, including caffeine timing, recent exercise, or unusual stress.","unresolved_influence_ids":["caffeine_timing","recent_exercise","unusual_stress"],"next_observation_id":null}
lora	100	insufficient_data	observe_next	true	false		For journal entries tagged high workload and stress, there was not enough usable data for a fair comparison.	For journal entries tagged high workload and stress, only 1 of 9 checked event windows could be compared. Data was available for 66% of what was needed, and 8 event windows were left out for missing or unreliable data.	For journal entries tagged high workload and stress, there was not enough usable data for a fair comparison.	For journal entries tagged high workload and stress, only 1 of 9 checked event windows could be compared. The same direction appeared in 1 of 1, while 0 event windows did not match.	The comparison leaves open what moved the heart rate, and caffeine timing and recent exercise were not captured.	{"schema_version":2,"context_reference_id":"ctx_e70ab83aa5eb2ec9","summary":"For journal entries tagged high workload and stress, there was not enough usable data for a fair comparison.","paragraphs":[{"text":"For journal entries tagged high workload and stress, only 1 of 9 checked event windows could be compared.","citations":["canonical_context","included_count","candidate_count"]},{"text":"The same direction appeared in 1 of 1, while 0 event windows did not match.","citations":["consistent_count","counter_count"]}],"uncertainty":"The comparison leaves open what moved the heart rate, and caffeine timing and recent exercise were not captured.","unresolved_influence_ids":["caffeine_timing","recent_exercise","unusual_stress"],"next_observation_id":"log_context"}
lora	101	insufficient_data	promotion_gate	true	false		For journal entries tagged high workload and stress, there was not enough usable data for a fair comparison.	For journal entries tagged high workload and stress, only 1 of 9 checked event windows could be compared. Data was available for 66% of what was needed, and 8 event windows were left out for missing or unreliable data.	For journal entries tagged high workload and stress, there was not enough usable data for a fair comparison.	For journal entries tagged high workload and stress, only 1 of 9 checked event windows could be compared. The same direction appeared in 1 of 1, while 0 event windows did not match.	The result cannot rule out caffeine timing, recent exercise, or unusual stress as part of the pattern.	{"schema_version":2,"context_reference_id":"ctx_e70ab83aa5eb2ec9","summary":"For journal entries tagged high workload and stress, there was not enough usable data for a fair comparison.","paragraphs":[{"text":"For journal entries tagged high workload and stress, only 1 of 9 checked event windows could be compared.","citations":["canonical_context","included_count","candidate_count"]},{"text":"The same direction appeared in 1 of 1, while 0 event windows did not match.","citations":["consistent_count","counter_count"]}],"uncertainty":"The result cannot rule out caffeine timing, recent exercise, or unusual stress as part of the pattern.","unresolved_influence_ids":["caffeine_timing","recent_exercise","unusual_stress"],"next_observation_id":null}
lora	102	insufficient_data	explain	true	false		For short daytime calls with close contact, there was not enough usable data for a fair comparison.	For short daytime calls with close contact, only 2 of 12 checked event windows could be compared. Data was available for 49% of what was needed, and 10 event windows were left out for missing or unreliable data.	For short daytime calls with close contact, there was not enough usable data for a fair comparison.	For short daytime calls with close contact, only 2 of 12 checked event windows could be compared. Data was available for 49% of what was needed, and 10 event windows were left out for missing or unreliable data.	The result does not explain why heart-rate changed, and other daily windows matter.	{"schema_version":2,"context_reference_id":"ctx_1ad1caed76956cbb","summary":"For short daytime calls with close contact, there was not enough usable data for a fair comparison.","paragraphs":[{"text":"For short daytime calls with close contact, only 2 of 12 checked event windows could be compared.","citations":["canonical_context","included_count","candidate_count"]},{"text":"Data was available for 49% of what was needed, and 10 event windows were left out for missing or unreliable data.","citations":["completeness","excluded_count"]}],"uncertainty":"The result does not explain why heart-rate changed, and other daily windows matter.","unresolved_influence_ids":["caffeine_timing","recent_exercise","unusual_stress"],"next_observation_id":"log_context"}
lora	103	insufficient_data	what_weakens	true	false		For short daytime calls with close contact, there was not enough usable data for a fair comparison.	For short daytime calls with close contact, only 2 of 12 checked event windows could be compared. Data was available for 49% of what was needed, and 10 event windows were left out for missing or unreliable data.	For short daytime calls with close contact, there was not enough usable data for a fair comparison.	For short daytime calls with close contact, only 2 of 12 checked event windows could be compared. Data was available for 49% of what was needed, and 10 event windows were left out for missing or unreliable data.	The comparison leaves open what may have moved the heart-rate, including caffeine timing, recent exercise, or unusual stress.	{"schema_version":2,"context_reference_id":"ctx_1ad1caed76956cbb","summary":"For short daytime calls with close contact, there was not enough usable data for a fair comparison.","paragraphs":[{"text":"For short daytime calls with close contact, only 2 of 12 checked event windows could be compared.","citations":["canonical_context","included_count","candidate_count"]},{"text":"Data was available for 49% of what was needed, and 10 event windows were left out for missing or unreliable data.","citations":["completeness","excluded_count"]}],"uncertainty":"The comparison leaves open what may have moved the heart-rate, including caffeine timing, recent exercise, or unusual stress.","unresolved_influence_ids":["caffeine_timing","recent_exercise","unusual_stress"],"next_observation_id":null}
lora	104	insufficient_data	what_is_missing	true	false		For short daytime calls with close contact, there was not enough usable data for a fair comparison.	For short daytime calls with close contact, only 2 of 12 checked event windows could be compared. Data was available for 49% of what was needed, and 10 event windows were left out for missing or unreliable data.	For short daytime calls with close contact, there was not enough usable data for a fair comparison.	For short daytime calls with close contact, only 2 of 12 checked event windows could be compared. Data was available for 49% of what was needed, and 10 event windows were left out for missing or unreliable data.	The comparison cannot account for caffeine timing, recent exercise, or unusual stress.	{"schema_version":2,"context_reference_id":"ctx_1ad1caed76956cbb","summary":"For short daytime calls with close contact, there was not enough usable data for a fair comparison.","paragraphs":[{"text":"For short daytime calls with close contact, only 2 of 12 checked event windows could be compared.","citations":["canonical_context","included_count","candidate_count"]},{"text":"Data was available for 49% of what was needed, and 10 event windows were left out for missing or unreliable data.","citations":["completeness","excluded_count"]}],"uncertainty":"The comparison cannot account for caffeine timing, recent exercise, or unusual stress.","unresolved_influence_ids":["caffeine_timing","recent_exercise","unusual_stress"],"next_observation_id":null}
lora	105	insufficient_data	what_disagrees	true	false		For short daytime calls with close contact, there was not enough usable data for a fair comparison.	For short daytime calls with close contact, only 2 of 12 checked event windows could be compared. Data was available for 49% of what was needed, and 10 event windows were left out for missing or unreliable data.	For short daytime calls with close contact, there was not enough usable data for a fair comparison.	For short daytime calls with close contact, only 2 of 12 checked event windows could be compared. Data was available for 49% of what was needed, and 10 event windows were left out for missing or unreliable data.	The result does not explain why heart-rate changed, and other daily windows matter.	{"schema_version":2,"context_reference_id":"ctx_1ad1caed76956cbb","summary":"For short daytime calls with close contact, there was not enough usable data for a fair comparison.","paragraphs":[{"text":"For short daytime calls with close contact, only 2 of 12 checked event windows could be compared.","citations":["canonical_context","included_count","candidate_count"]},{"text":"Data was available for 49% of what was needed, and 10 event windows were left out for missing or unreliable data.","citations":["completeness","excluded_count"]}],"uncertainty":"The result does not explain why heart-rate changed, and other daily windows matter.","unresolved_influence_ids":["caffeine_timing","recent_exercise","unusual_stress"],"next_observation_id":null}
lora	106	insufficient_data	observe_next	true	false		For short daytime calls with close contact, there was not enough usable data for a fair comparison.	For short daytime calls with close contact, only 2 of 12 checked event windows could be compared. Data was available for 49% of what was needed, and 10 event windows were left out for missing or unreliable data.	For short daytime calls with close contact, there was not enough usable data for a fair comparison.	For short daytime calls with close contact, only 2 of 12 checked event windows could be compared. Data was available for 49% of what was needed, and 10 event windows were left out for missing or unreliable data.	The comparison cannot account for caffeine timing, recent exercise, or unusual stress.	{"schema_version":2,"context_reference_id":"ctx_1ad1caed76956cbb","summary":"For short daytime calls with close contact, there was not enough usable data for a fair comparison.","paragraphs":[{"text":"For short daytime calls with close contact, only 2 of 12 checked event windows could be compared.","citations":["canonical_context","included_count","candidate_count"]},{"text":"Data was available for 49% of what was needed, and 10 event windows were left out for missing or unreliable data.","citations":["completeness","excluded_count"]}],"uncertainty":"The comparison cannot account for caffeine timing, recent exercise, or unusual stress.","unresolved_influence_ids":["caffeine_timing","recent_exercise","unusual_stress"],"next_observation_id":"log_context"}
lora	107	insufficient_data	promotion_gate	true	false		For short daytime calls with close contact, there was not enough usable data for a fair comparison.	For short daytime calls with close contact, only 2 of 12 checked event windows could be compared. Data was available for 49% of what was needed, and 10 event windows were left out for missing or unreliable data.	For short daytime calls with close contact, there was not enough usable data for a fair comparison.	For short daytime calls with close contact, only 2 of 12 checked event windows could be compared. Data was available for 49% of what was needed, and 10 event windows were left out for missing or unreliable data.	The result does not explain why heart-rate changed, and other daily windows matter.	{"schema_version":2,"context_reference_id":"ctx_1ad1caed76956cbb","summary":"For short daytime calls with close contact, there was not enough usable data for a fair comparison.","paragraphs":[{"text":"For short daytime calls with close contact, only 2 of 12 checked event windows could be compared.","citations":["canonical_context","included_count","candidate_count"]},{"text":"Data was available for 49% of what was needed, and 10 event windows were left out for missing or unreliable data.","citations":["completeness","excluded_count"]}],"uncertainty":"The result does not explain why heart-rate changed, and other daily windows matter.","unresolved_influence_ids":["caffeine_timing","recent_exercise","unusual_stress"],"next_observation_id":null}
lora	108	insufficient_data	explain	true	false		For recurring personal meetings, there was not enough usable data for a fair comparison.	For recurring personal meetings, only 2 of 12 checked event windows could be compared. Data was available for 38% of what was needed, and 10 event windows were left out for missing or unreliable data.	For recurring personal meetings, there was not enough usable data for a fair comparison.	For recurring personal meetings, only 2 comparable event windows were available, though 12 were checked. The usual heart-rate difference was +9 beats per minute. Data was available for 38% of what was needed, with 10 event windows left out.	The result does not explain why heart-rate changed, and other daily windows matter.	{"schema_version":2,"context_reference_id":"ctx_33034c5f0f5f47dd","summary":"For recurring personal meetings, there was not enough usable data for a fair comparison.","paragraphs":[{"text":"For recurring personal meetings, only 2 comparable event windows were available, though 12 were checked.","citations":["canonical_context","candidate_count","included_count"]},{"text":"The usual heart-rate difference was +9 beats per minute. Data was available for 38% of what was needed, with 10 event windows left out.","citations":["median_difference","completeness","excluded_count"]}],"uncertainty":"The result does not explain why heart-rate changed, and other daily windows matter.","unresolved_influence_ids":["caffeine_timing","recent_exercise","unusual_stress"],"next_observation_id":null}
lora	109	insufficient_data	what_weakens	true	false		For recurring personal meetings, there was not enough usable data for a fair comparison.	For recurring personal meetings, only 2 of 12 checked event windows could be compared. Data was available for 38% of what was needed, and 10 event windows were left out for missing or unreliable data.	For recurring personal meetings, there was not enough usable data for a fair comparison.	For recurring personal meetings, only 2 comparable event windows were available, though 1 of 2 showed the same direction. The usual heart-rate difference was +9 beats per minute, with a range of +5 to +13 beats per minute.	The result cannot account for caffeine timing, recent exercise, or unusual stress.	{"schema_version":2,"context_reference_id":"ctx_33034c5f0f5f47dd","summary":"For recurring personal meetings, there was not enough usable data for a fair comparison.","paragraphs":[{"text":"For recurring personal meetings, only 2 comparable event windows were available, though 1 of 2 showed the same direction.","citations":["canonical_context","included_count","consistent_count"]},{"text":"The usual heart-rate difference was +9 beats per minute, with a range of +5 to +13 beats per minute.","citations":["median_difference","effect_range"]}],"uncertainty":"The result cannot account for caffeine timing, recent exercise, or unusual stress.","unresolved_influence_ids":["caffeine_timing","recent_exercise","unusual_stress"],"next_observation_id":null}
lora	110	insufficient_data	what_is_missing	true	false		For recurring personal meetings, there was not enough usable data for a fair comparison.	For recurring personal meetings, only 2 of 12 checked event windows could be compared. Data was available for 38% of what was needed, and 10 event windows were left out for missing or unreliable data.	For recurring personal meetings, there was not enough usable data for a fair comparison.	For recurring personal meetings, only 2 comparable event windows were available, though 1 of 2 showed the same direction. The usual heart-rate difference was +9 beats per minute, with 10 event windows left out for missing or unreliable data.	The comparison cannot account for caffeine timing, recent exercise, or unusual stress.	{"schema_version":2,"context_reference_id":"ctx_33034c5f0f5f47dd","summary":"For recurring personal meetings, there was not enough usable data for a fair comparison.","paragraphs":[{"text":"For recurring personal meetings, only 2 comparable event windows were available, though 1 of 2 showed the same direction.","citations":["canonical_context","included_count","consistent_count"]},{"text":"The usual heart-rate difference was +9 beats per minute, with 10 event windows left out for missing or unreliable data.","citations":["median_difference","excluded_count"]}],"uncertainty":"The comparison cannot account for caffeine timing, recent exercise, or unusual stress.","unresolved_influence_ids":["caffeine_timing","recent_exercise","unusual_stress"],"next_observation_id":null}
lora	111	insufficient_data	what_disagrees	true	false		For recurring personal meetings, there was not enough usable data for a fair comparison.	For recurring personal meetings, only 2 of 12 checked event windows could be compared. Data was available for 38% of what was needed, and 10 event windows were left out for missing or unreliable data.	For recurring personal meetings, there was not enough usable data for a fair comparison.	For recurring personal meetings, only 2 of 12 checked event windows could be compared. Data was available for 38% of what was needed, and 10 event windows were left out for missing or unreliable data.	The comparison leaves open what may have moved the heart-rate.	{"schema_version":2,"context_reference_id":"ctx_33034c5f0f5f47dd","summary":"For recurring personal meetings, there was not enough usable data for a fair comparison.","paragraphs":[{"text":"For recurring personal meetings, only 2 of 12 checked event windows could be compared.","citations":["canonical_context","included_count","candidate_count"]},{"text":"Data was available for 38% of what was needed, and 10 event windows were left out for missing or unreliable data.","citations":["completeness","excluded_count"]}],"uncertainty":"The comparison leaves open what may have moved the heart-rate.","unresolved_influence_ids":["caffeine_timing","recent_exercise","unusual_stress"],"next_observation_id":null}
lora	112	insufficient_data	observe_next	true	false		For recurring personal meetings, there was not enough usable data for a fair comparison.	For recurring personal meetings, only 2 of 12 checked event windows could be compared. Data was available for 38% of what was needed, and 10 event windows were left out for missing or unreliable data.	For recurring personal meetings, there was not enough usable data for a fair comparison.	For recurring personal meetings, only 2 of 12 checked event windows could be compared. Data was available for 38% of what was needed, and 10 event windows were left out for missing or unreliable data.	The comparison cannot account for caffeine timing, recent exercise, or unusual stress.	{"schema_version":2,"context_reference_id":"ctx_33034c5f0f5f47dd","summary":"For recurring personal meetings, there was not enough usable data for a fair comparison.","paragraphs":[{"text":"For recurring personal meetings, only 2 of 12 checked event windows could be compared.","citations":["canonical_context","included_count","candidate_count"]},{"text":"Data was available for 38% of what was needed, and 10 event windows were left out for missing or unreliable data.","citations":["completeness","excluded_count"]}],"uncertainty":"The comparison cannot account for caffeine timing, recent exercise, or unusual stress.","unresolved_influence_ids":["caffeine_timing","recent_exercise","unusual_stress"],"next_observation_id":null}
lora	113	insufficient_data	promotion_gate	true	false		For recurring personal meetings, there was not enough usable data for a fair comparison.	For recurring personal meetings, only 2 of 12 checked event windows could be compared. Data was available for 38% of what was needed, and 10 event windows were left out for missing or unreliable data.	For recurring personal meetings, there was not enough usable data for a fair comparison.	For recurring personal meetings, only 2 comparable event windows were available, though 10 were left out for data quality. The usual heart-rate difference was +9 beats per minute, with a range of +5 to +13 beats per minute.	The result cannot rule out caffeine timing, recent exercise, or unusual stress as part of the pattern.	{"schema_version":2,"context_reference_id":"ctx_33034c5f0f5f47dd","summary":"For recurring personal meetings, there was not enough usable data for a fair comparison.","paragraphs":[{"text":"For recurring personal meetings, only 2 comparable event windows were available, though 10 were left out for data quality.","citations":["canonical_context","included_count","excluded_count"]},{"text":"The usual heart-rate difference was +9 beats per minute, with a range of +5 to +13 beats per minute.","citations":["median_difference","effect_range"]}],"uncertainty":"The result cannot rule out caffeine timing, recent exercise, or unusual stress as part of the pattern.","unresolved_influence_ids":["caffeine_timing","recent_exercise","unusual_stress"],"next_observation_id":null}
lora	114	insufficient_data	explain	true	false		For late reading screen use, there was not enough usable data for a fair comparison.	For late reading screen use, only 2 of 10 checked event windows could be compared. Data was available for 61% of what was needed, and 8 event windows were left out for missing or unreliable data.	For late reading screen use, there was not enough usable data for a fair comparison.	For late reading screen use, only 2 comparable event windows were available, though 10 were checked. The usual heart-rate difference was +3 beats per minute, with a range of -1 to +7 beats per minute.	The result does not explain why heart rate changed, and other daily patterns were not measured.	{"schema_version":2,"context_reference_id":"ctx_183efb34d8be805c","summary":"For late reading screen use, there was not enough usable data for a fair comparison.","paragraphs":[{"text":"For late reading screen use, only 2 comparable event windows were available, though 10 were checked.","citations":["canonical_context","candidate_count","included_count"]},{"text":"The usual heart-rate difference was +3 beats per minute, with a range of -1 to +7 beats per minute.","citations":["median_difference","effect_range"]}],"uncertainty":"The result does not explain why heart rate changed, and other daily patterns were not measured.","unresolved_influence_ids":["caffeine_timing","recent_exercise","unusual_stress"],"next_observation_id":null}
lora	115	insufficient_data	what_weakens	true	false		For late reading screen use, there was not enough usable data for a fair comparison.	For late reading screen use, only 2 of 10 checked event windows could be compared. Data was available for 61% of what was needed, and 8 event windows were left out for missing or unreliable data.	For late reading screen use, there was not enough usable data for a fair comparison.	For late reading screen use, only 2 of 10 checked event windows could be compared. Data was available for 61% of what was needed, and 8 event windows were left out for missing or unreliable data.	The comparison leaves open what may have moved the heart-rate, including caffeine timing, recent exercise, or unusual stress.	{"schema_version":2,"context_reference_id":"ctx_183efb34d8be805c","summary":"For late reading screen use, there was not enough usable data for a fair comparison.","paragraphs":[{"text":"For late reading screen use, only 2 of 10 checked event windows could be compared.","citations":["canonical_context","included_count","candidate_count"]},{"text":"Data was available for 61% of what was needed, and 8 event windows were left out for missing or unreliable data.","citations":["completeness","excluded_count"]}],"uncertainty":"The comparison leaves open what may have moved the heart-rate, including caffeine timing, recent exercise, or unusual stress.","unresolved_influence_ids":["caffeine_timing","recent_exercise","unusual_stress"],"next_observation_id":null}
lora	116	insufficient_data	what_is_missing	true	false		For late reading screen use, there was not enough usable data for a fair comparison.	For late reading screen use, only 2 of 10 checked event windows could be compared. Data was available for 61% of what was needed, and 8 event windows were left out for missing or unreliable data.	For late reading screen use, there was not enough usable data for a fair comparison.	For late reading screen use, only 2 of 10 checked event windows could be compared. Data was available for 61% of what was needed, and 8 event windows were left out for missing or unreliable data.	The comparison cannot account for caffeine timing, recent exercise, or unusual stress.	{"schema_version":2,"context_reference_id":"ctx_183efb34d8be805c","summary":"For late reading screen use, there was not enough usable data for a fair comparison.","paragraphs":[{"text":"For late reading screen use, only 2 of 10 checked event windows could be compared.","citations":["canonical_context","included_count","candidate_count"]},{"text":"Data was available for 61% of what was needed, and 8 event windows were left out for missing or unreliable data.","citations":["completeness","excluded_count"]}],"uncertainty":"The comparison cannot account for caffeine timing, recent exercise, or unusual stress.","unresolved_influence_ids":["caffeine_timing","recent_exercise","unusual_stress"],"next_observation_id":null}
lora	117	insufficient_data	what_disagrees	true	false		For late reading screen use, there was not enough usable data for a fair comparison.	For late reading screen use, only 2 of 10 checked event windows could be compared. Data was available for 61% of what was needed, and 8 event windows were left out for missing or unreliable data.	For late reading screen use, there was not enough usable data for a fair comparison.	For late reading screen use, only 2 of 10 checked event windows could be compared. Data was available for 61% of what was needed, and 8 event windows were left out for missing or unreliable data.	The result does not explain why heart-rate changed, and other daily windows matter.	{"schema_version":2,"context_reference_id":"ctx_183efb34d8be805c","summary":"For late reading screen use, there was not enough usable data for a fair comparison.","paragraphs":[{"text":"For late reading screen use, only 2 of 10 checked event windows could be compared.","citations":["canonical_context","included_count","candidate_count"]},{"text":"Data was available for 61% of what was needed, and 8 event windows were left out for missing or unreliable data.","citations":["completeness","excluded_count"]}],"uncertainty":"The result does not explain why heart-rate changed, and other daily windows matter.","unresolved_influence_ids":["caffeine_timing","recent_exercise","unusual_stress"],"next_observation_id":null}
lora	118	insufficient_data	observe_next	true	false		For late reading screen use, there was not enough usable data for a fair comparison.	For late reading screen use, only 2 of 10 checked event windows could be compared. Data was available for 61% of what was needed, and 8 event windows were left out for missing or unreliable data.	For late reading screen use, there was not enough usable data for a fair comparison.	For late reading screen use, only 2 comparable event windows were available, though 10 were checked. The usual heart-rate difference was +3 beats per minute, with a range of -1 to +7 beats per minute.	The result does not account for caffeine timing, recent exercise, or unusual stress.	{"schema_version":2,"context_reference_id":"ctx_183efb34d8be805c","summary":"For late reading screen use, there was not enough usable data for a fair comparison.","paragraphs":[{"text":"For late reading screen use, only 2 comparable event windows were available, though 10 were checked.","citations":["canonical_context","candidate_count","included_count"]},{"text":"The usual heart-rate difference was +3 beats per minute, with a range of -1 to +7 beats per minute.","citations":["median_difference","effect_range"]}],"uncertainty":"The result does not account for caffeine timing, recent exercise, or unusual stress.","unresolved_influence_ids":["caffeine_timing","recent_exercise","unusual_stress"],"next_observation_id":"log_context"}
lora	119	insufficient_data	promotion_gate	true	false		For late reading screen use, there was not enough usable data for a fair comparison.	For late reading screen use, only 2 of 10 checked event windows could be compared. Data was available for 61% of what was needed, and 8 event windows were left out for missing or unreliable data.	For late reading screen use, there was not enough usable data for a fair comparison.	For late reading screen use, only 2 comparable event windows were available, though 1 of 2 showed the same direction. The usual heart-rate difference was +3 beats per minute, with a range of -1 to +7 beats per minute.	The result cannot account for caffeine timing, recent exercise, or unusual stress.	{"schema_version":2,"context_reference_id":"ctx_183efb34d8be805c","summary":"For late reading screen use, there was not enough usable data for a fair comparison.","paragraphs":[{"text":"For late reading screen use, only 2 comparable event windows were available, though 1 of 2 showed the same direction.","citations":["canonical_context","included_count","consistent_count"]},{"text":"The usual heart-rate difference was +3 beats per minute, with a range of -1 to +7 beats per minute.","citations":["median_difference","effect_range"]}],"uncertainty":"The result cannot account for caffeine timing, recent exercise, or unusual stress.","unresolved_influence_ids":["caffeine_timing","recent_exercise","unusual_stress"],"next_observation_id":null}
lora	120	insufficient_data	explain	true	false		For reflective late-night music sessions, there was not enough usable data for a fair comparison.	For reflective late-night music sessions, only 2 of 9 checked event windows could be compared. Data was available for 68% of what was needed, and 7 event windows were left out for missing or unreliable data.	For reflective late-night music sessions, there was not enough usable data for a fair comparison.	For reflective late-night music sessions, only 2 of 9 checked event windows could be compared. Data was available for 68% of what was needed, and 7 event windows were left out for missing or unreliable data.	The comparison leaves open what may have moved the heart-rate, including caffeine timing, recent exercise, or unusual stress.	{"schema_version":2,"context_reference_id":"ctx_d7cf860475e99a63","summary":"For reflective late-night music sessions, there was not enough usable data for a fair comparison.","paragraphs":[{"text":"For reflective late-night music sessions, only 2 of 9 checked event windows could be compared.","citations":["canonical_context","included_count","candidate_count"]},{"text":"Data was available for 68% of what was needed, and 7 event windows were left out for missing or unreliable data.","citations":["completeness","excluded_count"]}],"uncertainty":"The comparison leaves open what may have moved the heart-rate, including caffeine timing, recent exercise, or unusual stress.","unresolved_influence_ids":["caffeine_timing","recent_exercise","unusual_stress"],"next_observation_id":null}
lora	121	insufficient_data	what_weakens	true	false		For reflective late-night music sessions, there was not enough usable data for a fair comparison.	For reflective late-night music sessions, only 2 of 9 checked event windows could be compared. Data was available for 68% of what was needed, and 7 event windows were left out for missing or unreliable data.	For reflective late-night music sessions, there was not enough usable data for a fair comparison.	For reflective late-night music sessions, only 2 of 9 checked event windows could be compared. Data was available for 68% of what was needed, and 7 event windows were left out for missing or unreliable data.	The comparison leaves open what may have moved the heart rate, including caffeine timing, recent exercise, or unusual stress.	{"schema_version":2,"context_reference_id":"ctx_d7cf860475e99a63","summary":"For reflective late-night music sessions, there was not enough usable data for a fair comparison.","paragraphs":[{"text":"For reflective late-night music sessions, only 2 of 9 checked event windows could be compared.","citations":["canonical_context","included_count","candidate_count"]},{"text":"Data was available for 68% of what was needed, and 7 event windows were left out for missing or unreliable data.","citations":["completeness","excluded_count"]}],"uncertainty":"The comparison leaves open what may have moved the heart rate, including caffeine timing, recent exercise, or unusual stress.","unresolved_influence_ids":["caffeine_timing","recent_exercise","unusual_stress"],"next_observation_id":null}
lora	122	insufficient_data	what_is_missing	true	false		For reflective late-night music sessions, there was not enough usable data for a fair comparison.	For reflective late-night music sessions, only 2 of 9 checked event windows could be compared. Data was available for 68% of what was needed, and 7 event windows were left out for missing or unreliable data.	For reflective late-night music sessions, there was not enough usable data for a fair comparison.	For reflective late-night music sessions, only 2 of 9 checked event windows could be compared. Data was available for 68% of what was needed, and 7 event windows were left out for missing or unreliable data.	The comparison leaves open what may have moved the heart rate, including caffeine timing, recent exercise, or unusual stress.	{"schema_version":2,"context_reference_id":"ctx_d7cf860475e99a63","summary":"For reflective late-night music sessions, there was not enough usable data for a fair comparison.","paragraphs":[{"text":"For reflective late-night music sessions, only 2 of 9 checked event windows could be compared.","citations":["canonical_context","included_count","candidate_count"]},{"text":"Data was available for 68% of what was needed, and 7 event windows were left out for missing or unreliable data.","citations":["completeness","excluded_count"]}],"uncertainty":"The comparison leaves open what may have moved the heart rate, including caffeine timing, recent exercise, or unusual stress.","unresolved_influence_ids":["caffeine_timing","recent_exercise","unusual_stress"],"next_observation_id":null}
lora	123	insufficient_data	what_disagrees	true	false		For reflective late-night music sessions, there was not enough usable data for a fair comparison.	For reflective late-night music sessions, only 2 of 9 checked event windows could be compared. Data was available for 68% of what was needed, and 7 event windows were left out for missing or unreliable data.	For reflective late-night music sessions, there was not enough usable data for a fair comparison.	For reflective late-night music sessions, only 2 of 9 checked event windows could be compared. Data was available for 68% of what was needed, and 7 event windows were left out for missing or unreliable data.	The result cannot rule out caffeine timing, recent exercise, or unusual stress as part of the pattern.	{"schema_version":2,"context_reference_id":"ctx_d7cf860475e99a63","summary":"For reflective late-night music sessions, there was not enough usable data for a fair comparison.","paragraphs":[{"text":"For reflective late-night music sessions, only 2 of 9 checked event windows could be compared.","citations":["canonical_context","included_count","candidate_count"]},{"text":"Data was available for 68% of what was needed, and 7 event windows were left out for missing or unreliable data.","citations":["completeness","excluded_count"]}],"uncertainty":"The result cannot rule out caffeine timing, recent exercise, or unusual stress as part of the pattern.","unresolved_influence_ids":["caffeine_timing","recent_exercise","unusual_stress"],"next_observation_id":null}
lora	124	insufficient_data	observe_next	true	false		For reflective late-night music sessions, there was not enough usable data for a fair comparison.	For reflective late-night music sessions, only 2 of 9 checked event windows could be compared. Data was available for 68% of what was needed, and 7 event windows were left out for missing or unreliable data.	For reflective late-night music sessions, there was not enough usable data for a fair comparison.	For reflective late-night music sessions, only 2 of 9 checked event windows could be compared. Data was available for 68% of what was needed, and 7 event windows were left out for missing or unreliable data.	The comparison leaves open what moved the heart rate, and other context may matter.	{"schema_version":2,"context_reference_id":"ctx_d7cf860475e99a63","summary":"For reflective late-night music sessions, there was not enough usable data for a fair comparison.","paragraphs":[{"text":"For reflective late-night music sessions, only 2 of 9 checked event windows could be compared.","citations":["canonical_context","included_count","candidate_count"]},{"text":"Data was available for 68% of what was needed, and 7 event windows were left out for missing or unreliable data.","citations":["completeness","excluded_count"]}],"uncertainty":"The comparison leaves open what moved the heart rate, and other context may matter.","unresolved_influence_ids":["caffeine_timing","recent_exercise","unusual_stress"],"next_observation_id":"log_context"}
lora	125	insufficient_data	promotion_gate	true	false		For reflective late-night music sessions, there was not enough usable data for a fair comparison.	For reflective late-night music sessions, only 2 of 9 checked event windows could be compared. Data was available for 68% of what was needed, and 7 event windows were left out for missing or unreliable data.	For reflective late-night music sessions, there was not enough usable data for a fair comparison.	For reflective late-night music sessions, only 2 of 9 checked event windows could be compared. Data was available for 68% of what was needed, and 7 event windows were left out for missing or unreliable data.	The comparison cannot account for caffeine timing, recent exercise, or unusual stress.	{"schema_version":2,"context_reference_id":"ctx_d7cf860475e99a63","summary":"For reflective late-night music sessions, there was not enough usable data for a fair comparison.","paragraphs":[{"text":"For reflective late-night music sessions, only 2 of 9 checked event windows could be compared.","citations":["canonical_context","included_count","candidate_count"]},{"text":"Data was available for 68% of what was needed, and 7 event windows were left out for missing or unreliable data.","citations":["completeness","excluded_count"]}],"uncertainty":"The comparison cannot account for caffeine timing, recent exercise, or unusual stress.","unresolved_influence_ids":["caffeine_timing","recent_exercise","unusual_stress"],"next_observation_id":null}
lora	126	null	explain	true	false		For late cooperative game sessions, there was no clear repeated heart-rate pattern.	For late cooperative game sessions, across 4 comparable event windows, the usual heart-rate difference was -1 beats per minute, which stayed small. The same direction appeared in 1 of 4, while 3 event windows did not match.	For late cooperative game sessions, the same heart-rate pattern appeared in 1 of 4 comparable event windows.	For late cooperative game sessions, the same direction appeared in 1 of 4 comparable windows. The usual difference was -1 beats per minute, with usable data for 4 of 8 checked windows.	The result does not explain why heart rate changed, and other windows were left out.	{"schema_version":2,"context_reference_id":"ctx_ed9d9b881d60d652","summary":"For late cooperative game sessions, the same heart-rate pattern appeared in 1 of 4 comparable event windows.","paragraphs":[{"text":"For late cooperative game sessions, the same direction appeared in 1 of 4 comparable windows.","citations":["canonical_context","consistent_count","included_count"]},{"text":"The usual difference was -1 beats per minute, with usable data for 4 of 8 checked windows.","citations":["median_difference","included_count","candidate_count"]}],"uncertainty":"The result does not explain why heart rate changed, and other windows were left out.","unresolved_influence_ids":["caffeine_timing","recent_exercise","unusual_stress"],"next_observation_id":null}
lora	127	null	what_weakens	true	false		For late cooperative game sessions, there was no clear repeated heart-rate pattern.	For late cooperative game sessions, across 4 comparable event windows, the usual heart-rate difference was -1 beats per minute, which stayed small. The same direction appeared in 1 of 4, while 3 event windows did not match.	For late cooperative game sessions, the same heart-rate pattern appeared in 1 of 4 comparable event windows.	For late cooperative game sessions, the same direction appeared in 1 of 4 comparable windows. The usual difference was -1 beats per minute, with a range of -4 to +2 beats per minute.	The result leaves open what may have moved the heart rate, including caffeine timing, recent exercise, or unusual stress.	{"schema_version":2,"context_reference_id":"ctx_ed9d9b881d60d652","summary":"For late cooperative game sessions, the same heart-rate pattern appeared in 1 of 4 comparable event windows.","paragraphs":[{"text":"For late cooperative game sessions, the same direction appeared in 1 of 4 comparable windows.","citations":["canonical_context","consistent_count","included_count"]},{"text":"The usual difference was -1 beats per minute, with a range of -4 to +2 beats per minute.","citations":["median_difference","effect_range"]}],"uncertainty":"The result leaves open what may have moved the heart rate, including caffeine timing, recent exercise, or unusual stress.","unresolved_influence_ids":["caffeine_timing","recent_exercise","unusual_stress"],"next_observation_id":null}
lora	128	null	what_is_missing	false	true	paragraph_1_unknown_citations:['caffeine_timing', 'completedness']	For late cooperative game sessions, there was no clear repeated heart-rate pattern.	For late cooperative game sessions, across 4 comparable event windows, the usual heart-rate difference was -1 beats per minute, which stayed small. The same direction appeared in 1 of 4, while 3 event windows did not match.	For late cooperative game sessions, the same heart-rate pattern appeared in 1 of 4 comparable event windows. More comparable windows are needed.	For late cooperative game sessions, the same direction appeared in 1 of 4 comparable event windows. The usual heart-rate difference was -1 beats per minute. The data leaves out caffeine timing, recent exercise, and unusual stress. Data was available for 77% of what was needed.	The comparison cannot stand alone, and these windows do not capture all daily heart-rate patterns.	{"schema_version":2,"context_reference_id":"ctx_ed9d9b881d60d652","summary":"For late cooperative game sessions, the same heart-rate pattern appeared in 1 of 4 comparable event windows. More comparable windows are needed.","paragraphs":[{"text":"For late cooperative game sessions, the same direction appeared in 1 of 4 comparable event windows. The usual heart-rate difference was -1 beats per minute.","citations":["canonical_context","consistent_count","median_difference"]},{"text":"The data leaves out caffeine timing, recent exercise, and unusual stress. Data was available for 77% of what was needed.","citations":["caffeine_timing","completedness","completeness"]}],"uncertainty":"The comparison cannot stand alone, and these windows do not capture all daily heart-rate patterns.","unresolved_influence_ids":["caffeine_timing","recent_exercise","unusual_stress"],"next_observation_id":"log_context"}
lora	129	null	what_disagrees	false	true	paragraph_1_unknown_citations:['caffeine_timing', 'unusual_stress']	For late cooperative game sessions, there was no clear repeated heart-rate pattern.	For late cooperative game sessions, across 4 comparable event windows, the usual heart-rate difference was -1 beats per minute, which stayed small. The same direction appeared in 1 of 4, while 3 event windows did not match.	For late cooperative game sessions, the same heart-rate pattern appeared in 1 of 4 comparable event windows.	For late cooperative game sessions, the same direction appeared in 1 of 4 comparable windows, with a usual difference of -1 beats per minute. The data leaves some context unmeasured, including caffeine timing, recent exercise, and unusual stress.	The result cannot stand alone, and these windows do not capture every part of the day.	{"schema_version":2,"context_reference_id":"ctx_ed9d9b881d60d652","summary":"For late cooperative game sessions, the same heart-rate pattern appeared in 1 of 4 comparable event windows.","paragraphs":[{"text":"For late cooperative game sessions, the same direction appeared in 1 of 4 comparable windows, with a usual difference of -1 beats per minute.","citations":["canonical_context","consistent_count","median_difference"]},{"text":"The data leaves some context unmeasured, including caffeine timing, recent exercise, and unusual stress.","citations":["caffeine_timing","unusual_stress"]}],"uncertainty":"The result cannot stand alone, and these windows do not capture every part of the day.","unresolved_influence_ids":["caffeine_timing","recent_exercise","unusual_stress"],"next_observation_id":"log_context"}
lora	130	null	observe_next	true	false		For late cooperative game sessions, there was no clear repeated heart-rate pattern.	For late cooperative game sessions, across 4 comparable event windows, the usual heart-rate difference was -1 beats per minute, which stayed small. The same direction appeared in 1 of 4, while 3 event windows did not match.	For late cooperative game sessions, there was no clear repeated heart-rate pattern.	For late cooperative game sessions, across 4 comparable event windows, the usual heart-rate difference was -1 beats per minute. The same direction appeared in 1 of 4, while 3 event windows did not match.	The result does not explain why heart-rate changed, and other windows may matter.	{"schema_version":2,"context_reference_id":"ctx_ed9d9b881d60d652","summary":"For late cooperative game sessions, there was no clear repeated heart-rate pattern.","paragraphs":[{"text":"For late cooperative game sessions, across 4 comparable event windows, the usual heart-rate difference was -1 beats per minute.","citations":["canonical_context","included_count","median_difference"]},{"text":"The same direction appeared in 1 of 4, while 3 event windows did not match.","citations":["consistent_count","counter_count"]}],"uncertainty":"The result does not explain why heart-rate changed, and other windows may matter.","unresolved_influence_ids":["caffeine_timing","recent_exercise","unusual_stress"],"next_observation_id":"log_context"}
lora	131	null	promotion_gate	true	false		For late cooperative game sessions, there was no clear repeated heart-rate pattern.	For late cooperative game sessions, across 4 comparable event windows, the usual heart-rate difference was -1 beats per minute, which stayed small. The same direction appeared in 1 of 4, while 3 event windows did not match.	For late cooperative game sessions, there was no clear repeated heart-rate pattern.	For late cooperative game sessions, across 4 comparable event windows, the usual heart-rate difference was -1 beats per minute. The same direction appeared in 1 of 4, while 3 event windows did not match.	The result cannot rule out caffeine timing, recent exercise, or unusual stress as part of the comparison.	{"schema_version":2,"context_reference_id":"ctx_ed9d9b881d60d652","summary":"For late cooperative game sessions, there was no clear repeated heart-rate pattern.","paragraphs":[{"text":"For late cooperative game sessions, across 4 comparable event windows, the usual heart-rate difference was -1 beats per minute.","citations":["canonical_context","included_count","median_difference"]},{"text":"The same direction appeared in 1 of 4, while 3 event windows did not match.","citations":["consistent_count","counter_count"]}],"uncertainty":"The result cannot rule out caffeine timing, recent exercise, or unusual stress as part of the comparison.","unresolved_influence_ids":["caffeine_timing","recent_exercise","unusual_stress"],"next_observation_id":null}
lora	132	null	explain	true	false		For balanced evening meal entries, there was no clear repeated heart-rate pattern.	For balanced evening meal entries, across 7 comparable event windows, the usual heart-rate difference was -2 beats per minute, which stayed small. The same direction appeared in 3 of 7, while 4 event windows did not match.	For balanced evening meal entries, the same heart-rate pattern appeared in 3 of 7 comparable windows.	For balanced evening meal entries, the same direction appeared in 3 of 7 comparable windows. The usual difference was -2 beats per minute, with a range of -5 to +1 beats per minute.	The result does not capture why heart-rate changed, and caffeine timing, recent exercise, or unusual stress may matter.	{"schema_version":2,"context_reference_id":"ctx_ba874d0482826022","summary":"For balanced evening meal entries, the same heart-rate pattern appeared in 3 of 7 comparable windows.","paragraphs":[{"text":"For balanced evening meal entries, the same direction appeared in 3 of 7 comparable windows.","citations":["canonical_context","consistent_count","included_count"]},{"text":"The usual difference was -2 beats per minute, with a range of -5 to +1 beats per minute.","citations":["median_difference","effect_range"]}],"uncertainty":"The result does not capture why heart-rate changed, and caffeine timing, recent exercise, or unusual stress may matter.","unresolved_influence_ids":["caffeine_timing","recent_exercise","unusual_stress"],"next_observation_id":"log_context"}
lora	133	null	what_weakens	true	false		For balanced evening meal entries, there was no clear repeated heart-rate pattern.	For balanced evening meal entries, across 7 comparable event windows, the usual heart-rate difference was -2 beats per minute, which stayed small. The same direction appeared in 3 of 7, while 4 event windows did not match.	For balanced evening meal entries, the same heart-rate pattern appeared in 3 of 7 comparable event windows.	For balanced evening meal entries, 3 of 7 event windows showed the same direction. The usual difference was -2 beats per minute. The data leaves some windows out. Data was available for 89% of what was needed, with 5 event windows left out.	The result does not explain why heart-rate changed, and other daily windows matter.	{"schema_version":2,"context_reference_id":"ctx_ba874d0482826022","summary":"For balanced evening meal entries, the same heart-rate pattern appeared in 3 of 7 comparable event windows.","paragraphs":[{"text":"For balanced evening meal entries, 3 of 7 event windows showed the same direction. The usual difference was -2 beats per minute.","citations":["canonical_context","consistent_count","median_difference"]},{"text":"The data leaves some windows out. Data was available for 89% of what was needed, with 5 event windows left out.","citations":["completeness","excluded_count"]}],"uncertainty":"The result does not explain why heart-rate changed, and other daily windows matter.","unresolved_influence_ids":["caffeine_timing","recent_exercise","unusual_stress"],"next_observation_id":null}
lora	134	null	what_is_missing	true	false		For balanced evening meal entries, there was no clear repeated heart-rate pattern.	For balanced evening meal entries, across 7 comparable event windows, the usual heart-rate difference was -2 beats per minute, which stayed small. The same direction appeared in 3 of 7, while 4 event windows did not match.	For balanced evening meal entries, there was no clear repeated heart-rate pattern.	For balanced evening meal entries, 3 of 7 comparable event windows showed the same direction. The usual heart-rate difference was -2 beats per minute, with a range of -5 to +1 beats per minute.	The comparison leaves some context unmeasured, including caffeine timing, recent exercise, and unusual stress.	{"schema_version":2,"context_reference_id":"ctx_ba874d0482826022","summary":"For balanced evening meal entries, there was no clear repeated heart-rate pattern.","paragraphs":[{"text":"For balanced evening meal entries, 3 of 7 comparable event windows showed the same direction.","citations":["canonical_context","consistent_count","included_count"]},{"text":"The usual heart-rate difference was -2 beats per minute, with a range of -5 to +1 beats per minute.","citations":["median_difference","effect_range"]}],"uncertainty":"The comparison leaves some context unmeasured, including caffeine timing, recent exercise, and unusual stress.","unresolved_influence_ids":["caffeine_timing","recent_exercise","unusual_stress"],"next_observation_id":null}
lora	135	null	what_disagrees	true	false		For balanced evening meal entries, there was no clear repeated heart-rate pattern.	For balanced evening meal entries, across 7 comparable event windows, the usual heart-rate difference was -2 beats per minute, which stayed small. The same direction appeared in 3 of 7, while 4 event windows did not match.	For balanced evening meal entries, the same heart-rate pattern appeared in 3 of 7 comparable windows.	For balanced evening meal entries, the same direction appeared in 3 of 7 comparable windows. The usual heart-rate difference was -2 beats per minute, with a range of -5 to +1 beats per minute.	The result does not explain why heart-rate changed, and other windows may matter.	{"schema_version":2,"context_reference_id":"ctx_ba874d0482826022","summary":"For balanced evening meal entries, the same heart-rate pattern appeared in 3 of 7 comparable windows.","paragraphs":[{"text":"For balanced evening meal entries, the same direction appeared in 3 of 7 comparable windows.","citations":["canonical_context","consistent_count","included_count"]},{"text":"The usual heart-rate difference was -2 beats per minute, with a range of -5 to +1 beats per minute.","citations":["median_difference","effect_range"]}],"uncertainty":"The result does not explain why heart-rate changed, and other windows may matter.","unresolved_influence_ids":["caffeine_timing","recent_exercise","unusual_stress"],"next_observation_id":null}
lora	136	null	observe_next	true	false		For balanced evening meal entries, there was no clear repeated heart-rate pattern.	For balanced evening meal entries, across 7 comparable event windows, the usual heart-rate difference was -2 beats per minute, which stayed small. The same direction appeared in 3 of 7, while 4 event windows did not match.	For balanced evening meal entries, the same heart-rate pattern appeared in 3 of 7 comparable event windows.	For balanced evening meal entries, 3 of 7 comparable event windows showed the same direction. The usual heart-rate difference was -2 beats per minute, with a range of -5 to +1 beats per minute.	The result does not explain why heart-rate changed, and other daily windows matter.	{"schema_version":2,"context_reference_id":"ctx_ba874d0482826022","summary":"For balanced evening meal entries, the same heart-rate pattern appeared in 3 of 7 comparable event windows.","paragraphs":[{"text":"For balanced evening meal entries, 3 of 7 comparable event windows showed the same direction.","citations":["canonical_context","consistent_count","included_count"]},{"text":"The usual heart-rate difference was -2 beats per minute, with a range of -5 to +1 beats per minute.","citations":["median_difference","effect_range"]}],"uncertainty":"The result does not explain why heart-rate changed, and other daily windows matter.","unresolved_influence_ids":["caffeine_timing","recent_exercise","unusual_stress"],"next_observation_id":"log_context"}
lora	137	null	promotion_gate	true	false		For balanced evening meal entries, there was no clear repeated heart-rate pattern.	For balanced evening meal entries, across 7 comparable event windows, the usual heart-rate difference was -2 beats per minute, which stayed small. The same direction appeared in 3 of 7, while 4 event windows did not match.	For balanced evening meal entries, the same heart-rate pattern appeared in 3 of 7 comparable windows.	For balanced evening meal entries, the same direction appeared in 3 of 7 comparable windows, with a usual difference of -2 beats per minute. The event windows checked were 12, and 7 could be compared, though 5 were left out for data quality.	The result does not explain why a heart-rate change happened, and other daily windows matter.	{"schema_version":2,"context_reference_id":"ctx_ba874d0482826022","summary":"For balanced evening meal entries, the same heart-rate pattern appeared in 3 of 7 comparable windows.","paragraphs":[{"text":"For balanced evening meal entries, the same direction appeared in 3 of 7 comparable windows, with a usual difference of -2 beats per minute.","citations":["canonical_context","consistent_count","median_difference"]},{"text":"The event windows checked were 12, and 7 could be compared, though 5 were left out for data quality.","citations":["candidate_count","included_count","excluded_count"]}],"uncertainty":"The result does not explain why a heart-rate change happened, and other daily windows matter.","unresolved_influence_ids":["caffeine_timing","recent_exercise","unusual_stress"],"next_observation_id":"log_context"}
lora	138	null	explain	true	false		For journal entries tagged socially demanding, there was no clear repeated heart-rate pattern.	For journal entries tagged socially demanding, across 5 comparable event windows, the usual heart-rate difference was -2 beats per minute, which stayed small. The same direction appeared in 3 of 5, while 2 event windows did not match.	For journal entries tagged socially demanding, the same heart-rate pattern appeared in 3 of 5 comparable event windows.	For journal entries tagged socially demanding, 3 of 5 event windows showed the same direction. The usual difference was -2 beats per minute, with a range of -7 to +3 beats per minute.	The result cannot capture why a heart-rate change happened, and caffeine timing, recent exercise, or unusual stress may matter.	{"schema_version":2,"context_reference_id":"ctx_aa255083b3d14757","summary":"For journal entries tagged socially demanding, the same heart-rate pattern appeared in 3 of 5 comparable event windows.","paragraphs":[{"text":"For journal entries tagged socially demanding, 3 of 5 event windows showed the same direction.","citations":["canonical_context","consistent_count","included_count"]},{"text":"The usual difference was -2 beats per minute, with a range of -7 to +3 beats per minute.","citations":["median_difference","effect_range"]}],"uncertainty":"The result cannot capture why a heart-rate change happened, and caffeine timing, recent exercise, or unusual stress may matter.","unresolved_influence_ids":["caffeine_timing","recent_exercise","unusual_stress"],"next_observation_id":null}
lora	139	null	what_weakens	true	false		For journal entries tagged socially demanding, there was no clear repeated heart-rate pattern.	For journal entries tagged socially demanding, across 5 comparable event windows, the usual heart-rate difference was -2 beats per minute, which stayed small. The same direction appeared in 3 of 5, while 2 event windows did not match.	For journal entries tagged socially demanding, the same heart-rate pattern appeared in 3 of 5 comparable event windows.	For journal entries tagged socially demanding, 3 of 5 event windows showed the same direction. The usual difference was -2 beats per minute, with a range of -7 to +3 beats per minute.	The comparison leaves open what caffeine timing, recent exercise, or unusual stress may have mattered.	{"schema_version":2,"context_reference_id":"ctx_aa255083b3d14757","summary":"For journal entries tagged socially demanding, the same heart-rate pattern appeared in 3 of 5 comparable event windows.","paragraphs":[{"text":"For journal entries tagged socially demanding, 3 of 5 event windows showed the same direction.","citations":["canonical_context","consistent_count","included_count"]},{"text":"The usual difference was -2 beats per minute, with a range of -7 to +3 beats per minute.","citations":["median_difference","effect_range"]}],"uncertainty":"The comparison leaves open what caffeine timing, recent exercise, or unusual stress may have mattered.","unresolved_influence_ids":["caffeine_timing","recent_exercise","unusual_stress"],"next_observation_id":null}
lora	140	null	what_is_missing	true	false		For journal entries tagged socially demanding, there was no clear repeated heart-rate pattern.	For journal entries tagged socially demanding, across 5 comparable event windows, the usual heart-rate difference was -2 beats per minute, which stayed small. The same direction appeared in 3 of 5, while 2 event windows did not match.	For journal entries tagged socially demanding, the same heart-rate pattern appeared in 3 of 5 comparable event windows.	For journal entries tagged socially demanding, 3 of 5 event windows showed the same direction. The usual heart-rate difference was -2 beats per minute, with a range of -7 to +3 beats per minute.	The comparison leaves open what caffeine timing, recent exercise, or unusual stress may have mattered.	{"schema_version":2,"context_reference_id":"ctx_aa255083b3d14757","summary":"For journal entries tagged socially demanding, the same heart-rate pattern appeared in 3 of 5 comparable event windows.","paragraphs":[{"text":"For journal entries tagged socially demanding, 3 of 5 event windows showed the same direction.","citations":["canonical_context","consistent_count","included_count"]},{"text":"The usual heart-rate difference was -2 beats per minute, with a range of -7 to +3 beats per minute.","citations":["median_difference","effect_range"]}],"uncertainty":"The comparison leaves open what caffeine timing, recent exercise, or unusual stress may have mattered.","unresolved_influence_ids":["caffeine_timing","recent_exercise","unusual_stress"],"next_observation_id":null}
lora	141	null	what_disagrees	true	false		For journal entries tagged socially demanding, there was no clear repeated heart-rate pattern.	For journal entries tagged socially demanding, across 5 comparable event windows, the usual heart-rate difference was -2 beats per minute, which stayed small. The same direction appeared in 3 of 5, while 2 event windows did not match.	For journal entries tagged socially demanding, there was no clear repeated heart-rate pattern.	For journal entries tagged socially demanding, across 5 comparable event windows, the usual heart-rate difference was -2 beats per minute. The same direction appeared in 3 of 5, while 2 event windows did not match.	The result does not explain why heart-rate changed, and caffeine timing, recent exercise, or unusual stress may matter.	{"schema_version":2,"context_reference_id":"ctx_aa255083b3d14757","summary":"For journal entries tagged socially demanding, there was no clear repeated heart-rate pattern.","paragraphs":[{"text":"For journal entries tagged socially demanding, across 5 comparable event windows, the usual heart-rate difference was -2 beats per minute.","citations":["canonical_context","included_count","median_difference"]},{"text":"The same direction appeared in 3 of 5, while 2 event windows did not match.","citations":["consistent_count","counter_count"]}],"uncertainty":"The result does not explain why heart-rate changed, and caffeine timing, recent exercise, or unusual stress may matter.","unresolved_influence_ids":["caffeine_timing","recent_exercise","unusual_stress"],"next_observation_id":null}
lora	142	null	observe_next	true	false		For journal entries tagged socially demanding, there was no clear repeated heart-rate pattern.	For journal entries tagged socially demanding, across 5 comparable event windows, the usual heart-rate difference was -2 beats per minute, which stayed small. The same direction appeared in 3 of 5, while 2 event windows did not match.	For journal entries tagged socially demanding, the same heart-rate pattern appeared in 3 of 5 comparable event windows.	For journal entries tagged socially demanding, 3 of 5 event windows showed the same direction. The usual difference was -2 beats per minute, with a range of -7 to +3 beats per minute.	The result cannot capture caffeine timing, recent exercise, or unusual stress.	{"schema_version":2,"context_reference_id":"ctx_aa255083b3d14757","summary":"For journal entries tagged socially demanding, the same heart-rate pattern appeared in 3 of 5 comparable event windows.","paragraphs":[{"text":"For journal entries tagged socially demanding, 3 of 5 event windows showed the same direction.","citations":["canonical_context","consistent_count","included_count"]},{"text":"The usual difference was -2 beats per minute, with a range of -7 to +3 beats per minute.","citations":["median_difference","effect_range"]}],"uncertainty":"The result cannot capture caffeine timing, recent exercise, or unusual stress.","unresolved_influence_ids":["caffeine_timing","recent_exercise","unusual_stress"],"next_observation_id":"log_context"}
lora	143	null	promotion_gate	true	false		For journal entries tagged socially demanding, there was no clear repeated heart-rate pattern.	For journal entries tagged socially demanding, across 5 comparable event windows, the usual heart-rate difference was -2 beats per minute, which stayed small. The same direction appeared in 3 of 5, while 2 event windows did not match.	For journal entries tagged socially demanding, the same heart-rate pattern appeared in 3 of 5 comparable event windows.	For journal entries tagged socially demanding, the same direction appeared in 3 of 5 comparable windows. The usual heart-rate difference was -2 beats per minute, with a range of -7 to +3 beats per minute.	The result cannot capture caffeine timing, recent exercise, or unusual stress.	{"schema_version":2,"context_reference_id":"ctx_aa255083b3d14757","summary":"For journal entries tagged socially demanding, the same heart-rate pattern appeared in 3 of 5 comparable event windows.","paragraphs":[{"text":"For journal entries tagged socially demanding, the same direction appeared in 3 of 5 comparable windows.","citations":["canonical_context","consistent_count","included_count"]},{"text":"The usual heart-rate difference was -2 beats per minute, with a range of -7 to +3 beats per minute.","citations":["median_difference","effect_range"]}],"uncertainty":"The result cannot capture caffeine timing, recent exercise, or unusual stress.","unresolved_influence_ids":["caffeine_timing","recent_exercise","unusual_stress"],"next_observation_id":null}
lora	144	null	explain	true	false		For work-peer phone calls, there was no clear repeated heart-rate pattern.	For work-peer phone calls, across 5 comparable event windows, the usual heart-rate difference was -1 beats per minute, which stayed small. The same direction appeared in 3 of 5, while 2 event windows did not match.	For work-peer phone calls, the same heart-rate pattern appeared in 3 of 5 comparable event windows.	For work-peer phone calls, the same direction appeared in 3 of 5 comparable windows. The usual difference was -1 beats per minute, with a range of -3 to +1 beats per minute.	The result leaves open what may have moved the heart rate, and more comparable windows are needed.	{"schema_version":2,"context_reference_id":"ctx_eb2dcff5e0f8490f","summary":"For work-peer phone calls, the same heart-rate pattern appeared in 3 of 5 comparable event windows.","paragraphs":[{"text":"For work-peer phone calls, the same direction appeared in 3 of 5 comparable windows.","citations":["canonical_context","consistent_count","included_count"]},{"text":"The usual difference was -1 beats per minute, with a range of -3 to +1 beats per minute.","citations":["median_difference","effect_range"]}],"uncertainty":"The result leaves open what may have moved the heart rate, and more comparable windows are needed.","unresolved_influence_ids":["caffeine_timing","recent_exercise","unusual_stress"],"next_observation_id":"log_context"}
lora	145	null	what_weakens	true	false		For work-peer phone calls, there was no clear repeated heart-rate pattern.	For work-peer phone calls, across 5 comparable event windows, the usual heart-rate difference was -1 beats per minute, which stayed small. The same direction appeared in 3 of 5, while 2 event windows did not match.	For work-peer phone calls, the same heart-rate pattern appeared in 3 of 5 comparable event windows.	For work-peer phone calls, the same direction appeared in 3 of 5 comparable windows. The usual difference was -1 beats per minute, with a range of -3 to +1 beats per minute.	The result leaves open what may have moved the heart rate, including caffeine timing, recent exercise, or unusual stress.	{"schema_version":2,"context_reference_id":"ctx_eb2dcff5e0f8490f","summary":"For work-peer phone calls, the same heart-rate pattern appeared in 3 of 5 comparable event windows.","paragraphs":[{"text":"For work-peer phone calls, the same direction appeared in 3 of 5 comparable windows.","citations":["canonical_context","consistent_count","included_count"]},{"text":"The usual difference was -1 beats per minute, with a range of -3 to +1 beats per minute.","citations":["median_difference","effect_range"]}],"uncertainty":"The result leaves open what may have moved the heart rate, including caffeine timing, recent exercise, or unusual stress.","unresolved_influence_ids":["caffeine_timing","recent_exercise","unusual_stress"],"next_observation_id":null}
lora	146	null	what_is_missing	true	false		For work-peer phone calls, there was no clear repeated heart-rate pattern.	For work-peer phone calls, across 5 comparable event windows, the usual heart-rate difference was -1 beats per minute, which stayed small. The same direction appeared in 3 of 5, while 2 event windows did not match.	For work-peer phone calls, there was no clear repeated heart-rate pattern. More comparable windows are needed.	For work-peer phone calls, across 5 comparable event windows, the usual heart-rate difference was -1 beats per minute. The same direction appeared in 3 of 5, while 2 event windows did not match.	The comparison leaves out windows with missing or unreliable data, and does not account for caffeine timing, recent exercise, or unusual stress.	{"schema_version":2,"context_reference_id":"ctx_eb2dcff5e0f8490f","summary":"For work-peer phone calls, there was no clear repeated heart-rate pattern. More comparable windows are needed.","paragraphs":[{"text":"For work-peer phone calls, across 5 comparable event windows, the usual heart-rate difference was -1 beats per minute.","citations":["canonical_context","included_count","median_difference"]},{"text":"The same direction appeared in 3 of 5, while 2 event windows did not match.","citations":["consistent_count","counter_count"]}],"uncertainty":"The comparison leaves out windows with missing or unreliable data, and does not account for caffeine timing, recent exercise, or unusual stress.","unresolved_influence_ids":["caffeine_timing","recent_exercise","unusual_stress"],"next_observation_id":null}
lora	147	null	what_disagrees	true	false		For work-peer phone calls, there was no clear repeated heart-rate pattern.	For work-peer phone calls, across 5 comparable event windows, the usual heart-rate difference was -1 beats per minute, which stayed small. The same direction appeared in 3 of 5, while 2 event windows did not match.	For work-peer phone calls, the same heart-rate pattern appeared in 3 of 5 comparable event windows.	For work-peer phone calls, the same direction appeared in 3 of 5 comparable windows. The usual difference was -1 beats per minute, with a range of -3 to +1 beats per minute.	The result does not explain why heart-rate changed, and other windows were left out.	{"schema_version":2,"context_reference_id":"ctx_eb2dcff5e0f8490f","summary":"For work-peer phone calls, the same heart-rate pattern appeared in 3 of 5 comparable event windows.","paragraphs":[{"text":"For work-peer phone calls, the same direction appeared in 3 of 5 comparable windows.","citations":["canonical_context","consistent_count","included_count"]},{"text":"The usual difference was -1 beats per minute, with a range of -3 to +1 beats per minute.","citations":["median_difference","effect_range"]}],"uncertainty":"The result does not explain why heart-rate changed, and other windows were left out.","unresolved_influence_ids":["caffeine_timing","recent_exercise","unusual_stress"],"next_observation_id":null}
lora	148	null	observe_next	true	false		For work-peer phone calls, there was no clear repeated heart-rate pattern.	For work-peer phone calls, across 5 comparable event windows, the usual heart-rate difference was -1 beats per minute, which stayed small. The same direction appeared in 3 of 5, while 2 event windows did not match.	For work-peer phone calls, the same heart-rate pattern appeared in 3 of 5 comparable event windows.	For work-peer phone calls, the same direction appeared in 3 of 5 comparable windows. The usual heart-rate difference was -1 beats per minute, with a range of -3 to +1 beats per minute.	The result does not explain why heart-rate changed, and other windows were left out.	{"schema_version":2,"context_reference_id":"ctx_eb2dcff5e0f8490f","summary":"For work-peer phone calls, the same heart-rate pattern appeared in 3 of 5 comparable event windows.","paragraphs":[{"text":"For work-peer phone calls, the same direction appeared in 3 of 5 comparable windows.","citations":["canonical_context","consistent_count","included_count"]},{"text":"The usual heart-rate difference was -1 beats per minute, with a range of -3 to +1 beats per minute.","citations":["median_difference","effect_range"]}],"uncertainty":"The result does not explain why heart-rate changed, and other windows were left out.","unresolved_influence_ids":["caffeine_timing","recent_exercise","unusual_stress"],"next_observation_id":"log_context"}
lora	149	null	promotion_gate	true	false		For work-peer phone calls, there was no clear repeated heart-rate pattern.	For work-peer phone calls, across 5 comparable event windows, the usual heart-rate difference was -1 beats per minute, which stayed small. The same direction appeared in 3 of 5, while 2 event windows did not match.	For work-peer phone calls, the same heart-rate pattern appeared in 3 of 5 comparable event windows.	For work-peer phone calls, the same direction appeared in 3 of 5 comparable windows. The usual heart-rate difference was -1 beats per minute, with a range of -3 to +1 beats per minute.	The result cannot rule out other daily patterns, including caffeine timing, recent exercise, or unusual stress.	{"schema_version":2,"context_reference_id":"ctx_eb2dcff5e0f8490f","summary":"For work-peer phone calls, the same heart-rate pattern appeared in 3 of 5 comparable event windows.","paragraphs":[{"text":"For work-peer phone calls, the same direction appeared in 3 of 5 comparable windows.","citations":["canonical_context","consistent_count","included_count"]},{"text":"The usual heart-rate difference was -1 beats per minute, with a range of -3 to +1 beats per minute.","citations":["median_difference","effect_range"]}],"uncertainty":"The result cannot rule out other daily patterns, including caffeine timing, recent exercise, or unusual stress.","unresolved_influence_ids":["caffeine_timing","recent_exercise","unusual_stress"],"next_observation_id":null}
lora	150	null	explain	true	false		For focused project check-ins, there was no clear repeated heart-rate pattern.	For focused project check-ins, across 6 comparable event windows, the usual heart-rate difference was +2 beats per minute, which stayed small. The same direction appeared in 4 of 6, while 2 event windows did not match.	For focused project check-ins, the same heart-rate pattern appeared in 4 of 6 comparable event windows.	For focused project check-ins, 4 of 6 comparable event windows showed the same direction. The usual heart-rate difference was +2 beats per minute, with a range of -1 to +5 beats per minute.	The result does not account for caffeine timing, recent exercise, or unusual stress.	{"schema_version":2,"context_reference_id":"ctx_1e491b22d65542a2","summary":"For focused project check-ins, the same heart-rate pattern appeared in 4 of 6 comparable event windows.","paragraphs":[{"text":"For focused project check-ins, 4 of 6 comparable event windows showed the same direction.","citations":["canonical_context","consistent_count","included_count"]},{"text":"The usual heart-rate difference was +2 beats per minute, with a range of -1 to +5 beats per minute.","citations":["median_difference","effect_range"]}],"uncertainty":"The result does not account for caffeine timing, recent exercise, or unusual stress.","unresolved_influence_ids":["caffeine_timing","recent_exercise","unusual_stress"],"next_observation_id":null}
lora	151	null	what_weakens	true	false		For focused project check-ins, there was no clear repeated heart-rate pattern.	For focused project check-ins, across 6 comparable event windows, the usual heart-rate difference was +2 beats per minute, which stayed small. The same direction appeared in 4 of 6, while 2 event windows did not match.	For focused project check-ins, the same heart-rate pattern appeared in 4 of 6 comparable event windows.	For focused project check-ins, the same direction appeared in 4 of 6 comparable event windows, with a usual difference of +2 beats per minute. The data leaves some windows out, including windows with low coverage or missing data.	The result does not explain why heart-rate changed, and other daily windows matter.	{"schema_version":2,"context_reference_id":"ctx_1e491b22d65542a2","summary":"For focused project check-ins, the same heart-rate pattern appeared in 4 of 6 comparable event windows.","paragraphs":[{"text":"For focused project check-ins, the same direction appeared in 4 of 6 comparable event windows, with a usual difference of +2 beats per minute.","citations":["canonical_context","consistent_count","median_difference"]},{"text":"The data leaves some windows out, including windows with low coverage or missing data.","citations":["included_count","excluded_count","completeness"]}],"uncertainty":"The result does not explain why heart-rate changed, and other daily windows matter.","unresolved_influence_ids":["caffeine_timing","recent_exercise","unusual_stress"],"next_observation_id":null}
lora	152	null	what_is_missing	true	false		For focused project check-ins, there was no clear repeated heart-rate pattern.	For focused project check-ins, across 6 comparable event windows, the usual heart-rate difference was +2 beats per minute, which stayed small. The same direction appeared in 4 of 6, while 2 event windows did not match.	For focused project check-ins, there was no clear repeated heart-rate pattern.	For focused project check-ins, 6 of 12 comparable event windows were used. 4 of 6 event windows showed the same direction, while 2 did not match.	The result does not explain why heart-rate changed, and caffeine timing, recent exercise, or unusual stress may still matter.	{"schema_version":2,"context_reference_id":"ctx_1e491b22d65542a2","summary":"For focused project check-ins, there was no clear repeated heart-rate pattern.","paragraphs":[{"text":"For focused project check-ins, 6 of 12 comparable event windows were used.","citations":["canonical_context","candidate_count","included_count"]},{"text":"4 of 6 event windows showed the same direction, while 2 did not match.","citations":["consistent_count","counter_count"]}],"uncertainty":"The result does not explain why heart-rate changed, and caffeine timing, recent exercise, or unusual stress may still matter.","unresolved_influence_ids":["caffeine_timing","recent_exercise","unusual_stress"],"next_observation_id":null}
lora	153	null	what_disagrees	true	false		For focused project check-ins, there was no clear repeated heart-rate pattern.	For focused project check-ins, across 6 comparable event windows, the usual heart-rate difference was +2 beats per minute, which stayed small. The same direction appeared in 4 of 6, while 2 event windows did not match.	For focused project check-ins, the same heart-rate pattern appeared in 4 of 6 comparable event windows.	For focused project check-ins, the same direction appeared in 4 of 6 comparable event windows, with a usual difference of +2 beats per minute. The data leaves some windows out, including windows with missing or unreliable data.	The result does not explain why heart-rate changed, and other windows may matter.	{"schema_version":2,"context_reference_id":"ctx_1e491b22d65542a2","summary":"For focused project check-ins, the same heart-rate pattern appeared in 4 of 6 comparable event windows.","paragraphs":[{"text":"For focused project check-ins, the same direction appeared in 4 of 6 comparable event windows, with a usual difference of +2 beats per minute.","citations":["canonical_context","consistent_count","median_difference"]},{"text":"The data leaves some windows out, including windows with missing or unreliable data.","citations":["included_count","excluded_count"]}],"uncertainty":"The result does not explain why heart-rate changed, and other windows may matter.","unresolved_influence_ids":["caffeine_timing","recent_exercise","unusual_stress"],"next_observation_id":"log_context"}
lora	154	null	observe_next	true	false		For focused project check-ins, there was no clear repeated heart-rate pattern.	For focused project check-ins, across 6 comparable event windows, the usual heart-rate difference was +2 beats per minute, which stayed small. The same direction appeared in 4 of 6, while 2 event windows did not match.	For focused project check-ins, there was no clear repeated heart-rate pattern.	For focused project check-ins, across 6 comparable event windows, the usual heart-rate difference was +2 beats per minute. The same direction appeared in 4 of 6, while 2 event windows did not match.	The result does not explain why heart-rate changed, and caffeine timing, recent exercise, or unusual stress may matter.	{"schema_version":2,"context_reference_id":"ctx_1e491b22d65542a2","summary":"For focused project check-ins, there was no clear repeated heart-rate pattern.","paragraphs":[{"text":"For focused project check-ins, across 6 comparable event windows, the usual heart-rate difference was +2 beats per minute.","citations":["canonical_context","included_count","median_difference"]},{"text":"The same direction appeared in 4 of 6, while 2 event windows did not match.","citations":["consistent_count","counter_count"]}],"uncertainty":"The result does not explain why heart-rate changed, and caffeine timing, recent exercise, or unusual stress may matter.","unresolved_influence_ids":["caffeine_timing","recent_exercise","unusual_stress"],"next_observation_id":"log_context"}
lora	155	null	promotion_gate	false	true	paragraph_1_unknown_citations:['caffeine_timing', 'unusual_stress']	For focused project check-ins, there was no clear repeated heart-rate pattern.	For focused project check-ins, across 6 comparable event windows, the usual heart-rate difference was +2 beats per minute, which stayed small. The same direction appeared in 4 of 6, while 2 event windows did not match.	For focused project check-ins, the same heart-rate pattern appeared in 4 of 6 comparable event windows.	For focused project check-ins, the same direction appeared in 4 of 6 comparable windows, with a usual difference of +2 beats per minute. The data leaves some context unmeasured, including caffeine timing, recent exercise, and unusual stress.	The result cannot tell why heart rate changed, and other windows were left out.	{"schema_version":2,"context_reference_id":"ctx_1e491b22d65542a2","summary":"For focused project check-ins, the same heart-rate pattern appeared in 4 of 6 comparable event windows.","paragraphs":[{"text":"For focused project check-ins, the same direction appeared in 4 of 6 comparable windows, with a usual difference of +2 beats per minute.","citations":["canonical_context","consistent_count","median_difference"]},{"text":"The data leaves some context unmeasured, including caffeine timing, recent exercise, and unusual stress.","citations":["caffeine_timing","unusual_stress"]}],"uncertainty":"The result cannot tell why heart rate changed, and other windows were left out.","unresolved_influence_ids":["caffeine_timing","recent_exercise","unusual_stress"],"next_observation_id":"log_context"}
lora	156	null	explain	true	false		For late social screen use, there was no clear repeated heart-rate pattern.	For late social screen use, across 7 comparable event windows, the usual heart-rate difference was +1 beats per minute, which stayed small. The same direction appeared in 2 of 7, while 5 event windows did not match.	For late social screen use, the same heart-rate pattern appeared in 2 of 7 comparable event windows.	For late social screen use, the same direction appeared in 2 of 7 comparable windows. The usual heart-rate difference was +1 beats per minute, with a range of -3 to +5 beats per minute.	The result cannot account for caffeine timing, recent exercise, or unusual stress.	{"schema_version":2,"context_reference_id":"ctx_b0072ddb582d2e78","summary":"For late social screen use, the same heart-rate pattern appeared in 2 of 7 comparable event windows.","paragraphs":[{"text":"For late social screen use, the same direction appeared in 2 of 7 comparable windows.","citations":["canonical_context","consistent_count","included_count"]},{"text":"The usual heart-rate difference was +1 beats per minute, with a range of -3 to +5 beats per minute.","citations":["median_difference","effect_range"]}],"uncertainty":"The result cannot account for caffeine timing, recent exercise, or unusual stress.","unresolved_influence_ids":["caffeine_timing","recent_exercise","unusual_stress"],"next_observation_id":null}
lora	157	null	what_weakens	true	false		For late social screen use, there was no clear repeated heart-rate pattern.	For late social screen use, across 7 comparable event windows, the usual heart-rate difference was +1 beats per minute, which stayed small. The same direction appeared in 2 of 7, while 5 event windows did not match.	For late social screen use, the same heart-rate pattern appeared in 2 of 7 comparable event windows.	For late social screen use, the same direction appeared in 2 of 7 comparable windows. The usual heart-rate difference was +1 beats per minute, which stayed small.	The comparison leaves open what moved the heart rate, and other windows were left out.	{"schema_version":2,"context_reference_id":"ctx_b0072ddb582d2e78","summary":"For late social screen use, the same heart-rate pattern appeared in 2 of 7 comparable event windows.","paragraphs":[{"text":"For late social screen use, the same direction appeared in 2 of 7 comparable windows.","citations":["canonical_context","consistent_count","included_count"]},{"text":"The usual heart-rate difference was +1 beats per minute, which stayed small.","citations":["median_difference","control_count"]}],"uncertainty":"The comparison leaves open what moved the heart rate, and other windows were left out.","unresolved_influence_ids":["caffeine_timing","recent_exercise","unusual_stress"],"next_observation_id":null}
lora	158	null	what_is_missing	true	false		For late social screen use, there was no clear repeated heart-rate pattern.	For late social screen use, across 7 comparable event windows, the usual heart-rate difference was +1 beats per minute, which stayed small. The same direction appeared in 2 of 7, while 5 event windows did not match.	For late social screen use, there was no clear repeated heart-rate pattern. More comparable windows are needed.	For late social screen use, across 7 comparable event windows, the usual heart-rate difference was +1 beats per minute. The same direction appeared in 2 of 7, while 5 event windows did not match.	The comparison leaves out caffeine timing, recent exercise, and unusual stress.	{"schema_version":2,"context_reference_id":"ctx_b0072ddb582d2e78","summary":"For late social screen use, there was no clear repeated heart-rate pattern. More comparable windows are needed.","paragraphs":[{"text":"For late social screen use, across 7 comparable event windows, the usual heart-rate difference was +1 beats per minute.","citations":["canonical_context","included_count","median_difference"]},{"text":"The same direction appeared in 2 of 7, while 5 event windows did not match.","citations":["consistent_count","counter_count"]}],"uncertainty":"The comparison leaves out caffeine timing, recent exercise, and unusual stress.","unresolved_influence_ids":["caffeine_timing","recent_exercise","unusual_stress"],"next_observation_id":null}
lora	159	null	what_disagrees	true	false		For late social screen use, there was no clear repeated heart-rate pattern.	For late social screen use, across 7 comparable event windows, the usual heart-rate difference was +1 beats per minute, which stayed small. The same direction appeared in 2 of 7, while 5 event windows did not match.	For late social screen use, there was no clear repeated heart-rate pattern.	For late social screen use, across 7 comparable event windows, the usual heart-rate difference was +1 beats per minute. The same direction appeared in 2 of 7, while 5 event windows did not match.	The result does not explain why heart-rate changed, and other windows may matter.	{"schema_version":2,"context_reference_id":"ctx_b0072ddb582d2e78","summary":"For late social screen use, there was no clear repeated heart-rate pattern.","paragraphs":[{"text":"For late social screen use, across 7 comparable event windows, the usual heart-rate difference was +1 beats per minute.","citations":["canonical_context","included_count","median_difference"]},{"text":"The same direction appeared in 2 of 7, while 5 event windows did not match.","citations":["consistent_count","counter_count"]}],"uncertainty":"The result does not explain why heart-rate changed, and other windows may matter.","unresolved_influence_ids":["caffeine_timing","recent_exercise","unusual_stress"],"next_observation_id":null}
lora	160	null	observe_next	true	false		For late social screen use, there was no clear repeated heart-rate pattern.	For late social screen use, across 7 comparable event windows, the usual heart-rate difference was +1 beats per minute, which stayed small. The same direction appeared in 2 of 7, while 5 event windows did not match.	For late social screen use, there was no clear repeated heart-rate pattern.	For late social screen use, across 7 comparable event windows, the usual heart-rate difference was +1 beats per minute. The same direction appeared in 2 of 7, while 5 event windows did not match.	The result does not explain why heart rate changed, and other daily windows matter.	{"schema_version":2,"context_reference_id":"ctx_b0072ddb582d2e78","summary":"For late social screen use, there was no clear repeated heart-rate pattern.","paragraphs":[{"text":"For late social screen use, across 7 comparable event windows, the usual heart-rate difference was +1 beats per minute.","citations":["canonical_context","included_count","median_difference"]},{"text":"The same direction appeared in 2 of 7, while 5 event windows did not match.","citations":["consistent_count","counter_count"]}],"uncertainty":"The result does not explain why heart rate changed, and other daily windows matter.","unresolved_influence_ids":["caffeine_timing","recent_exercise","unusual_stress"],"next_observation_id":"log_context"}
lora	161	null	promotion_gate	true	false		For late social screen use, there was no clear repeated heart-rate pattern.	For late social screen use, across 7 comparable event windows, the usual heart-rate difference was +1 beats per minute, which stayed small. The same direction appeared in 2 of 7, while 5 event windows did not match.	For late social screen use, there was no clear repeated heart-rate pattern.	For late social screen use, across 7 comparable event windows, the usual heart-rate difference was +1 beats per minute. The same direction appeared in 2 of 7, while 5 event windows did not match.	The comparison leaves open what may have moved the heart rate.	{"schema_version":2,"context_reference_id":"ctx_b0072ddb582d2e78","summary":"For late social screen use, there was no clear repeated heart-rate pattern.","paragraphs":[{"text":"For late social screen use, across 7 comparable event windows, the usual heart-rate difference was +1 beats per minute.","citations":["canonical_context","included_count","median_difference"]},{"text":"The same direction appeared in 2 of 7, while 5 event windows did not match.","citations":["consistent_count","counter_count"]}],"uncertainty":"The comparison leaves open what may have moved the heart rate.","unresolved_influence_ids":["caffeine_timing","recent_exercise","unusual_stress"],"next_observation_id":null}
lora	162	null	explain	true	false		For calm evening music sessions, there was no clear repeated heart-rate pattern.	For calm evening music sessions, across 8 comparable event windows, the usual heart-rate difference was +1 beats per minute, which stayed small. The same direction appeared in 4 of 8, while 4 event windows did not match.	For calm evening music sessions, there was no clear repeated heart-rate pattern.	For calm evening music sessions, across 8 comparable event windows, the usual heart-rate difference was +1 beats per minute. The same direction appeared in 4 of 8, while 4 event windows did not match.	The result leaves open what may have moved the heart rate, including caffeine timing, recent exercise, or unusual stress.	{"schema_version":2,"context_reference_id":"ctx_45225a8ce9f6af05","summary":"For calm evening music sessions, there was no clear repeated heart-rate pattern.","paragraphs":[{"text":"For calm evening music sessions, across 8 comparable event windows, the usual heart-rate difference was +1 beats per minute.","citations":["canonical_context","included_count","median_difference"]},{"text":"The same direction appeared in 4 of 8, while 4 event windows did not match.","citations":["consistent_count","counter_count"]}],"uncertainty":"The result leaves open what may have moved the heart rate, including caffeine timing, recent exercise, or unusual stress.","unresolved_influence_ids":["caffeine_timing","recent_exercise","unusual_stress"],"next_observation_id":null}
lora	163	null	what_weakens	true	false		For calm evening music sessions, there was no clear repeated heart-rate pattern.	For calm evening music sessions, across 8 comparable event windows, the usual heart-rate difference was +1 beats per minute, which stayed small. The same direction appeared in 4 of 8, while 4 event windows did not match.	For calm evening music sessions, there was no clear repeated heart-rate pattern.	For calm evening music sessions, across 8 comparable event windows, the usual heart-rate difference was +1 beats per minute. The same direction appeared in 4 of 8, while 4 event windows did not match.	The comparison leaves open what caffeine timing, recent exercise, or unusual stress may have played a role.	{"schema_version":2,"context_reference_id":"ctx_45225a8ce9f6af05","summary":"For calm evening music sessions, there was no clear repeated heart-rate pattern.","paragraphs":[{"text":"For calm evening music sessions, across 8 comparable event windows, the usual heart-rate difference was +1 beats per minute.","citations":["canonical_context","included_count","median_difference"]},{"text":"The same direction appeared in 4 of 8, while 4 event windows did not match.","citations":["consistent_count","counter_count"]}],"uncertainty":"The comparison leaves open what caffeine timing, recent exercise, or unusual stress may have played a role.","unresolved_influence_ids":["caffeine_timing","recent_exercise","unusual_stress"],"next_observation_id":null}
lora	164	null	what_is_missing	true	false		For calm evening music sessions, there was no clear repeated heart-rate pattern.	For calm evening music sessions, across 8 comparable event windows, the usual heart-rate difference was +1 beats per minute, which stayed small. The same direction appeared in 4 of 8, while 4 event windows did not match.	For calm evening music sessions, there was no clear repeated heart-rate pattern.	For calm evening music sessions, across 8 comparable event windows, the usual heart-rate difference was +1 beats per minute. The same direction appeared in 4 of 8, while 4 event windows did not match.	The comparison leaves some context unmeasured, including caffeine timing, recent exercise, and unusual stress.	{"schema_version":2,"context_reference_id":"ctx_45225a8ce9f6af05","summary":"For calm evening music sessions, there was no clear repeated heart-rate pattern.","paragraphs":[{"text":"For calm evening music sessions, across 8 comparable event windows, the usual heart-rate difference was +1 beats per minute.","citations":["canonical_context","included_count","median_difference"]},{"text":"The same direction appeared in 4 of 8, while 4 event windows did not match.","citations":["consistent_count","counter_count"]}],"uncertainty":"The comparison leaves some context unmeasured, including caffeine timing, recent exercise, and unusual stress.","unresolved_influence_ids":["caffeine_timing","recent_exercise","unusual_stress"],"next_observation_id":null}
lora	165	null	what_disagrees	true	false		For calm evening music sessions, there was no clear repeated heart-rate pattern.	For calm evening music sessions, across 8 comparable event windows, the usual heart-rate difference was +1 beats per minute, which stayed small. The same direction appeared in 4 of 8, while 4 event windows did not match.	For calm evening music sessions, there was no clear repeated heart-rate pattern.	For calm evening music sessions, across 8 comparable event windows, the usual heart-rate difference was +1 beats per minute. The same direction appeared in 4 of 8, while 4 event windows did not match.	The result does not explain why heart-rate changed, and caffeine timing, recent exercise, or unusual stress were not available for these comparisons.	{"schema_version":2,"context_reference_id":"ctx_45225a8ce9f6af05","summary":"For calm evening music sessions, there was no clear repeated heart-rate pattern.","paragraphs":[{"text":"For calm evening music sessions, across 8 comparable event windows, the usual heart-rate difference was +1 beats per minute.","citations":["canonical_context","included_count","median_difference"]},{"text":"The same direction appeared in 4 of 8, while 4 event windows did not match.","citations":["consistent_count","counter_count"]}],"uncertainty":"The result does not explain why heart-rate changed, and caffeine timing, recent exercise, or unusual stress were not available for these comparisons.","unresolved_influence_ids":["caffeine_timing","recent_exercise","unusual_stress"],"next_observation_id":null}
lora	166	null	observe_next	true	false		For calm evening music sessions, there was no clear repeated heart-rate pattern.	For calm evening music sessions, across 8 comparable event windows, the usual heart-rate difference was +1 beats per minute, which stayed small. The same direction appeared in 4 of 8, while 4 event windows did not match.	For calm evening music sessions, there was no clear repeated heart-rate pattern.	For calm evening music sessions, across 8 comparable event windows, the usual heart-rate difference was +1 beats per minute. The same direction appeared in 4 of 8, while 4 event windows did not match.	The result does not explain why heart-rate changed, and caffeine timing, recent exercise, or unusual stress were not available.	{"schema_version":2,"context_reference_id":"ctx_45225a8ce9f6af05","summary":"For calm evening music sessions, there was no clear repeated heart-rate pattern.","paragraphs":[{"text":"For calm evening music sessions, across 8 comparable event windows, the usual heart-rate difference was +1 beats per minute.","citations":["canonical_context","included_count","median_difference"]},{"text":"The same direction appeared in 4 of 8, while 4 event windows did not match.","citations":["consistent_count","counter_count"]}],"uncertainty":"The result does not explain why heart-rate changed, and caffeine timing, recent exercise, or unusual stress were not available.","unresolved_influence_ids":["caffeine_timing","recent_exercise","unusual_stress"],"next_observation_id":"log_context"}
lora	167	null	promotion_gate	true	false		For calm evening music sessions, there was no clear repeated heart-rate pattern.	For calm evening music sessions, across 8 comparable event windows, the usual heart-rate difference was +1 beats per minute, which stayed small. The same direction appeared in 4 of 8, while 4 event windows did not match.	For calm evening music sessions, there was no clear repeated heart-rate pattern.	For calm evening music sessions, across 8 comparable event windows, the usual heart-rate difference was +1 beats per minute. The same direction appeared in 4 of 8, while 4 event windows did not match.	The comparison leaves open what caffeine timing, recent exercise, or unusual stress may have played a role.	{"schema_version":2,"context_reference_id":"ctx_45225a8ce9f6af05","summary":"For calm evening music sessions, there was no clear repeated heart-rate pattern.","paragraphs":[{"text":"For calm evening music sessions, across 8 comparable event windows, the usual heart-rate difference was +1 beats per minute.","citations":["canonical_context","included_count","median_difference"]},{"text":"The same direction appeared in 4 of 8, while 4 event windows did not match.","citations":["consistent_count","counter_count"]}],"uncertainty":"The comparison leaves open what caffeine timing, recent exercise, or unusual stress may have played a role.","unresolved_influence_ids":["caffeine_timing","recent_exercise","unusual_stress"],"next_observation_id":null}
lora	168	supported	explain	true	false		For late competitive game sessions, the same heart-rate pattern appeared in 8 of 9 comparable windows. It stands out here.	For late competitive game sessions, 8 of 9 comparable event windows showed the same direction. The usual heart-rate difference was -9 beats per minute. Out of 10 event windows checked, 9 could be compared and 1 were left out for data quality.	For late competitive game sessions, there was a usable pattern, though it needs more comparable windows.	For late competitive game sessions, 8 of 9 comparable event windows showed the same direction. The usual heart-rate difference was -9 beats per minute. Data was available for 81% of what was needed, with 1 event window left out.	Caffeine timing, recent exercise, or unusual stress may still matter for these windows.	{"schema_version":2,"context_reference_id":"ctx_ea56513fc9459e87","summary":"For late competitive game sessions, there was a usable pattern, though it needs more comparable windows.","paragraphs":[{"text":"For late competitive game sessions, 8 of 9 comparable event windows showed the same direction.","citations":["canonical_context","consistent_count","included_count"]},{"text":"The usual heart-rate difference was -9 beats per minute. Data was available for 81% of what was needed, with 1 event window left out.","citations":["median_difference","completeness","excluded_count"]}],"uncertainty":"Caffeine timing, recent exercise, or unusual stress may still matter for these windows.","unresolved_influence_ids":["caffeine_timing","recent_exercise","unusual_stress"],"next_observation_id":null}
lora	169	supported	what_weakens	true	false		For late competitive game sessions, the same heart-rate pattern appeared in 8 of 9 comparable windows. It stands out here.	For late competitive game sessions, the same direction appeared in 8 of 9 comparable event windows. The usual difference was -9 beats per minute. The check used 9 of 10 event windows after 1 were left out for missing or unreliable data.	For late competitive game sessions, there was no clear repeated heart-rate pattern.	For late competitive game sessions, across 9 comparable event windows, the usual heart-rate difference was -9 beats per minute. The same direction appeared in 8 of 9, while 1 event windows did not match.	The result leaves open what may have moved the heart rate, including caffeine timing, recent exercise, or unusual stress.	{"schema_version":2,"context_reference_id":"ctx_ea56513fc9459e87","summary":"For late competitive game sessions, there was no clear repeated heart-rate pattern.","paragraphs":[{"text":"For late competitive game sessions, across 9 comparable event windows, the usual heart-rate difference was -9 beats per minute.","citations":["canonical_context","included_count","median_difference"]},{"text":"The same direction appeared in 8 of 9, while 1 event windows did not match.","citations":["consistent_count","counter_count"]}],"uncertainty":"The result leaves open what may have moved the heart rate, including caffeine timing, recent exercise, or unusual stress.","unresolved_influence_ids":["caffeine_timing","recent_exercise","unusual_stress"],"next_observation_id":null}
lora	170	supported	what_is_missing	true	false		For late competitive game sessions, the same heart-rate pattern appeared in 8 of 9 comparable windows. It stands out here.	For late competitive game sessions, 8 of 9 comparable event windows showed the same direction. The usual heart-rate difference was -9 beats per minute. Out of 10 event windows checked, 9 could be compared and 1 were left out for data quality.	For late competitive game sessions, there was no clear repeated heart-rate pattern. More comparable windows are needed.	For late competitive game sessions, the same direction appeared in 8 of 9 comparable event windows. The usual heart-rate difference was -9 beats per minute. The data leaves out 1 event windows for missing or unreliable data, and 1 was left out for other reasons.	The comparison cannot account for caffeine timing, recent exercise, or unusual stress.	{"schema_version":2,"context_reference_id":"ctx_ea56513fc9459e87","summary":"For late competitive game sessions, there was no clear repeated heart-rate pattern. More comparable windows are needed.","paragraphs":[{"text":"For late competitive game sessions, the same direction appeared in 8 of 9 comparable event windows. The usual heart-rate difference was -9 beats per minute.","citations":["canonical_context","consistent_count","median_difference"]},{"text":"The data leaves out 1 event windows for missing or unreliable data, and 1 was left out for other reasons.","citations":["excluded_count"]}],"uncertainty":"The comparison cannot account for caffeine timing, recent exercise, or unusual stress.","unresolved_influence_ids":["caffeine_timing","recent_exercise","unusual_stress"],"next_observation_id":null}
lora	171	supported	what_disagrees	true	false		For late competitive game sessions, the same heart-rate pattern appeared in 8 of 9 comparable windows. It stands out here.	For late competitive game sessions, 8 of 9 event windows moved in the same direction. Their usual heart-rate difference was -9 beats per minute. There were 10 event windows to review. 9 were usable, while 1 did not meet the data check.	For late competitive game sessions, there was a usable pattern, though it needs more comparable windows.	For late competitive game sessions, 8 of 9 comparable event windows showed the same direction. The usual heart-rate difference was -9 beats per minute. Data was available for 81% of what was needed, with 1 event window left out.	The result cannot capture why a heart rate changed, and other windows may matter.	{"schema_version":2,"context_reference_id":"ctx_ea56513fc9459e87","summary":"For late competitive game sessions, there was a usable pattern, though it needs more comparable windows.","paragraphs":[{"text":"For late competitive game sessions, 8 of 9 comparable event windows showed the same direction.","citations":["canonical_context","consistent_count","included_count"]},{"text":"The usual heart-rate difference was -9 beats per minute. Data was available for 81% of what was needed, with 1 event window left out.","citations":["median_difference","completeness","excluded_count"]}],"uncertainty":"The result cannot capture why a heart rate changed, and other windows may matter.","unresolved_influence_ids":["caffeine_timing","recent_exercise","unusual_stress"],"next_observation_id":null}
lora	172	supported	observe_next	true	false		For late competitive game sessions, the same heart-rate pattern appeared in 8 of 9 comparable windows. It stands out here.	For late competitive game sessions, the same direction appeared in 8 of 9 comparable event windows. The usual difference was -9 beats per minute. The check used 9 of 10 event windows after 1 were left out for missing or unreliable data.	For late competitive game sessions, there was a usable pattern, though it needs more comparable windows.	For late competitive game sessions, 8 of 9 comparable event windows showed the same direction. The usual heart-rate difference was -9 beats per minute. Data was available for 81% of what was needed.	The comparison leaves open what drove the heart-rate change, including caffeine timing, recent exercise, or unusual stress.	{"schema_version":2,"context_reference_id":"ctx_ea56513fc9459e87","summary":"For late competitive game sessions, there was a usable pattern, though it needs more comparable windows.","paragraphs":[{"text":"For late competitive game sessions, 8 of 9 comparable event windows showed the same direction.","citations":["canonical_context","consistent_count","included_count"]},{"text":"The usual heart-rate difference was -9 beats per minute. Data was available for 81% of what was needed.","citations":["median_difference","completeness"]}],"uncertainty":"The comparison leaves open what drove the heart-rate change, including caffeine timing, recent exercise, or unusual stress.","unresolved_influence_ids":["caffeine_timing","recent_exercise","unusual_stress"],"next_observation_id":"log_context"}
lora	173	supported	promotion_gate	true	false		For late competitive game sessions, the same heart-rate pattern appeared in 8 of 9 comparable windows. It stands out here.	For late competitive game sessions, the same direction appeared in 8 of 9 comparable event windows. The usual difference was -9 beats per minute. The check used 9 of 10 event windows after 1 were left out for missing or unreliable data.	For late competitive game sessions, there was a usable pattern, though it needs more comparable windows.	For late competitive game sessions, 8 of 9 comparable event windows showed the same direction. The usual heart-rate difference was -9 beats per minute, with a range of -14 to -4 beats per minute.	The comparison cannot account for caffeine timing, recent exercise, or unusual stress.	{"schema_version":2,"context_reference_id":"ctx_ea56513fc9459e87","summary":"For late competitive game sessions, there was a usable pattern, though it needs more comparable windows.","paragraphs":[{"text":"For late competitive game sessions, 8 of 9 comparable event windows showed the same direction.","citations":["canonical_context","consistent_count","included_count"]},{"text":"The usual heart-rate difference was -9 beats per minute, with a range of -14 to -4 beats per minute.","citations":["median_difference","effect_range"]}],"uncertainty":"The comparison cannot account for caffeine timing, recent exercise, or unusual stress.","unresolved_influence_ids":["caffeine_timing","recent_exercise","unusual_stress"],"next_observation_id":null}
lora	174	supported	explain	true	false		For evening hydration entries, the same heart-rate pattern appeared in 5 of 6 comparable windows. It stands out here.	For evening hydration entries, the same direction appeared in 5 of 6 comparable event windows. The usual difference was +7 beats per minute. The check used 6 of 9 event windows after 3 were left out for missing or unreliable data.	For evening hydration entries, there was a repeated heart-rate pattern. It stands out here.	For evening hydration entries, 5 of 6 comparable event windows showed the same direction. The usual heart-rate difference was +7 beats per minute.	The result cannot capture why a heart rate changed, and other windows were left out.	{"schema_version":2,"context_reference_id":"ctx_286bb93e6f40cc94","summary":"For evening hydration entries, there was a repeated heart-rate pattern. It stands out here.","paragraphs":[{"text":"For evening hydration entries, 5 of 6 comparable event windows showed the same direction.","citations":["canonical_context","consistent_count","included_count"]},{"text":"The usual heart-rate difference was +7 beats per minute.","citations":["median_difference"]}],"uncertainty":"The result cannot capture why a heart rate changed, and other windows were left out.","unresolved_influence_ids":["caffeine_timing","recent_exercise","unusual_stress"],"next_observation_id":"log_context"}
lora	175	supported	what_weakens	true	false		For evening hydration entries, the same heart-rate pattern appeared in 5 of 6 comparable windows. It stands out here.	For evening hydration entries, 5 of 6 comparable event windows showed the same direction. The usual heart-rate difference was +7 beats per minute. Out of 9 event windows checked, 6 could be compared and 3 were left out for data quality.	For evening hydration entries, the same heart-rate pattern appeared in 5 of 6 comparable event windows.	For evening hydration entries, 5 of 6 comparable event windows showed the same direction. The usual heart-rate difference was +7 beats per minute, which stayed small.	The result leaves open what drove the windows, and caffeine timing or recent exercise may matter.	{"schema_version":2,"context_reference_id":"ctx_286bb93e6f40cc94","summary":"For evening hydration entries, the same heart-rate pattern appeared in 5 of 6 comparable event windows.","paragraphs":[{"text":"For evening hydration entries, 5 of 6 comparable event windows showed the same direction.","citations":["canonical_context","consistent_count","included_count"]},{"text":"The usual heart-rate difference was +7 beats per minute, which stayed small.","citations":["median_difference","control_count"]}],"uncertainty":"The result leaves open what drove the windows, and caffeine timing or recent exercise may matter.","unresolved_influence_ids":["caffeine_timing","recent_exercise","unusual_stress"],"next_observation_id":"log_context"}
lora	176	supported	what_is_missing	false	true	invalid_schema:1	For evening hydration entries, the same heart-rate pattern appeared in 5 of 6 comparable windows. It stands out here.	For evening hydration entries, 5 of 6 comparable event windows showed the same direction. The usual heart-rate difference was +7 beats per minute. Out of 9 event windows checked, 6 could be compared and 3 were left out for data quality.	[unparseable]	[unparseable]	[unparseable]	{"schema_version":2,"context_reference_id":"ctx_286bb93e6f40cc94","summary":"For evening hydration entries, there was no clear repeated heart-rate pattern. More comparable windows are needed.","paragraphs":[{"text":"For evening hydration entries, 5 of 6 comparable event windows showed the same direction. The usual heart-rate difference was +7 beats per minute.","citations":["canonical_context","consistent_count","median_difference"]},{"text":"The same direction appeared in 5 of 6 event windows, though 1 did not match. Data was available for 86% of what was needed, with 3 event windows left out.","citations":["canonical_context","consistent_count","included_count","counter_count","completeness","excluded_count"]}],"uncertainty":"The result cannot account for caffeine timing, recent exercise, or unusual stress.","unresolved_influence_ids":["caffeine_timing","recent_exercise","unusual_stress"],"next_observation_id":null}
lora	177	supported	what_disagrees	true	false		For evening hydration entries, the same heart-rate pattern appeared in 5 of 6 comparable windows. It stands out here.	For evening hydration entries, 5 of 6 event windows moved in the same direction. Their usual heart-rate difference was +7 beats per minute. There were 9 event windows to review. 6 were usable, while 3 did not meet the data check.	For evening hydration entries, there was a repeated heart-rate pattern.	For evening hydration entries, 5 of 6 comparable event windows showed the same direction. The usual heart-rate difference was +7 beats per minute.	The result does not explain why heart rate changed, and other windows matter.	{"schema_version":2,"context_reference_id":"ctx_286bb93e6f40cc94","summary":"For evening hydration entries, there was a repeated heart-rate pattern.","paragraphs":[{"text":"For evening hydration entries, 5 of 6 comparable event windows showed the same direction.","citations":["canonical_context","consistent_count","included_count"]},{"text":"The usual heart-rate difference was +7 beats per minute.","citations":["median_difference"]}],"uncertainty":"The result does not explain why heart rate changed, and other windows matter.","unresolved_influence_ids":["caffeine_timing","recent_exercise","unusual_stress"],"next_observation_id":"log_context"}
lora	178	supported	observe_next	true	false		For evening hydration entries, the same heart-rate pattern appeared in 5 of 6 comparable windows. It stands out here.	For evening hydration entries, 5 of 6 comparable event windows showed the same direction. The usual heart-rate difference was +7 beats per minute. Out of 9 event windows checked, 6 could be compared and 3 were left out for data quality.	For evening hydration entries, there was a repeated heart-rate pattern. Repeat the same check next.	For evening hydration entries, 5 of 6 comparable event windows showed the same direction. The usual heart-rate difference was +7 beats per minute. Data was available for 86% of what was needed.	The comparison leaves open what drove the windows, including caffeine timing, recent exercise, or unusual stress.	{"schema_version":2,"context_reference_id":"ctx_286bb93e6f40cc94","summary":"For evening hydration entries, there was a repeated heart-rate pattern. Repeat the same check next.","paragraphs":[{"text":"For evening hydration entries, 5 of 6 comparable event windows showed the same direction.","citations":["canonical_context","consistent_count","included_count"]},{"text":"The usual heart-rate difference was +7 beats per minute. Data was available for 86% of what was needed.","citations":["median_difference","completeness"]}],"uncertainty":"The comparison leaves open what drove the windows, including caffeine timing, recent exercise, or unusual stress.","unresolved_influence_ids":["caffeine_timing","recent_exercise","unusual_stress"],"next_observation_id":"log_context"}
lora	179	supported	promotion_gate	true	false		For evening hydration entries, the same heart-rate pattern appeared in 5 of 6 comparable windows. It stands out here.	For evening hydration entries, 5 of 6 event windows moved in the same direction. Their usual heart-rate difference was +7 beats per minute. There were 9 event windows to review. 6 were usable, while 3 did not meet the data check.	For evening hydration entries, there was a repeated heart-rate pattern, though it needs more comparable windows.	For evening hydration entries, 5 of 6 comparable event windows showed the same direction. The usual heart-rate difference was +7 beats per minute, which stayed small.	The comparison cannot account for caffeine timing, recent exercise, or unusual stress.	{"schema_version":2,"context_reference_id":"ctx_286bb93e6f40cc94","summary":"For evening hydration entries, there was a repeated heart-rate pattern, though it needs more comparable windows.","paragraphs":[{"text":"For evening hydration entries, 5 of 6 comparable event windows showed the same direction.","citations":["canonical_context","consistent_count","included_count"]},{"text":"The usual heart-rate difference was +7 beats per minute, which stayed small.","citations":["median_difference","control_count"]}],"uncertainty":"The comparison cannot account for caffeine timing, recent exercise, or unusual stress.","unresolved_influence_ids":["caffeine_timing","recent_exercise","unusual_stress"],"next_observation_id":null}
lora	180	supported	explain	true	false		For journal entries tagged mentally demanding, the same heart-rate pattern appeared in 5 of 5 comparable windows. It stands out here.	For journal entries tagged mentally demanding, 5 of 5 event windows moved in the same direction. Their usual heart-rate difference was -9 beats per minute. There were 8 event windows to review. 5 were usable, while 3 did not meet the data check.	For journal entries tagged mentally demanding, there was a repeated heart-rate pattern.	For journal entries tagged mentally demanding, 5 of 5 comparable event windows showed the same direction. The usual heart-rate difference was -9 beats per minute. Data was available for 91% of what was needed.	The result does not explain why heart-rate changed, and caffeine timing, recent exercise, or unusual stress may matter.	{"schema_version":2,"context_reference_id":"ctx_57d2e5768293a286","summary":"For journal entries tagged mentally demanding, there was a repeated heart-rate pattern.","paragraphs":[{"text":"For journal entries tagged mentally demanding, 5 of 5 comparable event windows showed the same direction.","citations":["canonical_context","consistent_count","included_count"]},{"text":"The usual heart-rate difference was -9 beats per minute. Data was available for 91% of what was needed.","citations":["median_difference","completeness"]}],"uncertainty":"The result does not explain why heart-rate changed, and caffeine timing, recent exercise, or unusual stress may matter.","unresolved_influence_ids":["caffeine_timing","recent_exercise","unusual_stress"],"next_observation_id":"log_context"}
lora	181	supported	what_weakens	true	false		For journal entries tagged mentally demanding, the same heart-rate pattern appeared in 5 of 5 comparable windows. It stands out here.	For journal entries tagged mentally demanding, 5 of 5 comparable event windows showed the same direction. The usual heart-rate difference was -9 beats per minute. Out of 8 event windows checked, 5 could be compared and 3 were left out for data quality.	For journal entries tagged mentally demanding, there was no clear repeated heart-rate pattern.	For journal entries tagged mentally demanding, 5 of 5 comparable event windows showed the same direction. The usual heart-rate difference was -9 beats per minute, with a range of -11 to -7 beats per minute.	The comparison leaves open what may have moved the heart rate, including caffeine timing, recent exercise, or unusual stress.	{"schema_version":2,"context_reference_id":"ctx_57d2e5768293a286","summary":"For journal entries tagged mentally demanding, there was no clear repeated heart-rate pattern.","paragraphs":[{"text":"For journal entries tagged mentally demanding, 5 of 5 comparable event windows showed the same direction.","citations":["canonical_context","consistent_count","included_count"]},{"text":"The usual heart-rate difference was -9 beats per minute, with a range of -11 to -7 beats per minute.","citations":["median_difference","effect_range"]}],"uncertainty":"The comparison leaves open what may have moved the heart rate, including caffeine timing, recent exercise, or unusual stress.","unresolved_influence_ids":["caffeine_timing","recent_exercise","unusual_stress"],"next_observation_id":null}
lora	182	supported	what_is_missing	false	true	paragraph_0_unsupported_numbers:['-9']	For journal entries tagged mentally demanding, the same heart-rate pattern appeared in 5 of 5 comparable windows. It stands out here.	For journal entries tagged mentally demanding, 5 of 5 comparable event windows showed the same direction. The usual heart-rate difference was -9 beats per minute. Out of 8 event windows checked, 5 could be compared and 3 were left out for data quality.	For journal entries tagged mentally demanding, there was a usable pattern, though it needs more comparable windows.	For journal entries tagged mentally demanding, 5 of 5 comparable event windows appeared, with a usual heart-rate difference of -9 beats per minute. The same direction appeared in 5 of 5, while 0 event windows did not match.	The comparison leaves open what caffeine timing, recent exercise, or unusual stress may have played a role.	{"schema_version":2,"context_reference_id":"ctx_57d2e5768293a286","summary":"For journal entries tagged mentally demanding, there was a usable pattern, though it needs more comparable windows.","paragraphs":[{"text":"For journal entries tagged mentally demanding, 5 of 5 comparable event windows appeared, with a usual heart-rate difference of -9 beats per minute.","citations":["canonical_context","included_count","consistent_count"]},{"text":"The same direction appeared in 5 of 5, while 0 event windows did not match.","citations":["consistent_count","counter_count"]}],"uncertainty":"The comparison leaves open what caffeine timing, recent exercise, or unusual stress may have played a role.","unresolved_influence_ids":["caffeine_timing","recent_exercise","unusual_stress"],"next_observation_id":null}
lora	183	supported	what_disagrees	false	true	paragraph_0_unsupported_numbers:['-9']	For journal entries tagged mentally demanding, the same heart-rate pattern appeared in 5 of 5 comparable windows. It stands out here.	For journal entries tagged mentally demanding, the same direction appeared in 5 of 5 comparable event windows. The usual difference was -9 beats per minute. The check used 5 of 8 event windows after 3 were left out for missing or unreliable data.	For journal entries tagged mentally demanding, there was a usable pattern, though it needs more comparable windows.	For journal entries tagged mentally demanding, 5 of 5 event windows compared, with a usual heart-rate difference of -9 beats per minute. The same direction appeared in 5 of 5, while 0 event windows did not match.	The result cannot capture caffeine timing, recent exercise, or unusual stress.	{"schema_version":2,"context_reference_id":"ctx_57d2e5768293a286","summary":"For journal entries tagged mentally demanding, there was a usable pattern, though it needs more comparable windows.","paragraphs":[{"text":"For journal entries tagged mentally demanding, 5 of 5 event windows compared, with a usual heart-rate difference of -9 beats per minute.","citations":["canonical_context","included_count","consistent_count"]},{"text":"The same direction appeared in 5 of 5, while 0 event windows did not match.","citations":["consistent_count","counter_count"]}],"uncertainty":"The result cannot capture caffeine timing, recent exercise, or unusual stress.","unresolved_influence_ids":["caffeine_timing","recent_exercise","unusual_stress"],"next_observation_id":null}
lora	184	supported	observe_next	true	false		For journal entries tagged mentally demanding, the same heart-rate pattern appeared in 5 of 5 comparable windows. It stands out here.	For journal entries tagged mentally demanding, 5 of 5 event windows moved in the same direction. Their usual heart-rate difference was -9 beats per minute. There were 8 event windows to review. 5 were usable, while 3 did not meet the data check.	For journal entries tagged mentally demanding, the same heart-rate pattern appeared in 5 of 5 comparable event windows.	For journal entries tagged mentally demanding, 5 of 5 event windows showed the same direction. The usual heart-rate difference was -9 beats per minute, with a range of -11 to -7 beats per minute.	The result does not explain why heart rate changed, and caffeine timing, recent exercise, or unusual stress were not captured.	{"schema_version":2,"context_reference_id":"ctx_57d2e5768293a286","summary":"For journal entries tagged mentally demanding, the same heart-rate pattern appeared in 5 of 5 comparable event windows.","paragraphs":[{"text":"For journal entries tagged mentally demanding, 5 of 5 event windows showed the same direction.","citations":["canonical_context","consistent_count","included_count"]},{"text":"The usual heart-rate difference was -9 beats per minute, with a range of -11 to -7 beats per minute.","citations":["median_difference","effect_range"]}],"uncertainty":"The result does not explain why heart rate changed, and caffeine timing, recent exercise, or unusual stress were not captured.","unresolved_influence_ids":["caffeine_timing","recent_exercise","unusual_stress"],"next_observation_id":"log_context"}
lora	185	supported	promotion_gate	true	false		For journal entries tagged mentally demanding, the same heart-rate pattern appeared in 5 of 5 comparable windows. It stands out here.	For journal entries tagged mentally demanding, the same direction appeared in 5 of 5 comparable event windows. The usual difference was -9 beats per minute. The check used 5 of 8 event windows after 3 were left out for missing or unreliable data.	For journal entries tagged mentally demanding, the same heart-rate pattern appeared in 5 of 5 comparable event windows.	For journal entries tagged mentally demanding, 5 of 5 event windows showed the same direction. The usual heart-rate difference was -9 beats per minute, with a range of -11 to -7 beats per minute.	The result cannot capture why heart rate changed, and other context was missing.	{"schema_version":2,"context_reference_id":"ctx_57d2e5768293a286","summary":"For journal entries tagged mentally demanding, the same heart-rate pattern appeared in 5 of 5 comparable event windows.","paragraphs":[{"text":"For journal entries tagged mentally demanding, 5 of 5 event windows showed the same direction.","citations":["canonical_context","consistent_count","included_count"]},{"text":"The usual heart-rate difference was -9 beats per minute, with a range of -11 to -7 beats per minute.","citations":["median_difference","effect_range"]}],"uncertainty":"The result cannot capture why heart rate changed, and other context was missing.","unresolved_influence_ids":["caffeine_timing","recent_exercise","unusual_stress"],"next_observation_id":null}
lora	186	supported	explain	true	false		For short daytime calls with close contact, the same heart-rate pattern appeared in 5 of 6 comparable windows. It stands out here.	For short daytime calls with close contact, the same direction appeared in 5 of 6 comparable event windows. The usual difference was +7 beats per minute. The check used 6 of 11 event windows after 5 were left out for missing or unreliable data.	For short daytime calls with close contact, there was no clear repeated heart-rate pattern.	For short daytime calls with close contact, 5 of 6 comparable event windows showed the same direction. The usual heart-rate difference was +7 beats per minute. Data was available for 83% of what was needed, though 5 event windows were left out for data quality.	The result does not explain why heart-rate changed, and other daily windows matter.	{"schema_version":2,"context_reference_id":"ctx_1a703f3a89c0a724","summary":"For short daytime calls with close contact, there was no clear repeated heart-rate pattern.","paragraphs":[{"text":"For short daytime calls with close contact, 5 of 6 comparable event windows showed the same direction.","citations":["canonical_context","consistent_count","included_count"]},{"text":"The usual heart-rate difference was +7 beats per minute. Data was available for 83% of what was needed, though 5 event windows were left out for data quality.","citations":["median_difference","completeness","excluded_count"]}],"uncertainty":"The result does not explain why heart-rate changed, and other daily windows matter.","unresolved_influence_ids":["caffeine_timing","recent_exercise","unusual_stress"],"next_observation_id":null}
lora	187	supported	what_weakens	true	false		For short daytime calls with close contact, the same heart-rate pattern appeared in 5 of 6 comparable windows. It stands out here.	For short daytime calls with close contact, 5 of 6 comparable event windows showed the same direction. The usual heart-rate difference was +7 beats per minute. Out of 11 event windows checked, 6 could be compared and 5 were left out for data quality.	For short daytime calls with close contact, the same heart-rate pattern appeared in 5 of 6 comparable event windows.	For short daytime calls with close contact, the same direction appeared in 5 of 6 comparable windows. The usual heart-rate difference was +7 beats per minute, with a range of +1 to +13 beats per minute.	The result leaves open what may have moved the heart rate, including caffeine timing, recent exercise, or unusual stress.	{"schema_version":2,"context_reference_id":"ctx_1a703f3a89c0a724","summary":"For short daytime calls with close contact, the same heart-rate pattern appeared in 5 of 6 comparable event windows.","paragraphs":[{"text":"For short daytime calls with close contact, the same direction appeared in 5 of 6 comparable windows.","citations":["canonical_context","consistent_count","included_count"]},{"text":"The usual heart-rate difference was +7 beats per minute, with a range of +1 to +13 beats per minute.","citations":["median_difference","effect_range"]}],"uncertainty":"The result leaves open what may have moved the heart rate, including caffeine timing, recent exercise, or unusual stress.","unresolved_influence_ids":["caffeine_timing","recent_exercise","unusual_stress"],"next_observation_id":null}
lora	188	supported	what_is_missing	true	false		For short daytime calls with close contact, the same heart-rate pattern appeared in 5 of 6 comparable windows. It stands out here.	For short daytime calls with close contact, 5 of 6 comparable event windows showed the same direction. The usual heart-rate difference was +7 beats per minute. Out of 11 event windows checked, 6 could be compared and 5 were left out for data quality.	For short daytime calls with close contact, there was a usable pattern, though some windows were left out.	For short daytime calls with close contact, 6 of 11 checked event windows could be compared. The usual heart-rate difference was +7 beats per minute, which stayed small.	The comparison leaves out caffeine timing, recent exercise, and unusual stress.	{"schema_version":2,"context_reference_id":"ctx_1a703f3a89c0a724","summary":"For short daytime calls with close contact, there was a usable pattern, though some windows were left out.","paragraphs":[{"text":"For short daytime calls with close contact, 6 of 11 checked event windows could be compared.","citations":["canonical_context","candidate_count","included_count"]},{"text":"The usual heart-rate difference was +7 beats per minute, which stayed small.","citations":["median_difference"]}],"uncertainty":"The comparison leaves out caffeine timing, recent exercise, and unusual stress.","unresolved_influence_ids":["caffeine_timing","recent_exercise","unusual_stress"],"next_observation_id":null}
lora	189	supported	what_disagrees	true	false		For short daytime calls with close contact, the same heart-rate pattern appeared in 5 of 6 comparable windows. It stands out here.	For short daytime calls with close contact, 5 of 6 comparable event windows showed the same direction. The usual heart-rate difference was +7 beats per minute. Out of 11 event windows checked, 6 could be compared and 5 were left out for data quality.	For short daytime calls with close contact, the same heart-rate pattern appeared in 5 of 6 comparable event windows.	For short daytime calls with close contact, the same direction appeared in 5 of 6 comparable windows. The usual heart-rate difference was +7 beats per minute, with a range of +1 to +13 beats per minute.	The result leaves open what may have moved the heart rate, including caffeine timing, recent exercise, or unusual stress.	{"schema_version":2,"context_reference_id":"ctx_1a703f3a89c0a724","summary":"For short daytime calls with close contact, the same heart-rate pattern appeared in 5 of 6 comparable event windows.","paragraphs":[{"text":"For short daytime calls with close contact, the same direction appeared in 5 of 6 comparable windows.","citations":["canonical_context","consistent_count","included_count"]},{"text":"The usual heart-rate difference was +7 beats per minute, with a range of +1 to +13 beats per minute.","citations":["median_difference","effect_range"]}],"uncertainty":"The result leaves open what may have moved the heart rate, including caffeine timing, recent exercise, or unusual stress.","unresolved_influence_ids":["caffeine_timing","recent_exercise","unusual_stress"],"next_observation_id":null}
lora	190	supported	observe_next	true	false		For short daytime calls with close contact, the same heart-rate pattern appeared in 5 of 6 comparable windows. It stands out here.	For short daytime calls with close contact, 5 of 6 event windows moved in the same direction. Their usual heart-rate difference was +7 beats per minute. There were 11 event windows to review. 6 were usable, while 5 did not meet the data check.	For short daytime calls with close contact, the same heart-rate pattern appeared in 5 of 6 comparable event windows.	For short daytime calls with close contact, the same direction appeared in 5 of 6 comparable windows. The usual heart-rate difference was +7 beats per minute, with a range of +1 to +13 beats per minute.	The result does not explain why heart-rate changed, and other windows were left out.	{"schema_version":2,"context_reference_id":"ctx_1a703f3a89c0a724","summary":"For short daytime calls with close contact, the same heart-rate pattern appeared in 5 of 6 comparable event windows.","paragraphs":[{"text":"For short daytime calls with close contact, the same direction appeared in 5 of 6 comparable windows.","citations":["canonical_context","consistent_count","included_count"]},{"text":"The usual heart-rate difference was +7 beats per minute, with a range of +1 to +13 beats per minute.","citations":["median_difference","effect_range"]}],"uncertainty":"The result does not explain why heart-rate changed, and other windows were left out.","unresolved_influence_ids":["caffeine_timing","recent_exercise","unusual_stress"],"next_observation_id":"log_context"}
lora	191	supported	promotion_gate	true	false		For short daytime calls with close contact, the same heart-rate pattern appeared in 5 of 6 comparable windows. It stands out here.	For short daytime calls with close contact, 5 of 6 event windows moved in the same direction. Their usual heart-rate difference was +7 beats per minute. There were 11 event windows to review. 6 were usable, while 5 did not meet the data check.	For short daytime calls with close contact, the same heart-rate pattern appeared in 5 of 6 comparable event windows.	For short daytime calls with close contact, the same direction appeared in 5 of 6 comparable windows. The usual heart-rate difference was +7 beats per minute, with a range of +1 to +13 beats per minute.	The result cannot capture why a heart-rate change happened, and other windows were left out.	{"schema_version":2,"context_reference_id":"ctx_1a703f3a89c0a724","summary":"For short daytime calls with close contact, the same heart-rate pattern appeared in 5 of 6 comparable event windows.","paragraphs":[{"text":"For short daytime calls with close contact, the same direction appeared in 5 of 6 comparable windows.","citations":["canonical_context","consistent_count","included_count"]},{"text":"The usual heart-rate difference was +7 beats per minute, with a range of +1 to +13 beats per minute.","citations":["median_difference","effect_range"]}],"uncertainty":"The result cannot capture why a heart-rate change happened, and other windows were left out.","unresolved_influence_ids":["caffeine_timing","recent_exercise","unusual_stress"],"next_observation_id":"log_context"}
lora	192	supported	explain	true	false		For group planning meetings, the same heart-rate pattern appeared in 4 of 4 comparable windows. It stands out here.	For group planning meetings, 4 of 4 event windows moved in the same direction. Their usual heart-rate difference was +8 beats per minute. There were 6 event windows to review. 4 were usable, while 2 did not meet the data check.	For group planning meetings, there was a repeated heart-rate pattern. It stands out here.	For group planning meetings, 4 of 4 comparable event windows showed the same direction. The usual heart-rate difference was +8 beats per minute. This appeared in 4 of 4 comparable windows.	The result does not explain why heart-rate changed, and other windows were left out.	{"schema_version":2,"context_reference_id":"ctx_33df82af3b590de3","summary":"For group planning meetings, there was a repeated heart-rate pattern. It stands out here.","paragraphs":[{"text":"For group planning meetings, 4 of 4 comparable event windows showed the same direction.","citations":["canonical_context","consistent_count","included_count"]},{"text":"The usual heart-rate difference was +8 beats per minute. This appeared in 4 of 4 comparable windows.","citations":["median_difference","consistent_count","control_count"]}],"uncertainty":"The result does not explain why heart-rate changed, and other windows were left out.","unresolved_influence_ids":["caffeine_timing","recent_exercise","unusual_stress"],"next_observation_id":"log_context"}
lora	193	supported	what_weakens	true	false		For group planning meetings, the same heart-rate pattern appeared in 4 of 4 comparable windows. It stands out here.	For group planning meetings, 4 of 4 event windows moved in the same direction. Their usual heart-rate difference was +8 beats per minute. There were 6 event windows to review. 4 were usable, while 2 did not meet the data check.	For group planning meetings, the same heart-rate pattern appeared in 4 of 4 comparable event windows.	For group planning meetings, the same direction appeared in 4 of 4 comparable windows. It stands out here. The usual heart-rate difference was +8 beats per minute. Data was available for 93% of what was needed.	The result cannot account for caffeine timing, recent exercise, or unusual stress.	{"schema_version":2,"context_reference_id":"ctx_33df82af3b590de3","summary":"For group planning meetings, the same heart-rate pattern appeared in 4 of 4 comparable event windows.","paragraphs":[{"text":"For group planning meetings, the same direction appeared in 4 of 4 comparable windows. It stands out here.","citations":["canonical_context","consistent_count","included_count"]},{"text":"The usual heart-rate difference was +8 beats per minute. Data was available for 93% of what was needed.","citations":["median_difference","completeness"]}],"uncertainty":"The result cannot account for caffeine timing, recent exercise, or unusual stress.","unresolved_influence_ids":["caffeine_timing","recent_exercise","unusual_stress"],"next_observation_id":"log_context"}
lora	194	supported	what_is_missing	true	false		For group planning meetings, the same heart-rate pattern appeared in 4 of 4 comparable windows. It stands out here.	For group planning meetings, the same direction appeared in 4 of 4 comparable event windows. The usual difference was +8 beats per minute. The check used 4 of 6 event windows after 2 were left out for missing or unreliable data.	For group planning meetings, there was a repeated heart-rate pattern, though some windows were left out.	For group planning meetings, 4 of 4 comparable event windows showed the same direction. The usual heart-rate difference was +8 beats per minute, with a range of +2 to +14 beats per minute.	The comparison cannot account for caffeine timing, recent exercise, or unusual stress.	{"schema_version":2,"context_reference_id":"ctx_33df82af3b590de3","summary":"For group planning meetings, there was a repeated heart-rate pattern, though some windows were left out.","paragraphs":[{"text":"For group planning meetings, 4 of 4 comparable event windows showed the same direction.","citations":["canonical_context","consistent_count","included_count"]},{"text":"The usual heart-rate difference was +8 beats per minute, with a range of +2 to +14 beats per minute.","citations":["median_difference","effect_range"]}],"uncertainty":"The comparison cannot account for caffeine timing, recent exercise, or unusual stress.","unresolved_influence_ids":["caffeine_timing","recent_exercise","unusual_stress"],"next_observation_id":null}
lora	195	supported	what_disagrees	true	false		For group planning meetings, the same heart-rate pattern appeared in 4 of 4 comparable windows. It stands out here.	For group planning meetings, 4 of 4 comparable event windows showed the same direction. The usual heart-rate difference was +8 beats per minute. Out of 6 event windows checked, 4 could be compared and 2 were left out for data quality.	For group planning meetings, there was a repeated heart-rate pattern.	For group planning meetings, across 4 comparable event windows, the usual heart-rate difference was +8 beats per minute. The same direction appeared in 4 of 4, while 0 event windows did not match.	The result leaves open what may have moved the heart rate, including caffeine timing, recent exercise, or unusual stress.	{"schema_version":2,"context_reference_id":"ctx_33df82af3b590de3","summary":"For group planning meetings, there was a repeated heart-rate pattern.","paragraphs":[{"text":"For group planning meetings, across 4 comparable event windows, the usual heart-rate difference was +8 beats per minute.","citations":["canonical_context","included_count","median_difference"]},{"text":"The same direction appeared in 4 of 4, while 0 event windows did not match.","citations":["consistent_count","counter_count"]}],"uncertainty":"The result leaves open what may have moved the heart rate, including caffeine timing, recent exercise, or unusual stress.","unresolved_influence_ids":["caffeine_timing","recent_exercise","unusual_stress"],"next_observation_id":null}
lora	196	supported	observe_next	true	false		For group planning meetings, the same heart-rate pattern appeared in 4 of 4 comparable windows. It stands out here.	For group planning meetings, the same direction appeared in 4 of 4 comparable event windows. The usual difference was +8 beats per minute. The check used 4 of 6 event windows after 2 were left out for missing or unreliable data.	For group planning meetings, the same heart-rate pattern appeared in 4 of 4 comparable event windows.	For group planning meetings, the same direction appeared in 4 of 4 comparable windows. It stands out here. The usual heart-rate difference was +8 beats per minute. Data was available for 93% of what was needed.	The result does not explain why heart rate changed, and other windows matter.	{"schema_version":2,"context_reference_id":"ctx_33df82af3b590de3","summary":"For group planning meetings, the same heart-rate pattern appeared in 4 of 4 comparable event windows.","paragraphs":[{"text":"For group planning meetings, the same direction appeared in 4 of 4 comparable windows. It stands out here.","citations":["canonical_context","consistent_count","included_count"]},{"text":"The usual heart-rate difference was +8 beats per minute. Data was available for 93% of what was needed.","citations":["median_difference","completeness"]}],"uncertainty":"The result does not explain why heart rate changed, and other windows matter.","unresolved_influence_ids":["caffeine_timing","recent_exercise","unusual_stress"],"next_observation_id":"log_context"}
lora	197	supported	promotion_gate	true	false		For group planning meetings, the same heart-rate pattern appeared in 4 of 4 comparable windows. It stands out here.	For group planning meetings, 4 of 4 event windows moved in the same direction. Their usual heart-rate difference was +8 beats per minute. There were 6 event windows to review. 4 were usable, while 2 did not meet the data check.	For group planning meetings, there was a repeated heart-rate pattern, though it needs more comparable windows.	For group planning meetings, across 4 comparable event windows, the usual heart-rate difference was +8 beats per minute. The same direction appeared in 4 of 4, while 0 event windows did not match.	The comparison leaves open what caffeine timing, recent exercise, or unusual stress may have played a role.	{"schema_version":2,"context_reference_id":"ctx_33df82af3b590de3","summary":"For group planning meetings, there was a repeated heart-rate pattern, though it needs more comparable windows.","paragraphs":[{"text":"For group planning meetings, across 4 comparable event windows, the usual heart-rate difference was +8 beats per minute.","citations":["canonical_context","included_count","median_difference"]},{"text":"The same direction appeared in 4 of 4, while 0 event windows did not match.","citations":["consistent_count","counter_count"]}],"uncertainty":"The comparison leaves open what caffeine timing, recent exercise, or unusual stress may have played a role.","unresolved_influence_ids":["caffeine_timing","recent_exercise","unusual_stress"],"next_observation_id":"log_context"}
lora	198	supported	explain	true	false		For pre-sleep social and video screen use, the same heart-rate pattern appeared in 11 of 12 comparable windows. It stands out here.	For pre-sleep social and video screen use, 11 of 12 comparable event windows showed the same direction. The usual heart-rate difference was +7 beats per minute. Out of 12 event windows checked, 12 could be compared and 0 were left out for data quality.	For pre-sleep social and video screen use, the same heart-rate pattern appeared in 11 of 12 comparable event windows.	For pre-sleep social and video screen use, the same direction appeared in 11 of 12 comparable windows. The usual heart-rate difference was +7 beats per minute, with a range of +3 to +11 beats per minute.	The result cannot capture why a heart rate changed, and other windows were left out.	{"schema_version":2,"context_reference_id":"ctx_837d48011e49df37","summary":"For pre-sleep social and video screen use, the same heart-rate pattern appeared in 11 of 12 comparable event windows.","paragraphs":[{"text":"For pre-sleep social and video screen use, the same direction appeared in 11 of 12 comparable windows.","citations":["canonical_context","consistent_count","included_count"]},{"text":"The usual heart-rate difference was +7 beats per minute, with a range of +3 to +11 beats per minute.","citations":["median_difference","effect_range"]}],"uncertainty":"The result cannot capture why a heart rate changed, and other windows were left out.","unresolved_influence_ids":["caffeine_timing","recent_exercise","unusual_stress"],"next_observation_id":"log_context"}
lora	199	supported	what_weakens	true	false		For pre-sleep social and video screen use, the same heart-rate pattern appeared in 11 of 12 comparable windows. It stands out here.	For pre-sleep social and video screen use, 11 of 12 event windows moved in the same direction. Their usual heart-rate difference was +7 beats per minute. There were 12 event windows to review. 12 were usable, while 0 did not meet the data check.	For pre-sleep social and video screen use, the same heart-rate pattern appeared in 11 of 12 comparable event windows.	For pre-sleep social and video screen use, the same direction appeared in 11 of 12 comparable windows. The usual difference was +7 beats per minute, with a range of +3 to +11 beats per minute.	The result leaves open what may have moved the heart rate, including caffeine timing, recent exercise, or unusual stress.	{"schema_version":2,"context_reference_id":"ctx_837d48011e49df37","summary":"For pre-sleep social and video screen use, the same heart-rate pattern appeared in 11 of 12 comparable event windows.","paragraphs":[{"text":"For pre-sleep social and video screen use, the same direction appeared in 11 of 12 comparable windows.","citations":["canonical_context","consistent_count","included_count"]},{"text":"The usual difference was +7 beats per minute, with a range of +3 to +11 beats per minute.","citations":["median_difference","effect_range"]}],"uncertainty":"The result leaves open what may have moved the heart rate, including caffeine timing, recent exercise, or unusual stress.","unresolved_influence_ids":["caffeine_timing","recent_exercise","unusual_stress"],"next_observation_id":"log_context"}
lora	200	supported	what_is_missing	true	false		For pre-sleep social and video screen use, the same heart-rate pattern appeared in 11 of 12 comparable windows. It stands out here.	For pre-sleep social and video screen use, the same direction appeared in 11 of 12 comparable event windows. The usual difference was +7 beats per minute. The check used 12 of 12 event windows after 0 were left out for missing or unreliable data.	For pre-sleep social and video screen use, the same heart-rate pattern appeared in 11 of 12 comparable event windows. More comparable windows are needed.	For pre-sleep social and video screen use, the same direction appeared in 11 of 12 comparable event windows. The usual heart-rate difference was +7 beats per minute, with a range of +3 to +11 beats per minute.	The comparison leaves out windows with missing or unreliable data, and does not account for caffeine timing, recent exercise, or unusual stress.	{"schema_version":2,"context_reference_id":"ctx_837d48011e49df37","summary":"For pre-sleep social and video screen use, the same heart-rate pattern appeared in 11 of 12 comparable event windows. More comparable windows are needed.","paragraphs":[{"text":"For pre-sleep social and video screen use, the same direction appeared in 11 of 12 comparable event windows.","citations":["canonical_context","consistent_count","included_count"]},{"text":"The usual heart-rate difference was +7 beats per minute, with a range of +3 to +11 beats per minute.","citations":["median_difference","effect_range"]}],"uncertainty":"The comparison leaves out windows with missing or unreliable data, and does not account for caffeine timing, recent exercise, or unusual stress.","unresolved_influence_ids":["caffeine_timing","recent_exercise","unusual_stress"],"next_observation_id":"log_context"}
lora	201	supported	what_disagrees	true	false		For pre-sleep social and video screen use, the same heart-rate pattern appeared in 11 of 12 comparable windows. It stands out here.	For pre-sleep social and video screen use, 11 of 12 comparable event windows showed the same direction. The usual heart-rate difference was +7 beats per minute. Out of 12 event windows checked, 12 could be compared and 0 were left out for data quality.	For pre-sleep social and video screen use, the same heart-rate pattern appeared in 11 of 12 comparable event windows.	For pre-sleep social and video screen use, the same direction appeared in 11 of 12 comparable windows. The usual difference was +7 beats per minute, with a range of +3 to +11 beats per minute.	The result does not explain why heart rate changed, and other windows were left out.	{"schema_version":2,"context_reference_id":"ctx_837d48011e49df37","summary":"For pre-sleep social and video screen use, the same heart-rate pattern appeared in 11 of 12 comparable event windows.","paragraphs":[{"text":"For pre-sleep social and video screen use, the same direction appeared in 11 of 12 comparable windows.","citations":["canonical_context","consistent_count","included_count"]},{"text":"The usual difference was +7 beats per minute, with a range of +3 to +11 beats per minute.","citations":["median_difference","effect_range"]}],"uncertainty":"The result does not explain why heart rate changed, and other windows were left out.","unresolved_influence_ids":["caffeine_timing","recent_exercise","unusual_stress"],"next_observation_id":"log_context"}
lora	202	supported	observe_next	true	false		For pre-sleep social and video screen use, the same heart-rate pattern appeared in 11 of 12 comparable windows. It stands out here.	For pre-sleep social and video screen use, 11 of 12 event windows moved in the same direction. Their usual heart-rate difference was +7 beats per minute. There were 12 event windows to review. 12 were usable, while 0 did not meet the data check.	For pre-sleep social and video screen use, the same heart-rate pattern appeared in 11 of 12 comparable event windows.	For pre-sleep social and video screen use, the same direction appeared in 11 of 12 comparable windows. The usual heart-rate difference was +7 beats per minute, with a range of +3 to +11 beats per minute.	The result does not explain why heart rate changed, and other windows were left out.	{"schema_version":2,"context_reference_id":"ctx_837d48011e49df37","summary":"For pre-sleep social and video screen use, the same heart-rate pattern appeared in 11 of 12 comparable event windows.","paragraphs":[{"text":"For pre-sleep social and video screen use, the same direction appeared in 11 of 12 comparable windows.","citations":["canonical_context","consistent_count","included_count"]},{"text":"The usual heart-rate difference was +7 beats per minute, with a range of +3 to +11 beats per minute.","citations":["median_difference","effect_range"]}],"uncertainty":"The result does not explain why heart rate changed, and other windows were left out.","unresolved_influence_ids":["caffeine_timing","recent_exercise","unusual_stress"],"next_observation_id":"log_context"}
lora	203	supported	promotion_gate	true	false		For pre-sleep social and video screen use, the same heart-rate pattern appeared in 11 of 12 comparable windows. It stands out here.	For pre-sleep social and video screen use, 11 of 12 event windows moved in the same direction. Their usual heart-rate difference was +7 beats per minute. There were 12 event windows to review. 12 were usable, while 0 did not meet the data check.	For pre-sleep social and video screen use, the same heart-rate pattern appeared in 11 of 12 comparable event windows.	For pre-sleep social and video screen use, the same direction appeared in 11 of 12 comparable windows. The usual heart-rate difference was +7 beats per minute, with a range of +3 to +11 beats per minute.	The result cannot rule out other daily patterns, including caffeine timing, recent exercise, or unusual stress.	{"schema_version":2,"context_reference_id":"ctx_837d48011e49df37","summary":"For pre-sleep social and video screen use, the same heart-rate pattern appeared in 11 of 12 comparable event windows.","paragraphs":[{"text":"For pre-sleep social and video screen use, the same direction appeared in 11 of 12 comparable windows.","citations":["canonical_context","consistent_count","included_count"]},{"text":"The usual heart-rate difference was +7 beats per minute, with a range of +3 to +11 beats per minute.","citations":["median_difference","effect_range"]}],"uncertainty":"The result cannot rule out other daily patterns, including caffeine timing, recent exercise, or unusual stress.","unresolved_influence_ids":["caffeine_timing","recent_exercise","unusual_stress"],"next_observation_id":"log_context"}
lora	204	supported	explain	true	false		For late playlist listening sessions, the same heart-rate pattern appeared in 8 of 10 comparable windows. It stands out here.	For late playlist listening sessions, the same direction appeared in 8 of 10 comparable event windows. The usual difference was -11 beats per minute. The check used 10 of 11 event windows after 1 were left out for missing or unreliable data.	For late playlist listening sessions, there was no clear repeated heart-rate pattern.	For late playlist listening sessions, across 10 comparable event windows, the usual heart-rate difference was -11 beats per minute. The same direction appeared in 8 of 10, while 2 event windows did not match.	The result does not explain why heart-rate changed, and caffeine timing, recent exercise, or unusual stress may still matter.	{"schema_version":2,"context_reference_id":"ctx_07c2362d3a540e2e","summary":"For late playlist listening sessions, there was no clear repeated heart-rate pattern.","paragraphs":[{"text":"For late playlist listening sessions, across 10 comparable event windows, the usual heart-rate difference was -11 beats per minute.","citations":["canonical_context","included_count","median_difference"]},{"text":"The same direction appeared in 8 of 10, while 2 event windows did not match.","citations":["consistent_count","counter_count"]}],"uncertainty":"The result does not explain why heart-rate changed, and caffeine timing, recent exercise, or unusual stress may still matter.","unresolved_influence_ids":["caffeine_timing","recent_exercise","unusual_stress"],"next_observation_id":null}
lora	205	supported	what_weakens	true	false		For late playlist listening sessions, the same heart-rate pattern appeared in 8 of 10 comparable windows. It stands out here.	For late playlist listening sessions, 8 of 10 comparable event windows showed the same direction. The usual heart-rate difference was -11 beats per minute. Out of 11 event windows checked, 10 could be compared and 1 were left out for data quality.	For late playlist listening sessions, there was no clear repeated heart-rate pattern.	For late playlist listening sessions, the usual heart-rate difference was -11 beats per minute. It appeared in 8 of 10 comparable event windows. The same direction appeared in 8 of 10 event windows, though 2 did not match.	The result does not explain why heart rate changed, and other windows may matter.	{"schema_version":2,"context_reference_id":"ctx_07c2362d3a540e2e","summary":"For late playlist listening sessions, there was no clear repeated heart-rate pattern.","paragraphs":[{"text":"For late playlist listening sessions, the usual heart-rate difference was -11 beats per minute. It appeared in 8 of 10 comparable event windows.","citations":["canonical_context","consistent_count","median_difference"]},{"text":"The same direction appeared in 8 of 10 event windows, though 2 did not match.","citations":["canonical_context","consistent_count","counter_count"]}],"uncertainty":"The result does not explain why heart rate changed, and other windows may matter.","unresolved_influence_ids":["caffeine_timing","recent_exercise","unusual_stress"],"next_observation_id":null}
lora	206	supported	what_is_missing	true	false		For late playlist listening sessions, the same heart-rate pattern appeared in 8 of 10 comparable windows. It stands out here.	For late playlist listening sessions, 8 of 10 comparable event windows showed the same direction. The usual heart-rate difference was -11 beats per minute. Out of 11 event windows checked, 10 could be compared and 1 were left out for data quality.	For late playlist listening sessions, there was no clear repeated heart-rate pattern.	For late playlist listening sessions, across 10 comparable event windows, the usual heart-rate difference was -11 beats per minute. The same direction appeared in 8 of 10, while 2 event windows did not match.	The result does not explain why heart-rate changed, and caffeine timing, recent exercise, or unusual stress may still matter.	{"schema_version":2,"context_reference_id":"ctx_07c2362d3a540e2e","summary":"For late playlist listening sessions, there was no clear repeated heart-rate pattern.","paragraphs":[{"text":"For late playlist listening sessions, across 10 comparable event windows, the usual heart-rate difference was -11 beats per minute.","citations":["canonical_context","included_count","median_difference"]},{"text":"The same direction appeared in 8 of 10, while 2 event windows did not match.","citations":["consistent_count","counter_count"]}],"uncertainty":"The result does not explain why heart-rate changed, and caffeine timing, recent exercise, or unusual stress may still matter.","unresolved_influence_ids":["caffeine_timing","recent_exercise","unusual_stress"],"next_observation_id":null}
lora	207	supported	what_disagrees	true	false		For late playlist listening sessions, the same heart-rate pattern appeared in 8 of 10 comparable windows. It stands out here.	For late playlist listening sessions, 8 of 10 event windows moved in the same direction. Their usual heart-rate difference was -11 beats per minute. There were 11 event windows to review. 10 were usable, while 1 did not meet the data check.	For late playlist listening sessions, the same heart-rate pattern appeared in 8 of 10 comparable event windows.	For late playlist listening sessions, the same direction appeared in 8 of 10 comparable windows, with a usual difference of -11 beats per minute. The data compares 10 of 11 checked event windows, though 1 was left out for missing or unreliable data.	The result does not explain why heart-rate changed, and other daily windows matter.	{"schema_version":2,"context_reference_id":"ctx_07c2362d3a540e2e","summary":"For late playlist listening sessions, the same heart-rate pattern appeared in 8 of 10 comparable event windows.","paragraphs":[{"text":"For late playlist listening sessions, the same direction appeared in 8 of 10 comparable windows, with a usual difference of -11 beats per minute.","citations":["canonical_context","consistent_count","median_difference"]},{"text":"The data compares 10 of 11 checked event windows, though 1 was left out for missing or unreliable data.","citations":["included_count","candidate_count","excluded_count"]}],"uncertainty":"The result does not explain why heart-rate changed, and other daily windows matter.","unresolved_influence_ids":["caffeine_timing","recent_exercise","unusual_stress"],"next_observation_id":"log_context"}
lora	208	supported	observe_next	true	false		For late playlist listening sessions, the same heart-rate pattern appeared in 8 of 10 comparable windows. It stands out here.	For late playlist listening sessions, 8 of 10 event windows moved in the same direction. Their usual heart-rate difference was -11 beats per minute. There were 11 event windows to review. 10 were usable, while 1 did not meet the data check.	For late playlist listening sessions, there was no clear repeated heart-rate pattern.	For late playlist listening sessions, the same direction appeared in 8 of 10 comparable event windows. The usual heart-rate difference was -11 beats per minute, with a range of -16 to -6 beats per minute.	The comparison leaves some context unmeasured, including caffeine timing, recent exercise, and unusual stress.	{"schema_version":2,"context_reference_id":"ctx_07c2362d3a540e2e","summary":"For late playlist listening sessions, there was no clear repeated heart-rate pattern.","paragraphs":[{"text":"For late playlist listening sessions, the same direction appeared in 8 of 10 comparable event windows.","citations":["canonical_context","consistent_count","included_count"]},{"text":"The usual heart-rate difference was -11 beats per minute, with a range of -16 to -6 beats per minute.","citations":["median_difference","effect_range"]}],"uncertainty":"The comparison leaves some context unmeasured, including caffeine timing, recent exercise, and unusual stress.","unresolved_influence_ids":["caffeine_timing","recent_exercise","unusual_stress"],"next_observation_id":"log_context"}
lora	209	supported	promotion_gate	true	false		For late playlist listening sessions, the same heart-rate pattern appeared in 8 of 10 comparable windows. It stands out here.	For late playlist listening sessions, 8 of 10 comparable event windows showed the same direction. The usual heart-rate difference was -11 beats per minute. Out of 11 event windows checked, 10 could be compared and 1 were left out for data quality.	For late playlist listening sessions, there was a repeated heart-rate pattern, though it needs more comparable windows.	For late playlist listening sessions, the same direction appeared in 8 of 10 comparable event windows. The usual heart-rate difference was -11 beats per minute, with a range of -16 to -6 beats per minute.	The comparison cannot account for caffeine timing, recent exercise, or unusual stress.	{"schema_version":2,"context_reference_id":"ctx_07c2362d3a540e2e","summary":"For late playlist listening sessions, there was a repeated heart-rate pattern, though it needs more comparable windows.","paragraphs":[{"text":"For late playlist listening sessions, the same direction appeared in 8 of 10 comparable event windows.","citations":["canonical_context","consistent_count","included_count"]},{"text":"The usual heart-rate difference was -11 beats per minute, with a range of -16 to -6 beats per minute.","citations":["median_difference","effect_range"]}],"uncertainty":"The comparison cannot account for caffeine timing, recent exercise, or unusual stress.","unresolved_influence_ids":["caffeine_timing","recent_exercise","unusual_stress"],"next_observation_id":null}
